spec_kind,spec_id,outcome,predictor,coef,std_error,t_stat,p_value_norm_approx,ci_low_95,ci_high_95,lag,lead
baseline,twfe_l1_srv,SRV_score,DCLO_score_lag1,0.4179794371537194,0.3683432583818839,1.1347552253023037,0.2564778912231486,-0.3039733492747731,1.1399322235822118,1,0
baseline,twfe_l1_srv,SRV_score,model_trust_tier_numeric_lag1,0.0,0.0,,,0.0,0.0,1,0
robustness,twfe_l2_outcome,SRV_score,DCLO_score_lag2,0.15523604151489528,0.27992238127738184,0.5545681656697117,0.5791900685987045,-0.39341182578877315,0.7038839088185638,2,0
robustness,twfe_l2_outcome,SRV_score,model_trust_tier_numeric_lag2,0.0,0.0,,,0.0,0.0,2,0
robustness,twfe_l1_srv_no_control,SRV_score,DCLO_score_lag1,0.4179794371537194,0.3679617530921714,1.1359317473656534,0.25598513025274583,-0.3032255989069365,1.1391844732143752,1,0
robustness,pooled_l1,SRV_score,DCLO_score_lag1,1.7130713799917237,0.5566213099781552,3.077624498528369,0.0020865765828665755,0.6220936124345395,2.8040491475489078,1,0
robustness,pooled_l1,SRV_score,model_trust_tier_numeric_lag1,-0.022058005217184228,0.04873992253433527,-0.45256545497472367,0.650861678586993,-0.11758825338448134,0.0734722429501129,1,0
placebo,placebo_permuted_l1,SRV_score,DCLO_score_lag1,-0.013015799456148204,0.04968325710201866,-0.26197556712962294,0.7933402791173959,-0.11039498337610476,0.08436338446380837,1,0
placebo,placebo_permuted_l1,SRV_score,model_trust_tier_numeric_lag1,0.0,0.0,,,0.0,0.0,1,0
