spec_kind,spec_id,outcome,lag,lead,entity_fixed_effects,time_fixed_effects,n_obs,n_entities,n_years,n_clusters,k_regressors,df_residual,df_absorbed_fe,r2_within,r2_adjusted,f_statistic,residual_std,durbin_watson,ss_residual,ss_total
baseline,twfe_l1_srv,SRV_score,1,0,True,True,484,48,11,48,2,425,57,0.03645821752893652,0.03245180679101112,8.040514034617564,0.19222692009468376,1.4479731096557253,17.847424194789475,18.522729911118784
robustness,twfe_l2_outcome,SRV_score,2,0,True,True,436,48,10,48,2,378,56,0.003548404168068009,-0.001054143618684611,0.6730365936189133,0.19872291663654312,1.5059193846308305,17.178496954492495,17.239670272342995
robustness,twfe_l1_srv_no_control,SRV_score,1,0,True,True,484,48,11,48,1,426,57,0.03645821752893652,0.03445916818771033,16.118865782339213,0.19222692009468376,1.4479731096557253,17.847424194789475,18.522729911118784
robustness,pooled_l1,SRV_score,1,0,False,False,484,48,11,48,2,482,0,0.2985237278784246,0.29560698662220186,102.56115748735036,0.7440829879861746,0.5111178581464979,267.41753512403943,381.2210701229426
placebo,placebo_permuted_l1,SRV_score,1,0,True,True,483,48,11,48,2,424,57,0.00021272772156066821,-0.0039530525795994365,0.045107872665838315,0.19559150023125024,1.4363175234567314,18.43940885202678,18.443332260076453
