spec_kind,spec_id,outcome,predictor,coef,std_error,t_stat,p_value_norm_approx,ci_low_95,ci_high_95,lag,lead
baseline,twfe_l1_srv,SRV_score,DCLO_score_lag1,0.6181236795412137,0.09895105298504313,6.246762019143402,4.1904878344409005e-10,0.4241796156905292,0.8120677433918982,1,0
baseline,twfe_l1_srv,SRV_score,model_trust_tier_numeric_lag1,0.2986378441404325,0.1446744053729289,2.0642064736373396,0.03899814399074972,0.015076009609491847,0.5821996786713731,1,0
robustness,twfe_l2_outcome,SRV_score,DCLO_score_lag2,0.3030467679181547,0.09550215740272608,3.173192901184705,0.001507723126117638,0.11586253940881161,0.4902309964274978,2,0
robustness,twfe_l2_outcome,SRV_score,model_trust_tier_numeric_lag2,0.18296006132817563,0.07977600645891264,2.29342216349732,0.021823711841681116,0.02659908866870686,0.3393210339876444,2,0
robustness,twfe_l1_srv_no_control,SRV_score,DCLO_score_lag1,0.48076262334684794,0.12030762972431083,3.9961108405886843,6.439159435557603e-05,0.2449596690871987,0.7165655776064972,1,0
robustness,pooled_l1,SRV_score,DCLO_score_lag1,1.0011989102108105,0.024265819229227603,41.259637713153744,0.0,0.9536379045215244,1.0487599159000967,1,0
robustness,pooled_l1,SRV_score,model_trust_tier_numeric_lag1,0.4809358948510377,0.1958086230218041,2.45615278545462,0.01404334370842144,0.09715099372830166,0.8647207959737737,1,0
placebo,placebo_future_predictor,SRV_score,DCLO_score_lead1,0.5367513641679368,0.06937983234519433,7.736417717145369,1.0225711074776057e-14,0.4007668927713559,0.6727358355645177,0,1
placebo,placebo_future_predictor,SRV_score,model_trust_tier_numeric_lead1,0.5148805040096116,0.031144706738811378,16.531878380732564,2.1629679305844022e-61,0.45383687880154133,0.5759241292176819,0,1
