spec_kind,spec_id,outcome,lag,lead,entity_fixed_effects,time_fixed_effects,n_obs,n_entities,n_years,n_clusters,k_regressors,df_residual,df_absorbed_fe,r2_within,r2_adjusted,f_statistic,residual_std,durbin_watson,ss_residual,ss_total
baseline,twfe_l1_out,OUT_score,1,0,True,True,526,48,11,48,2,467,57,0.05983359758180218,0.056238314972172354,14.860289624704402,0.1391054513756754,1.056025146486926,10.158921466275958,10.805450439567124
robustness,twfe_l2_outcome,OUT_score,2,0,True,True,478,48,10,48,2,420,56,0.03329678345485465,0.029226454122033063,7.233165676751354,0.1358744475310136,1.051073901136252,8.806309839616347,9.109631259000874
robustness,twfe_l1_out_no_control,OUT_score,1,0,True,True,526,48,11,48,1,468,57,0.05983359758180207,0.0580393868901643,29.784220746730817,0.13910545137567543,1.0560251464869257,10.15892146627596,10.805450439567124
robustness,pooled_l1,OUT_score,1,0,False,False,526,48,11,48,2,524,0,0.04141382403062732,0.03774810251640415,11.319192961500663,0.5283205165101788,0.994726820418009,146.5393482869306,152.8702916446112
placebo,placebo_permuted_l1,OUT_score,1,0,True,True,525,48,11,48,2,466,57,8.325953026178112e-05,-0.003747839092227645,0.019401085876291628,0.14692251592572103,0.871010321668325,11.311182259434524,11.312124101573485
