economy,iso3c,year,region,subregion,population,independent,ACC_score,SKL_score,SRV_score,AGR_score,ECO_score,OUT_score,DCLO_score,n_domains_used,n_indicators_selected,observed_indicator_points,expected_indicator_points_year,coverage_ratio,DCLO_score_confidence_weighted,model_trust_tier
Afghanistan,AFG,2014,"Middle East, North Africa, Afghanistan & Pakistan","Middle East, North Africa, Afghanistan & Pakistan (excluding high income)",,,-0.40721357672417496,0.124620898011727,-0.5142441015276739,-0.6302978647652852,-0.31002152447279857,-1.0650015189973094,-0.46702628141258584,6,18,14,18,0.7777777777777778,-0.46702628141258584,Medium
Africa Eastern and Southern,AFE,2014,Aggregates,,,,-0.3355484640429068,-0.04870713885726008,-0.5717456947506367,-0.27605882037824064,-0.39632336361546244,-0.9876484089922511,-0.4360053151061263,6,18,16,18,0.8888888888888888,-0.4360053151061263,High
Africa Western and Central,AFW,2014,Aggregates,,,,-0.2048094041175901,-0.13578165112128202,-0.6592002617411613,0.10170226648417426,-0.2862445822091628,-1.0970170106672479,-0.38022510722871167,6,18,14,18,0.7777777777777778,-0.38022510722871167,Medium
Albania,ALB,2014,Europe & Central Asia,Europe & Central Asia (excluding high income),,,0.3074543248223776,0.7901200845215212,0.09163891727228508,0.9485606294082954,-0.28487282370423445,-0.9210854552657651,0.15530261284241328,6,18,16,18,0.8888888888888888,0.15530261284241328,High
Algeria,DZA,2014,"Middle East, North Africa, Afghanistan & Pakistan","Middle East, North Africa, Afghanistan & Pakistan (excluding high income)",,,0.09973462261143817,0.524927822701115,0.027477454306337596,-0.051302521956755144,-0.40977224991621425,-0.9305034638091244,-0.12323972267720047,6,18,14,18,0.7777777777777778,-0.12323972267720047,Medium
American Samoa,ASM,2014,East Asia & Pacific,,,,0.18333303745660964,0.5444236536007291,-0.12360314203967833,1.4873449145805842,0.24567252864923453,-0.8373508628935765,0.24997002155898382,6,18,7,18,0.3888888888888889,0.24997002155898382,Low
Andorra,AND,2014,Europe & Central Asia,,,,0.5442989836388019,0.3742397165548375,0.29067295243362423,1.49745729589001,-0.2757384912126615,-0.8601388384027686,0.26179860315030723,6,18,13,18,0.7222222222222222,0.26179860315030723,Medium
Angola,AGO,2014,Sub-Saharan Africa ,Sub-Saharan Africa (excluding high income),,,-0.3427382835434596,0.42364689620294177,-0.3943072298546865,-0.21049512537608914,-0.33783413521973465,-0.9614321336716397,-0.30386000191044465,6,18,13,18,0.7222222222222222,-0.30386000191044465,Medium
Antigua and Barbuda,ATG,2014,Latin America & Caribbean ,,,,0.5454181062609534,0.6995639973399883,0.10532109697870917,1.3896143052996088,0.11679281533315533,-0.867807136526174,0.3314838641143735,6,18,12,18,0.6666666666666666,0.3314838641143735,Medium
Arab World,ARB,2014,Aggregates,,,,0.1491715571975485,0.262512443573714,-0.08439913835545687,0.5553500418011362,-0.23723565590137083,-1.0602709890004876,-0.06914529011415275,6,18,14,18,0.7777777777777778,-0.06914529011415275,Medium
Argentina,ARG,2014,Latin America & Caribbean ,Latin America & Caribbean (excluding high income),,,0.589597088416764,0.9044374522279292,0.036728437928271594,1.2235482501052226,-0.6230592212792839,-0.9011166768255165,0.20502255509556444,6,18,15,18,0.8333333333333334,0.20502255509556444,High
Armenia,ARM,2014,Europe & Central Asia,Europe & Central Asia (excluding high income),,,0.3398163266238641,0.5730315811329131,0.11385237621019983,0.8200971434492811,-0.2798000059331994,-1.0010304599569715,0.09432782692101449,6,18,15,18,0.8333333333333334,0.09432782692101449,High
Aruba,ABW,2014,Latin America & Caribbean ,,,,0.6855958559888449,0.4102877117575649,-0.10747032913801291,1.3896143052996088,0.2039426928302466,-0.944715079995205,0.2728758594571745,6,18,9,18,0.5,0.2728758594571745,Low
Australia,AUS,2014,East Asia & Pacific,,,,0.5628205687628567,0.5444236536007291,0.3020486538386447,1.3896143052996088,-0.5071839977722611,-0.8538994195990227,0.23963729402175918,6,18,12,18,0.6666666666666666,0.23963729402175918,Medium
Austria,AUT,2014,Europe & Central Asia,,,,0.827428433848861,0.8744337231756418,0.2907058191379456,1.549296815426042,-0.12431694558529538,-0.8947489883392071,0.4204664762773313,6,18,15,18,0.8333333333333334,0.4204664762773313,High
Azerbaijan,AZE,2014,Europe & Central Asia,Europe & Central Asia (excluding high income),,,0.4773808338918492,0.49063080683239035,0.10794095548410787,0.6859606715627923,-0.33404666523488485,-0.9992425428498702,0.07143734328106412,6,18,16,18,0.8888888888888888,0.07143734328106412,High
"Bahamas, The",BHS,2014,Latin America & Caribbean ,,,,0.32185694488480254,0.55134394382352,0.024575553617343315,1.3896143052996088,-0.26831699472094334,-0.8554547867410722,0.1939364943605432,6,18,12,18,0.6666666666666666,0.1939364943605432,Medium
Bahrain,BHR,2014,"Middle East, North Africa, Afghanistan & Pakistan",,,,0.9088603022208878,0.6655102122329798,0.22629839092896006,1.2539549270011656,0.22466685475778492,-1.1099237315478743,0.36156115926565063,6,18,15,18,0.8333333333333334,0.36156115926565063,High
Bangladesh,BGD,2014,South Asia,South Asia,,,-0.23054815210795956,0.23238701375273318,-0.5220410010030708,0.03891355648742947,-0.46812652184644815,-1.08566888438545,-0.339180664850461,6,18,15,18,0.8333333333333334,-0.339180664850461,High
Barbados,BRB,2014,Latin America & Caribbean ,,,,0.5106906834133453,0.8564469136356955,0.05526801079661899,1.3896143052996088,-0.3006204139984869,-0.8769104443259934,0.2724148424701314,6,18,12,18,0.6666666666666666,0.2724148424701314,Medium
Belarus,BLR,2014,Europe & Central Asia,Europe & Central Asia (excluding high income),,,0.4989773355148868,0.9715962010000175,0.2648863476965973,0.8856948543677597,-0.07557173946550844,-0.9185176530146837,0.27117755768317825,6,18,15,18,0.8333333333333334,0.27117755768317825,High
Belgium,BEL,2014,Europe & Central Asia,,,,0.6660927927492148,1.203012474734826,0.3019722196425485,1.8363843697342146,0.22302255463243903,-0.8874545401168499,0.5571716452293988,6,18,16,18,0.8888888888888888,0.5571716452293988,High
Belize,BLZ,2014,Latin America & Caribbean ,Latin America & Caribbean (excluding high income),,,-0.23309301251767053,0.3858701477641826,-0.09571230388411849,1.6718508887413994,-0.09696370770950773,-0.9354698583852042,0.11608035900151349,6,18,14,18,0.7777777777777778,0.11608035900151349,Medium
Benin,BEN,2014,Sub-Saharan Africa ,Sub-Saharan Africa (excluding high income),,,-0.27062978371711083,0.15342427621565155,-0.6643657544494649,0.029747721621164087,-0.3495690726629919,-1.0361518739787807,-0.35625741449525544,6,18,14,18,0.7777777777777778,-0.35625741449525544,Medium
Bermuda,BMU,2014,North America,,,,0.7333436042404644,0.4764000753272047,-0.0765209001914613,1.3896143052996088,-0.3222746287494973,-0.8477653729261426,0.22546618050002945,6,18,11,18,0.6111111111111112,0.22546618050002945,Medium
Bhutan,BTN,2014,South Asia,South Asia,,,-0.057751282157906904,0.5044533560930845,-0.1372853217461024,0.30716266440728374,-0.19820471351200783,-1.0270680903030047,-0.10144889786977561,6,18,13,18,0.7222222222222222,-0.10144889786977561,Medium
Bolivia,BOL,2014,Latin America & Caribbean ,Latin America & Caribbean (excluding high income),,,0.027656913120249437,0.537772334048731,-0.13812518069280924,0.1107886470681703,-0.22058424634284493,-1.0124965764594598,-0.11583135154299386,6,18,14,18,0.7777777777777778,-0.11583135154299386,Medium
Bosnia and Herzegovina,BIH,2014,Europe & Central Asia,Europe & Central Asia (excluding high income),,,0.21911191078305917,0.6370673936771315,-0.09977371132789437,1.138108713568604,-0.19611804540265032,-0.9865194940563246,0.11864612787365424,6,18,15,18,0.8333333333333334,0.11864612787365424,High
Botswana,BWA,2014,Sub-Saharan Africa ,Sub-Saharan Africa (excluding high income),,,0.42110633880900794,0.4546853202068137,-0.287939721014685,0.7541045121651796,-0.0039766127051587,-0.9052969656572754,0.0721138119673137,6,18,14,18,0.7777777777777778,0.0721138119673137,Medium
Brazil,BRA,2014,Latin America & Caribbean ,Latin America & Caribbean (excluding high income),,,0.4934284313113404,0.715857845663158,0.0007210524892397782,1.4269513872407096,-0.6262637669835174,-0.9205368265397104,0.18169302053020334,6,18,17,18,0.9444444444444444,0.18169302053020334,High
British Virgin Islands,VGB,2014,Latin America & Caribbean ,,,,0.6040866715965142,0.5842973167332188,-0.09953554237285811,1.3896143052996088,-0.29218090975674343,-0.9624454727019044,0.2039727281329727,6,18,6,18,0.3333333333333333,0.2039727281329727,Low
Brunei Darussalam,BRN,2014,East Asia & Pacific,,,,0.35345535601118483,0.5237010911398052,0.04233167597570309,1.6718508887413994,-0.16100068799511202,-0.8810701972793571,0.2582113544322706,6,18,14,18,0.7777777777777778,0.2582113544322706,Medium
Bulgaria,BGR,2014,Europe & Central Asia,,,,0.4965114318871732,0.846852382400506,0.10691215120465103,1.537550020054163,0.05094518538510462,-0.966200463407359,0.3454284512540398,6,18,14,18,0.7777777777777778,0.3454284512540398,Medium
Burkina Faso,BFA,2014,Sub-Saharan Africa ,Sub-Saharan Africa (excluding high income),,,-0.3355596054327996,-0.3700749671492807,-0.6485525893558745,0.38681984753794313,-0.40243636360213814,-1.3194981661900023,-0.4482169740320254,6,18,15,18,0.8333333333333334,-0.4482169740320254,High
Burundi,BDI,2014,Sub-Saharan Africa ,Sub-Saharan Africa (excluding high income),,,-0.6109788278532576,-0.1384194611833652,-0.6903387057565751,-0.2650693805953209,-0.29933082435083536,-1.0686953699859352,-0.5121387616208816,6,18,14,18,0.7777777777777778,-0.5121387616208816,Medium
Cabo Verde,CPV,2014,Sub-Saharan Africa ,Sub-Saharan Africa (excluding high income),,,0.2231242807502751,0.46424087289043703,-0.138012363819371,1.0965079493965866,-0.20258359852188856,-0.9173763474603284,0.08765013220595176,6,18,14,18,0.7777777777777778,0.08765013220595176,Medium
Cambodia,KHM,2014,East Asia & Pacific,East Asia & Pacific (excluding high income),,,0.12005186748807228,0.49904616563326815,-0.5170206501350701,0.10301109934324411,0.04113427414646927,-0.9490338063248792,-0.11713517497481592,6,18,13,18,0.7222222222222222,-0.11713517497481592,Medium
Cameroon,CMR,2014,Sub-Saharan Africa ,Sub-Saharan Africa (excluding high income),,,-0.21671367550802553,0.20727589318964643,-0.5570518373933985,-0.19878992701552775,-0.44438490920683305,-1.2668951158824238,-0.4127599286360937,6,18,15,18,0.8333333333333334,-0.4127599286360937,High
Canada,CAN,2014,North America,,,,0.4705196385231771,0.8526530434732035,0.26121139154828465,1.5431469668568065,-0.36399734793599564,-0.8578419210140015,0.31761529524191245,6,18,15,18,0.8333333333333334,0.31761529524191245,High
Caribbean small states,CSS,2014,Aggregates,,,,0.18172596478341618,0.4205228131764282,-0.010222577099822217,1.3896143052996088,-0.29218090975674343,-0.898988651918662,0.13174515741403764,6,18,11,18,0.6111111111111112,0.13174515741403764,Medium
Cayman Islands,CYM,2014,Latin America & Caribbean ,,,,0.8546779744241361,0.5444236536007291,-0.09114948811395047,1.3896143052996088,-0.3035881849967219,-0.9539157571237967,0.2400104171816675,6,18,7,18,0.3888888888888889,0.2400104171816675,Low
Central African Republic,CAF,2014,Sub-Saharan Africa ,Sub-Saharan Africa (excluding high income),,,-0.5841434633656845,0.5444236536007291,-0.8100436760786062,-0.6658994375005555,-0.4431848185262847,-1.0256264174989427,-0.49741235989489074,6,18,12,18,0.6666666666666666,-0.49741235989489074,Medium
Central Europe and the Baltics,CEB,2014,Aggregates,,,,0.4317978503118944,0.8708695110990464,0.2543444754046355,1.6718508887413994,-0.005492914260213588,-0.9433587747595066,0.3800018394228759,6,18,14,18,0.7777777777777778,0.3800018394228759,Medium
Chad,TCD,2014,Sub-Saharan Africa ,Sub-Saharan Africa (excluding high income),,,-0.5523277573457123,-0.1038615133628012,-0.7218208810499184,-0.711596709979004,-0.5327958824894796,-1.1023333107297935,-0.620789342492785,6,18,15,18,0.8333333333333334,-0.620789342492785,High
Channel Islands,CHI,2014,Europe & Central Asia,,,,0.18333303745660964,0.5444236536007291,-0.0677399868755199,0.7664256844579834,-0.2926618717382251,-0.9417027692326624,0.032012957944819155,6,18,3,18,0.16666666666666666,0.032012957944819155,Low
Chile,CHL,2014,Latin America & Caribbean ,,,,0.49826591603780995,0.8819801724971906,0.2231645888890095,1.8190494151693224,-0.3628026021639263,-0.9596547519888889,0.35000045640675287,6,18,15,18,0.8333333333333334,0.35000045640675287,High
China,CHN,2014,East Asia & Pacific,East Asia & Pacific (excluding high income),,,0.1685845685064654,0.5729891065631728,-0.06514519878644087,0.7254143545918098,-0.460347771797798,-1.0989509318220716,-0.026242645457477048,6,18,14,18,0.7777777777777778,-0.026242645457477048,Medium
Colombia,COL,2014,Latin America & Caribbean ,Latin America & Caribbean (excluding high income),,,0.3389633640084356,0.7309579170098908,-0.037968867495989676,1.0007577252716746,-0.521748146778236,-0.9967975903059653,0.085694066951635,6,18,17,18,0.9444444444444444,0.085694066951635,High
Comoros,COM,2014,Sub-Saharan Africa ,Sub-Saharan Africa (excluding high income),,,-0.42040430124359424,0.10430635792857297,-0.6321816074991727,-0.2518923189879748,-0.5337352231432345,-1.0708940403419536,-0.46746685554789275,6,18,16,18,0.8888888888888888,-0.46746685554789275,High
"Congo, Dem. Rep.",COD,2014,Sub-Saharan Africa ,Sub-Saharan Africa (excluding high income),,,-0.4875197751359064,0.23518437096423472,-0.6773522301030201,-0.6993651970037859,-0.2912232841100348,-1.0658673667347405,-0.49769058035387553,6,18,14,18,0.7777777777777778,-0.49769058035387553,Medium
"Congo, Rep.",COG,2014,Sub-Saharan Africa ,Sub-Saharan Africa (excluding high income),,,-0.13731032733502999,0.5444236536007291,-0.5193271284364737,-0.26969550544943194,-0.10031365192089348,-1.0601944071840652,-0.2570695611208609,6,18,13,18,0.7222222222222222,-0.2570695611208609,Medium
Costa Rica,CRI,2014,Latin America & Caribbean ,,,,0.5201525801464832,0.7634956438208415,0.11985567083999978,1.712337266437374,-0.35522752708918665,-0.9397931841598789,0.3034700749992721,6,18,16,18,0.8888888888888888,0.3034700749992721,High
Cote d'Ivoire,CIV,2014,Sub-Saharan Africa ,Sub-Saharan Africa (excluding high income),,,-0.1721633515948885,-0.2256085949643407,-0.553654795982092,0.1562790822968477,-0.4003174323079515,-0.9426957328330223,-0.3563601375642412,6,18,15,18,0.8333333333333334,-0.3563601375642412,High
Croatia,HRV,2014,Europe & Central Asia,,,,0.43574983355155195,0.8045110520673942,0.2859057516230944,1.7543107027523872,-0.24368998346185047,-0.9199298499858148,0.35280958442446037,6,18,16,18,0.8888888888888888,0.35280958442446037,High
Cuba,CUB,2014,Latin America & Caribbean ,Latin America & Caribbean (excluding high income),,,-0.47975034205921624,0.589058060927385,-0.0030269747505410707,0.3829055769606729,-0.5256659672302707,-0.8731638360761415,-0.15160724703801862,6,18,13,18,0.7222222222222222,-0.15160724703801862,Medium
Curacao,CUW,2014,Latin America & Caribbean ,,,,0.35346415410027726,0.5444236536007291,-0.10043180975628396,1.3896143052996088,0.2158507735150147,-0.9464833547217589,0.24273962033959787,6,18,7,18,0.3888888888888889,0.24273962033959787,Low
Cyprus,CYP,2014,Europe & Central Asia,,,,0.6177617501166464,0.6714876921954138,0.26467493071019454,1.5464991938510446,0.03166721541725851,-0.9291066116493889,0.36716402844019486,6,18,15,18,0.8333333333333334,0.36716402844019486,High
Czechia,CZE,2014,Europe & Central Asia,,,,0.6699304212198235,0.8192167681678001,0.2990677201908867,1.544287103768547,0.21466385723367679,-0.9206751819298128,0.43774844810848695,6,18,15,18,0.8333333333333334,0.43774844810848695,High
Denmark,DNK,2014,Europe & Central Asia,,,,0.8539443155083134,1.071495578903755,0.29828809139070406,1.5445834604422028,-0.12739768648033659,-0.8765078326788013,0.4607343211809729,6,18,15,18,0.8333333333333334,0.4607343211809729,High
Djibouti,DJI,2014,"Middle East, North Africa, Afghanistan & Pakistan","Middle East, North Africa, Afghanistan & Pakistan (excluding high income)",,,-0.504392222643044,0.5444236536007291,-0.62476076426857,0.040112120765529,0.2612761540859668,-1.070950824618496,-0.22571531384631416,6,18,12,18,0.6666666666666666,-0.22571531384631416,Medium
Dominica,DMA,2014,Latin America & Caribbean ,Latin America & Caribbean (excluding high income),,,0.311559437767746,0.5624085146259187,-0.06091456603250763,1.3896143052996088,-0.2954910258769268,-0.8788781978724888,0.1713830779852251,6,18,11,18,0.6111111111111112,0.1713830779852251,Medium
Dominican Republic,DOM,2014,Latin America & Caribbean ,Latin America & Caribbean (excluding high income),,,0.048786923052329956,0.583425314081817,-0.051162174084181555,0.6857758133134545,-0.39357602684653936,-0.9161640046295408,-0.00715235918544338,6,18,17,18,0.9444444444444444,-0.00715235918544338,High
Early-demographic dividend,EAR,2014,Aggregates,,,,0.026150963364134878,0.30200918723229647,-0.29968240052502976,0.2981610830014489,-0.4194116864866079,-1.0844376150236024,-0.19620174473955998,6,18,14,18,0.7777777777777778,-0.19620174473955998,Medium
East Asia & Pacific,EAS,2014,Aggregates,,,,0.21458715177454024,0.600380281717323,-0.1658703244282763,1.4085505684906536,-0.36867257087873107,-1.1126895844010705,0.09604758704573983,6,18,16,18,0.8888888888888888,0.09604758704573983,High
East Asia & Pacific (IDA & IBRD countries),TEA,2014,Aggregates,,,,0.16500222051707963,0.5714171434942418,-0.18727130399255085,0.7529549112583336,-0.4198410000208345,-1.085083992752861,-0.03380367024943191,6,18,15,18,0.8333333333333334,-0.03380367024943191,High
East Asia & Pacific (excluding high income),EAP,2014,Aggregates,,,,0.15487306440367815,0.5717326468185154,-0.19194701001008108,0.7529494669931637,-0.4198354862778944,-1.0850574975392047,-0.036214135935303836,6,18,15,18,0.8333333333333334,-0.036214135935303836,High
Ecuador,ECU,2014,Latin America & Caribbean ,Latin America & Caribbean (excluding high income),,,0.18345626341294907,0.6759971709762017,0.0020873901786582585,0.8828547683245755,-0.3768867222837285,-0.9484513182870212,0.06984292538693913,6,18,16,18,0.8888888888888888,0.06984292538693913,High
"Egypt, Arab Rep.",EGY,2014,"Middle East, North Africa, Afghanistan & Pakistan","Middle East, North Africa, Afghanistan & Pakistan (excluding high income)",,,0.041764670186483804,0.37403696117301277,0.09779370447874795,0.3293933411245303,-0.5439230925772055,-1.0942258676923216,-0.13252671388445872,6,18,15,18,0.8333333333333334,-0.13252671388445872,High
El Salvador,SLV,2014,Latin America & Caribbean ,Latin America & Caribbean (excluding high income),,,0.31964449975265546,0.3649908869546727,-0.08814730575967777,0.6020179763660906,-0.28133935264225746,-1.0290248000763929,-0.01864301590081822,6,18,15,18,0.8333333333333334,-0.01864301590081822,High
Equatorial Guinea,GNQ,2014,Sub-Saharan Africa ,Sub-Saharan Africa (excluding high income),,,-0.45170910248865587,0.5444236536007291,-0.5388883207698449,-0.27081481458255563,-0.14637607099470643,-1.060659288570524,-0.3206706573009263,6,18,12,18,0.6666666666666666,-0.3206706573009263,Medium
Eritrea,ERI,2014,Sub-Saharan Africa ,Sub-Saharan Africa (excluding high income),,,-0.7121626531821111,0.07512441623846929,-0.5934854199098635,0.7664256844579834,-0.29218090975674343,-1.0035959817696993,-0.29331247732032745,6,18,10,18,0.5555555555555556,-0.29331247732032745,Low
Estonia,EST,2014,Europe & Central Asia,,,,0.8067632556836785,0.8842356052489343,0.2627767638843375,1.817129992773846,0.23343727672829992,-0.8662830878949874,0.5230099677373515,6,18,16,18,0.8888888888888888,0.5230099677373515,High
Eswatini,SWZ,2014,Sub-Saharan Africa ,Sub-Saharan Africa (excluding high income),,,-0.13773775014037107,0.4390497751885014,-0.45200052541017616,0.3020069193002108,-0.19550066729768303,-0.9199177990950265,-0.1606833412424241,6,18,14,18,0.7777777777777778,-0.1606833412424241,Medium
Ethiopia,ETH,2014,Sub-Saharan Africa ,Sub-Saharan Africa (excluding high income),,,-0.5627573094648147,0.336125352971915,-0.647950899364204,-0.01760006991925182,-0.47773746685297497,-0.970001715570235,-0.3899870180332609,6,18,13,18,0.7222222222222222,-0.3899870180332609,Medium
Euro area,EMU,2014,Aggregates,,,,0.43659875766384726,0.8485163061917701,0.29855544126079964,1.3896143052996088,-0.2508575444469868,-0.900223128952543,0.30370068950274937,6,18,12,18,0.6666666666666666,0.30370068950274937,Medium
Europe & Central Asia,ECS,2014,Aggregates,,,,0.5598858792801745,0.8863987013957763,0.20510767556694243,1.4997600126760406,-0.278828971476575,-0.9195147331859398,0.3254680940427365,6,18,16,18,0.8888888888888888,0.3254680940427365,High
Europe & Central Asia (IDA & IBRD countries),TEC,2014,Aggregates,,,,0.44908092056864835,0.848451656222928,0.13060238554756975,1.7329645404080802,-0.37317455816005446,-0.9529928514523412,0.3058220155224718,6,18,16,18,0.8888888888888888,0.3058220155224718,High
Europe & Central Asia (excluding high income),ECA,2014,Aggregates,,,,0.26303330234691513,0.7952504461200677,0.08629339819450466,1.4995114636107625,-0.35895843994458804,-0.9793742150267853,0.2176259925501461,6,18,16,18,0.8888888888888888,0.2176259925501461,High
European Union,EUU,2014,Aggregates,,,,0.43988061730687317,0.8407957514437805,0.28685609053825034,1.3896143052996088,-0.23371475492427465,-0.9076652944070238,0.3026277858762025,6,18,12,18,0.6666666666666666,0.3026277858762025,Medium
Faroe Islands,FRO,2014,Europe & Central Asia,,,,0.759591507007471,0.5444236536007291,-0.06779511121774444,1.3896143052996088,-0.0822595475147155,-0.9403968217189527,0.2671963309093994,6,18,8,18,0.4444444444444444,0.2671963309093994,Low
Fiji,FJI,2014,East Asia & Pacific,East Asia & Pacific (excluding high income),,,0.038442584109007916,0.7195822474050494,-0.38186603575608286,0.6151812870053519,-0.05032313839493078,-0.8519977899487609,0.014836525736605785,6,18,14,18,0.7777777777777778,0.014836525736605785,Medium
Finland,FIN,2014,Europe & Central Asia,,,,0.8136496585215477,1.2196710122238863,0.28876439055709857,1.5502027001972063,-0.3169153365532536,-0.8522624587063611,0.45051832770668737,6,18,15,18,0.8333333333333334,0.45051832770668737,High
France,FRA,2014,Europe & Central Asia,,,,0.6074414596421844,0.765452166102739,0.2858751779446563,1.5480897763947266,-0.38598633689824774,-0.877030580749306,0.32397361040612543,6,18,15,18,0.8333333333333334,0.32397361040612543,High
French Polynesia,PYF,2014,East Asia & Pacific,,,,0.268723456873434,0.5444236536007291,-0.06428653702749436,1.4962583900971111,-0.42670349114957457,-0.9418103082556013,0.14610086068976735,6,18,9,18,0.5,0.14610086068976735,Low
Gabon,GAB,2014,Sub-Saharan Africa ,Sub-Saharan Africa (excluding high income),,,0.3682012554044369,0.5444236536007291,-0.11806884763712572,0.4552146417019081,-0.3128342264983294,-1.0177208345711222,-0.013464059666583891,6,18,11,18,0.6111111111111112,-0.013464059666583891,Medium
"Gambia, The",GMB,2014,Sub-Saharan Africa ,Sub-Saharan Africa (excluding high income),,,-0.04334653198705848,0.5444236536007291,-0.660178994924091,0.20883527078455658,-0.440096480964239,-1.0598493620597647,-0.24170207425831125,6,18,12,18,0.6666666666666666,-0.24170207425831125,Medium
Georgia,GEO,2014,Europe & Central Asia,Europe & Central Asia (excluding high income),,,0.4965578757426639,0.7744764503881959,-0.06332132599918956,1.1241249566949327,-0.15863730498672432,-1.0096201637956028,0.19393008134071263,6,18,17,18,0.9444444444444444,0.19393008134071263,High
Germany,DEU,2014,Europe & Central Asia,,,,0.7316508675761005,0.7877149710350954,0.3007339856657873,1.5554561219999243,-0.28642665237020604,-0.890326260611642,0.3664671722158433,6,18,15,18,0.8333333333333334,0.3664671722158433,High
Ghana,GHA,2014,Sub-Saharan Africa ,Sub-Saharan Africa (excluding high income),,,-0.003680483121414594,0.22718537094545457,-0.5476378960653868,-0.2894896317297743,-0.37614522178462145,-0.9796623814787223,-0.32823837387241084,6,18,15,18,0.8333333333333334,-0.32823837387241084,High
Gibraltar,GIB,2014,Europe & Central Asia,,,,0.4494119298277533,0.5444236536007291,-0.061196608216103066,1.5561220444500126,-0.29218090975674343,-0.9458402456000353,0.20845664405093553,6,18,6,18,0.3333333333333333,0.20845664405093553,Low
Greece,GRC,2014,Europe & Central Asia,,,,0.47358367551151703,1.1266948890606343,0.30885129729122013,1.547463996997543,-0.35351549532317206,-0.9113227678787812,0.36529259927649355,6,18,15,18,0.8333333333333334,0.36529259927649355,High
Greenland,GRL,2014,Europe & Central Asia,,,,0.40954612523338557,0.5444236536007291,-0.1372584169090767,1.3896143052996088,-0.20133106033875647,-0.8267124555179811,0.1963803585613182,6,18,9,18,0.5,0.1963803585613182,Low
Grenada,GRD,2014,Latin America & Caribbean ,Latin America & Caribbean (excluding high income),,,0.2671191445152004,0.6476896232002651,-0.02546499735658699,1.4929300544827164,-0.26191465038922673,-0.8792958927557087,0.20684388028277648,6,18,12,18,0.6666666666666666,0.20684388028277648,Medium
Guam,GUM,2014,East Asia & Pacific,,,,0.3054625368942916,0.5444236536007291,-0.10018737319716782,1.5482665902196224,-0.27486342070766717,-0.8436197959026245,0.19658036515119726,6,18,9,18,0.5,0.19658036515119726,Low
Guatemala,GTM,2014,Latin America & Caribbean ,Latin America & Caribbean (excluding high income),,,0.036991234375418514,0.15295548618375113,-0.3777231494592683,0.6038115944167642,-0.4182776108322102,-1.0368207973038597,-0.17317720710323406,6,18,17,18,0.9444444444444444,-0.17317720710323406,High
Guinea,GIN,2014,Sub-Saharan Africa ,Sub-Saharan Africa (excluding high income),,,-0.28839261706383484,-0.29268681468305896,-0.7002603230150587,-0.27142024601701137,-0.29065843002577596,-0.9950440274376232,-0.47307707637372715,6,18,15,18,0.8333333333333334,-0.47307707637372715,High
Guinea-Bissau,GNB,2014,Sub-Saharan Africa ,Sub-Saharan Africa (excluding high income),,,-0.38266011239952374,0.5444236536007291,-0.6865029320596756,0.06233630526030679,-0.49568555215948534,-1.0227957313510727,-0.33014739485145356,6,18,12,18,0.6666666666666666,-0.33014739485145356,Medium
Guyana,GUY,2014,Latin America & Caribbean ,,,,-0.09368974282306992,0.5444236536007291,-0.017386055697594476,0.4230825157221512,-0.29711559275850846,-0.9207935098225303,-0.06024645529647049,6,18,11,18,0.6111111111111112,-0.06024645529647049,Medium
Haiti,HTI,2014,Latin America & Caribbean ,Latin America & Caribbean (excluding high income),,,-0.32247119865242674,0.5444236536007291,-0.6476876599928482,-0.30339126456662563,-0.5049129517460745,-0.9215182528271998,-0.35925961236407433,6,18,12,18,0.6666666666666666,-0.35925961236407433,Medium
Heavily indebted poor countries (HIPC),HPC,2014,Aggregates,,,,-0.13608845621951393,-0.12439417715777086,-0.6101353248562377,-0.1753281300296229,-0.396101680089272,-1.015768502896351,-0.4096360452081281,6,18,14,18,0.7777777777777778,-0.4096360452081281,Medium
Honduras,HND,2014,Latin America & Caribbean ,Latin America & Caribbean (excluding high income),,,-0.11362988004534107,0.17732875824221747,-0.33641963857272,0.36923808522800966,-0.06422182295037737,-1.1289112596937294,-0.18276929296532343,6,18,17,18,0.9444444444444444,-0.18276929296532343,High
"Hong Kong SAR, China",HKG,2014,East Asia & Pacific,,,,0.9002472403180665,0.8300527479963993,-0.05310130963914569,1.5534533240657822,0.24098785086131638,-0.9424390550474078,0.4215334664258352,6,18,11,18,0.6111111111111112,0.4215334664258352,Medium
Hungary,HUN,2014,Europe & Central Asia,,,,0.5804123174698491,0.7310759558028543,0.21720669617169064,1.7698231407471035,0.25798798997358413,-0.920545753222728,0.43932672449039223,6,18,16,18,0.8888888888888888,0.43932672449039223,High
IBRD only,IBD,2014,Aggregates,,,,0.09863233169109635,0.5188918889827626,-0.1812209599048292,0.8965144238986448,-0.43191809857829105,-1.073316648848609,-0.028736177126537605,6,18,16,18,0.8888888888888888,-0.028736177126537605,High
IDA & IBRD total,IBT,2014,Aggregates,,,,-0.0005303917187285586,0.35533727050810726,-0.275180876497983,0.26295399132427233,-0.4335193107913025,-1.0746070273793848,-0.19425772409250322,6,18,16,18,0.8888888888888888,-0.19425772409250322,High
IDA blend,IDB,2014,Aggregates,,,,-0.2485632343534305,-0.07524004554079959,-0.5265059780230149,-0.2899581401767137,-0.281255882973255,-1.0929753831589777,-0.41908311070436516,6,18,15,18,0.8333333333333334,-0.41908311070436516,High
IDA only,IDX,2014,Aggregates,,,,-0.323751215128695,-0.05844620000113789,-0.5652487668911116,-0.35429029930509875,-0.40019713179718114,-1.05527411906829,-0.459534622031919,6,18,16,18,0.8888888888888888,-0.459534622031919,High
IDA total,IDA,2014,Aggregates,,,,-0.2971600771793194,-0.06197218156731332,-0.5515108484832197,-0.32203842386005394,-0.28384025848597333,-1.29153403848248,-0.46800930467639335,6,18,16,18,0.8888888888888888,-0.46800930467639335,High
Iceland,ISL,2014,Europe & Central Asia,,,,0.7494141267748766,0.9916584620930307,0.31809983501887923,1.54138291712538,-0.17692681622383874,-0.8414866980759769,0.4303569711187251,6,18,15,18,0.8333333333333334,0.4303569711187251,High
India,IND,2014,South Asia,South Asia,,,-0.2599242434626203,0.3639727711233747,-0.35334216958845305,0.3477870808044861,-0.4344504865048589,-1.0878633138295946,-0.23730339357627764,6,18,14,18,0.7777777777777778,-0.23730339357627764,Medium
Indonesia,IDN,2014,East Asia & Pacific,East Asia & Pacific (excluding high income),,,0.10100715831979097,0.5049089905907241,-0.2439098023533799,0.4527988628344093,-0.4540449281750057,-1.1212083183891581,-0.12674133952876987,6,18,17,18,0.9444444444444444,-0.12674133952876987,High
"Iran, Islamic Rep.",IRN,2014,"Middle East, North Africa, Afghanistan & Pakistan","Middle East, North Africa, Afghanistan & Pakistan (excluding high income)",,,0.02076153623180158,0.6498809027383087,0.13492299104808206,0.5362629687595689,-0.4723734082520134,-1.0804807459757766,-0.0351709592416715,6,18,16,18,0.8888888888888888,-0.0351709592416715,High
Iraq,IRQ,2014,"Middle East, North Africa, Afghanistan & Pakistan","Middle East, North Africa, Afghanistan & Pakistan (excluding high income)",,,-0.11886001036176426,0.5249940426986165,-0.014596971882038531,0.2881046558363505,-0.35477629076729283,-1.102089076951698,-0.1295372752379711,6,18,12,18,0.6666666666666666,-0.1295372752379711,Medium
Ireland,IRL,2014,Europe & Central Asia,,,,0.550714539420123,0.926003262744628,0.3023543906230303,1.4761367809367079,0.2820151352362052,-0.8624671429545976,0.4457928276676828,6,18,15,18,0.8333333333333334,0.4457928276676828,High
Isle of Man,IMN,2014,Europe & Central Asia,,,,0.18333303745660964,0.5444236536007291,-0.0765209001914613,1.537338443733817,-0.26986375894454523,-0.9361793386012626,0.1637551895089811,6,18,5,18,0.2777777777777778,0.1637551895089811,Low
Israel,ISR,2014,"Middle East, North Africa, Afghanistan & Pakistan",,,,0.590347118657458,0.7417094650456065,0.31993425572519196,1.5535692160349506,-0.38055472085436187,-0.9443236010206971,0.31344695559802477,6,18,15,18,0.8333333333333334,0.31344695559802477,High
Italy,ITA,2014,Europe & Central Asia,,,,0.6233499993360222,0.7470791183563538,0.29446638158588617,1.8150018269903565,-0.43788576059512946,-0.9106146897559636,0.3552328126529209,6,18,16,18,0.8888888888888888,0.3552328126529209,High
Jamaica,JAM,2014,Latin America & Caribbean ,Latin America & Caribbean (excluding high income),,,0.15856180909071269,0.5184310081784209,-0.0535940044671831,0.931992656349439,-0.302079458260003,-0.9571311628985061,0.04936347466548006,6,18,11,18,0.6111111111111112,0.04936347466548006,Medium
Japan,JPN,2014,East Asia & Pacific,,,,0.7174054235708548,0.7587684256664434,0.316387709026321,1.545593392962159,-0.5421400886731733,-0.8924322209876298,0.3172637735941625,6,18,15,18,0.8333333333333334,0.3172637735941625,High
Jordan,JOR,2014,"Middle East, North Africa, Afghanistan & Pakistan","Middle East, North Africa, Afghanistan & Pakistan (excluding high income)",,,0.30248867597297807,0.5340983988783831,0.027565200763456144,0.6126172826240301,-0.34222337070595615,-1.0574157239290904,0.012855077267300138,6,18,12,18,0.6666666666666666,0.012855077267300138,Medium
Kazakhstan,KAZ,2014,Europe & Central Asia,Europe & Central Asia (excluding high income),,,0.6922633025099848,0.669393965054844,0.13981172223040497,0.6166440890775532,-0.3550618415375634,-0.9447469732062714,0.13638404402149204,6,18,15,18,0.8333333333333334,0.13638404402149204,High
Kenya,KEN,2014,Sub-Saharan Africa ,Sub-Saharan Africa (excluding high income),,,-0.24038846850293485,0.5444236536007291,-0.6074433741958032,0.7269206368565689,-0.4734568803404355,-0.9498510737488309,-0.16663258438845108,6,18,12,18,0.6666666666666666,-0.16663258438845108,Medium
Kiribati,KIR,2014,East Asia & Pacific,East Asia & Pacific (excluding high income),,,-0.5603939226243394,0.5444236536007291,-0.618856681225303,0.05604556131417696,-0.12634193909927846,-0.8526448581866127,-0.2596280310367713,6,18,12,18,0.6666666666666666,-0.2596280310367713,Medium
"Korea, Dem. People's Rep.",PRK,2014,East Asia & Pacific,East Asia & Pacific (excluding high income),,,-0.41058779400116213,0.5444236536007291,-0.5619343009716414,0.7269473944836412,-0.29218090975674343,-1.0166810246591482,-0.16833549688405416,6,18,7,18,0.3888888888888889,-0.16833549688405416,Low
"Korea, Rep.",KOR,2014,East Asia & Pacific,,,,0.6944239690643083,0.9414874562804937,0.2921580688637765,1.546067425838814,-0.2181149768478771,-0.9730715357919978,0.38049173456791957,6,18,15,18,0.8333333333333334,0.38049173456791957,High
Kuwait,KWT,2014,"Middle East, North Africa, Afghanistan & Pakistan",,,,0.705801438629711,0.6653135680973766,0.2693339006990515,1.8383586278918027,-0.17610328784590382,-1.1075766949114825,0.3658545920934259,6,18,15,18,0.8333333333333334,0.3658545920934259,High
Kyrgyz Republic,KGZ,2014,Europe & Central Asia,Europe & Central Asia (excluding high income),,,0.1962806211966298,0.5826914847229852,-0.15171059470697554,0.05133708326000593,0.01617270266328293,-0.9962540395110367,-0.05024712372918474,6,18,16,18,0.8888888888888888,-0.05024712372918474,High
Lao PDR,LAO,2014,East Asia & Pacific,East Asia & Pacific (excluding high income),,,-0.2801994327654036,0.21129522985181812,-0.617722244886841,-0.4585783256446459,-0.1197415683011867,-1.007336692845171,-0.37871383909857165,6,18,15,18,0.8333333333333334,-0.37871383909857165,High
Late-demographic dividend,LTE,2014,Aggregates,,,,0.24439553310858786,0.6561626131353757,-0.06955417999493922,1.0597562741954738,-0.3950817705669654,-1.0715984993868808,0.07067999508177536,6,18,14,18,0.7777777777777778,0.07067999508177536,Medium
Latin America & Caribbean ,LCN,2014,Aggregates,,,,0.2904364693947445,0.6717579835777201,-0.05330021221752712,1.1586219036008287,-0.4981426581264092,-0.9542754823517665,0.10251633397959843,6,18,17,18,0.9444444444444444,0.10251633397959843,High
Latin America & Caribbean (excluding high income),LAC,2014,Aggregates,,,,0.28100911636287407,0.6519817159085081,-0.05926954720795937,1.087921334135783,-0.5177999316969178,-0.9271000102373641,0.08612377954415391,6,18,16,18,0.8888888888888888,0.08612377954415391,High
Latin America & the Caribbean (IDA & IBRD countries),TLA,2014,Aggregates,,,,0.30522655354610506,0.670174824429486,-0.054521463140698466,1.1535304027659594,-0.5037621150339016,-0.9288709376561624,0.1069628774851313,6,18,16,18,0.8888888888888888,0.1069628774851313,High
Latvia,LVA,2014,Europe & Central Asia,,,,0.5803298520689876,0.8887269609985138,0.15052550349723062,1.8056561727173595,0.05515631478443465,-0.917077198678987,0.4272196008979232,6,18,16,18,0.8888888888888888,0.4272196008979232,High
Least developed countries: UN classification,LDC,2014,Aggregates,,,,-0.3575791709987541,-0.0966552102428107,-0.5864832391038038,-0.2188266049880114,-0.41073996192782064,-1.0606322842982217,-0.45515274525990373,6,18,15,18,0.8333333333333334,-0.45515274525990373,High
Lebanon,LBN,2014,"Middle East, North Africa, Afghanistan & Pakistan","Middle East, North Africa, Afghanistan & Pakistan (excluding high income)",,,0.19964306334837667,0.3722309009737265,0.08611715807789226,0.945582974179653,-0.32433157438414384,-1.0324514752807579,0.04113184115245779,6,18,14,18,0.7777777777777778,0.04113184115245779,Medium
Lesotho,LSO,2014,Sub-Saharan Africa ,Sub-Saharan Africa (excluding high income),,,-0.020142528639014372,0.16212102759844574,-0.5128276230056162,-0.2379591291984057,0.01596221927699737,-0.9834316927046816,-0.2627129544453791,6,18,15,18,0.8333333333333334,-0.2627129544453791,High
Liberia,LBR,2014,Sub-Saharan Africa ,Sub-Saharan Africa (excluding high income),,,-0.325311740491865,0.20755157799495982,-0.69255743760086,0.38784294982693596,-0.3127399292246257,-1.1162673854618042,-0.3085803274928765,6,18,12,18,0.6666666666666666,-0.3085803274928765,Medium
Libya,LBY,2014,"Middle East, North Africa, Afghanistan & Pakistan","Middle East, North Africa, Afghanistan & Pakistan (excluding high income)",,,0.1431086310456193,0.5444236536007291,-0.13229630889850116,0.4174560107402277,-0.4530799213742626,-0.9607184265269528,-0.07351772690219009,6,18,10,18,0.5555555555555556,-0.07351772690219009,Low
Liechtenstein,LIE,2014,Europe & Central Asia,,,,0.7426769720202205,0.6909318158679,-0.06477434006698142,1.5561220444500126,-0.29218090975674343,-0.9424949344467525,0.28171344134460935,6,18,9,18,0.5,0.28171344134460935,Low
Lithuania,LTU,2014,Europe & Central Asia,,,,0.7324175040403201,0.8584926284176726,0.2344655376502478,1.489463794592874,0.14796224881914702,-0.910193843162265,0.42543464505966605,6,18,15,18,0.8333333333333334,0.42543464505966605,High
Low & middle income,LMY,2014,Aggregates,,,,0.06864904865382944,0.34837433258248085,-0.28769172466105875,0.1721714371401942,-0.4404040953368001,-1.1765206354152886,-0.21923693950610715,6,18,15,18,0.8333333333333334,-0.21923693950610715,High
Luxembourg,LUX,2014,Europe & Central Asia,,,,0.9049585863551212,0.6326669639007442,0.25773210694197807,1.5544247099215343,0.22963971106800096,-0.8939160788645092,0.4475843332204783,6,18,14,18,0.7777777777777778,0.4475843332204783,Medium
"Macao SAR, China",MAC,2014,East Asia & Pacific,,,,0.8075461765622256,0.8038133265919045,-0.058827759610684836,1.556076748332546,-0.07807237991594507,-0.9688233179181731,0.34361879900697884,6,18,11,18,0.6111111111111112,0.34361879900697884,Medium
Madagascar,MDG,2014,Sub-Saharan Africa ,Sub-Saharan Africa (excluding high income),,,-0.5332627831989403,-0.014464069057217236,-0.6634068110252401,-0.5190528955454701,-0.3868857905540444,-0.9156392499152582,-0.5054519332160284,6,18,15,18,0.8333333333333334,-0.5054519332160284,High
Malawi,MWI,2014,Sub-Saharan Africa ,Sub-Saharan Africa (excluding high income),,,-0.5536777011857804,-0.015271699081269574,-0.6659765286979996,0.015434689378979516,-0.28718332296211846,-0.9405273426567374,-0.40786698420082107,6,18,13,18,0.7222222222222222,-0.40786698420082107,Medium
Malaysia,MYS,2014,East Asia & Pacific,East Asia & Pacific (excluding high income),,,0.5759618379641421,0.4943108412912096,0.0704293450658997,1.7135473419337686,0.11415629732190913,-0.9552658691857646,0.3355232990651941,6,18,15,18,0.8333333333333334,0.3355232990651941,High
Maldives,MDV,2014,South Asia,South Asia,,,0.5432685563122094,0.3578645898047474,0.03747428281377981,1.0594717745227415,0.255308120408322,-0.9143603115310456,0.2231711687217924,6,18,15,18,0.8333333333333334,0.2231711687217924,High
Mali,MLI,2014,Sub-Saharan Africa ,Sub-Saharan Africa (excluding high income),,,0.10368451274660588,0.02483229566351704,-0.6996272950029886,0.39104543796193036,-0.4389530570875686,-1.0748076792283898,-0.28230429749114894,6,18,12,18,0.6666666666666666,-0.28230429749114894,Medium
Malta,MLT,2014,"Middle East, North Africa, Afghanistan & Pakistan",,,,0.6619020576109499,0.6156139088059036,0.2869758303684435,1.5557284599587586,0.2625184725529734,-0.8895055031023428,0.4155388710324477,6,18,15,18,0.8333333333333334,0.4155388710324477,High
Marshall Islands,MHL,2014,East Asia & Pacific,East Asia & Pacific (excluding high income),,,-0.48527373890871495,0.5444236536007291,-0.25633219363974385,0.6340814492253773,0.16324459425710758,-0.83460961686396,-0.03907764205486747,6,18,11,18,0.6111111111111112,-0.03907764205486747,Medium
Mauritania,MRT,2014,Sub-Saharan Africa ,Sub-Saharan Africa (excluding high income),,,-0.11641039994689961,0.1695025927276322,-0.3766889947860847,-0.003791684071251522,-0.19750429579917309,-1.1583794956815516,-0.28054537959288806,6,18,14,18,0.7777777777777778,-0.28054537959288806,Medium
Mauritius,MUS,2014,Sub-Saharan Africa ,Sub-Saharan Africa (excluding high income),,,0.36756511278086174,0.6360088799736375,0.015583987656960155,1.3896143052996088,0.09066694472548535,-0.9067276177231625,0.26545193545223184,6,18,14,18,0.7777777777777778,0.26545193545223184,Medium
Mexico,MEX,2014,Latin America & Caribbean ,Latin America & Caribbean (excluding high income),,,0.09258628905099357,0.5952783495700755,-0.0689684372751805,0.44265724253381517,-0.36937297087736237,-0.9555138241695603,-0.04388889186120317,6,18,16,18,0.8888888888888888,-0.04388889186120317,High
"Micronesia, Fed. Sts.",FSM,2014,East Asia & Pacific,East Asia & Pacific (excluding high income),,,0.06365624820586546,0.5444236536007291,-0.5785873250119385,1.1340278955898067,-0.12828989627850643,-0.8461877503332036,0.03150713762879213,6,18,10,18,0.5555555555555556,0.03150713762879213,Low
"Middle East, North Africa, Afghanistan & Pakistan",MEA,2014,Aggregates,,,,0.07306797040088536,0.16570763879601763,-0.1621533690652612,0.4746503484561672,-0.2910975816880626,-1.1505692301417996,-0.14839903720700887,6,18,17,18,0.9444444444444444,-0.14839903720700887,High
"Middle East, North Africa, Afghanistan & Pakistan (IDA & IBRD)",TMN,2014,Aggregates,,,,-0.015415398429081517,0.5444236536007291,-0.18235076255731433,-0.07559703932544022,-0.4568760618472429,-1.0914958657894485,-0.21288524572463308,6,18,13,18,0.7222222222222222,-0.21288524572463308,Medium
"Middle East, North Africa, Afghanistan & Pakistan (excluding high income)",MNA,2014,Aggregates,,,,-0.015923739438436963,0.5444236536007291,-0.18219857945550602,-0.04068314166873582,-0.45602862697175794,-1.0907810704920797,-0.2068652507376312,6,18,13,18,0.7222222222222222,-0.2068652507376312,Medium
Middle income,MIC,2014,Aggregates,,,,0.09721738599118679,0.4030859347551097,-0.25508813265862595,0.5174343727346885,-0.43937899507331996,-1.0858930915358325,-0.12710375429779888,6,18,14,18,0.7777777777777778,-0.12710375429779888,Medium
Moldova,MDA,2014,Europe & Central Asia,Europe & Central Asia (excluding high income),,,0.4133751556844542,0.8009130466916815,0.11239722198491749,0.5821478088897492,-0.1567593282477225,-0.9171292775549734,0.13915743790801774,6,18,17,18,0.9444444444444444,0.13915743790801774,High
Monaco,MCO,2014,Europe & Central Asia,,,,0.6692018848802146,0.5444236536007291,0.3258216761137096,1.5561220444500126,-0.2717479298788154,-0.90404793200898,0.31996223285947845,6,18,11,18,0.6111111111111112,0.31996223285947845,Medium
Mongolia,MNG,2014,East Asia & Pacific,East Asia & Pacific (excluding high income),,,0.01583265560046156,0.7169448449913443,-0.36116933700550424,0.4969633456154443,-0.05909963400753163,-1.080639056392747,-0.045194530199755466,6,18,14,18,0.7777777777777778,-0.045194530199755466,Medium
Montenegro,MNE,2014,Europe & Central Asia,Europe & Central Asia (excluding high income),,,0.7064816605125341,0.6952614988773491,0.02025105967060381,1.1683201970313808,-0.1359076795686529,-0.9544063008579345,0.25000007261088003,6,18,15,18,0.8333333333333334,0.25000007261088003,High
Morocco,MAR,2014,"Middle East, North Africa, Afghanistan & Pakistan","Middle East, North Africa, Afghanistan & Pakistan (excluding high income)",,,0.3794591992411633,0.3257962775844462,0.0007147848851599692,0.34670202296673275,-0.31946549075701325,-0.9341743179805534,-0.033494587343344095,6,18,14,18,0.7777777777777778,-0.033494587343344095,Medium
Mozambique,MOZ,2014,Sub-Saharan Africa ,Sub-Saharan Africa (excluding high income),,,-0.3152253342194694,-0.016313767537378305,-0.677170469584703,-0.45707784546845404,-0.020814750938052035,-1.171652085807015,-0.4430423755925119,6,18,16,18,0.8888888888888888,-0.4430423755925119,High
Myanmar,MMR,2014,East Asia & Pacific,East Asia & Pacific (excluding high income),,,-0.3523572498200264,0.36680066156243313,-0.5441155025724824,-0.4743960546104519,-0.2585289517649502,-1.0503222732330653,-0.38548656173975715,6,18,13,18,0.7222222222222222,-0.38548656173975715,Medium
Namibia,NAM,2014,Sub-Saharan Africa ,Sub-Saharan Africa (excluding high income),,,0.025286426005181013,0.3285284953430279,-0.4217906737450529,0.9275284353330027,-0.1119802465737774,-0.9246842946863508,-0.02951864305399493,6,18,14,18,0.7777777777777778,-0.02951864305399493,Medium
Naoero,NRU,2014,East Asia & Pacific,,,,0.18333303745660964,0.5030616603141124,-0.058125482216951595,0.42310689376118327,0.3122631565942375,-0.866481820684187,0.0828595742041674,6,18,9,18,0.5,0.0828595742041674,Low
Nepal,NPL,2014,South Asia,South Asia,,,-0.17906444211390327,0.2379303554366753,-0.46315059306832024,0.113429517894429,-0.4551812937376481,-1.0818265434144665,-0.3046438331672056,6,18,14,18,0.7777777777777778,-0.3046438331672056,Medium
Netherlands,NLD,2014,Europe & Central Asia,,,,0.7436812354162368,0.5444236536007291,0.3046015559882628,1.5559670722194479,0.17963250037198872,-0.8892254053415215,0.4065134353758573,6,18,13,18,0.7222222222222222,0.4065134353758573,Medium
New Caledonia,NCL,2014,East Asia & Pacific,,,,0.30752874673996905,0.5444236536007291,-0.09623878262683017,1.52562808760812,-0.39760871062487907,-0.9479251484041954,0.1559679743821523,6,18,8,18,0.4444444444444444,0.1559679743821523,Low
New Zealand,NZL,2014,East Asia & Pacific,,,,0.6256548312717766,0.9651255793185042,0.29049638944064177,1.5136277008355663,-0.42038405687039554,-0.86766835255122,0.3511420152408123,6,18,14,18,0.7777777777777778,0.3511420152408123,Medium
Nicaragua,NIC,2014,Latin America & Caribbean ,Latin America & Caribbean (excluding high income),,,0.0491069968464504,0.5571292001804965,-0.2984379578485194,0.4866985036527864,-0.08929386454098313,-0.9725834831067068,-0.04456343413607935,6,18,13,18,0.7222222222222222,-0.04456343413607935,Medium
Niger,NER,2014,Sub-Saharan Africa ,Sub-Saharan Africa (excluding high income),,,-0.5254821783030527,-0.26364631684310896,-0.6863963827903173,0.3839810598857157,-0.47497096675025396,-1.3525316395824059,-0.48650773739723724,6,18,14,18,0.7777777777777778,-0.48650773739723724,Medium
Nigeria,NGA,2014,Sub-Saharan Africa ,Sub-Saharan Africa (excluding high income),,,-0.20274577570387767,0.24523610221444722,-0.7136792633501267,-0.4469146167785636,-0.2819579672133814,-1.0965183969867272,-0.4160966529697048,6,18,13,18,0.7222222222222222,-0.4160966529697048,Medium
North America,NAC,2014,Aggregates,,,,0.47309416849029823,0.889794307118719,0.21953975361543962,1.5321159361762524,-0.5623491786122757,-0.8676688041039656,0.2807543637807446,6,18,15,18,0.8333333333333334,0.2807543637807446,High
North Macedonia,MKD,2014,Europe & Central Asia,Europe & Central Asia (excluding high income),,,0.43257135264840635,0.5027152187281221,0.10055282608943401,1.3721401811112146,-0.04924548247114994,-1.002727202822111,0.22600114888065262,6,18,16,18,0.8888888888888888,0.22600114888065262,High
Northern Mariana Islands,MNP,2014,East Asia & Pacific,,,,0.18333303745660964,0.5444236536007291,-0.0942080789049422,1.4372647913286773,0.005417027092083841,-0.8336913744473339,0.20708984268763722,6,18,7,18,0.3888888888888889,0.20708984268763722,Low
Norway,NOR,2014,Europe & Central Asia,,,,0.7418818266875474,0.9323076867032327,0.32586554934226886,1.5519996643416871,-0.3483440742187298,-0.855444218290694,0.3913777390942188,6,18,15,18,0.8333333333333334,0.3913777390942188,High
OECD members,OED,2014,Aggregates,,,,0.3439933143567637,0.8327846543801973,0.19207813741913868,1.3896143052996088,-0.4228104731744862,-0.9075712985117609,0.2380147732949102,6,18,12,18,0.6666666666666666,0.2380147732949102,Medium
Oman,OMN,2014,"Middle East, North Africa, Afghanistan & Pakistan",,,,0.6287327886832432,0.5571374023262071,0.22514515177825833,1.102209858052207,-0.1566714460640766,-1.104283476095769,0.20871171311334502,6,18,13,18,0.7222222222222222,0.20871171311334502,Medium
Other small states,OSS,2014,Aggregates,,,,0.2770838128640106,0.26824150910954087,-0.21400855430555485,1.21758892332219,0.05789449043511067,-0.9293450689888596,0.1129091854060729,6,18,14,18,0.7777777777777778,0.1129091854060729,Medium
Pacific island small states,PSS,2014,Aggregates,,,,-0.06420545829449993,0.3046563332845287,-0.4672980770760746,0.7464698404760268,-0.10412344987276294,-0.8668785291333627,-0.0752298901026908,6,18,12,18,0.6666666666666666,-0.0752298901026908,Medium
Pakistan,PAK,2014,"Middle East, North Africa, Afghanistan & Pakistan","Middle East, North Africa, Afghanistan & Pakistan (excluding high income)",,,-0.337251212643963,-0.18630403664641412,-0.4038465232642961,-0.3743692597014933,-0.5782941102362634,-1.0893614829408542,-0.49490443757221403,6,18,16,18,0.8888888888888888,-0.49490443757221403,High
Palau,PLW,2014,East Asia & Pacific,,,,0.1907913787557445,0.6563672891416987,-0.006555635847525425,1.4170825676133265,0.15863673005117837,-0.8627196426785303,0.2589337811726487,6,18,13,18,0.7222222222222222,0.2589337811726487,Medium
Panama,PAN,2014,Latin America & Caribbean ,,,,0.5358298175375715,0.48798326968821687,0.04548428082789335,1.3896143052996088,-0.04074895869162002,-0.9539319611023811,0.2440384589265483,6,18,14,18,0.7777777777777778,0.2440384589265483,Medium
Papua New Guinea,PNG,2014,East Asia & Pacific,East Asia & Pacific (excluding high income),,,-0.5142274284603517,0.5444236536007291,-0.6092735145871343,0.4470599049035094,-0.2376735687576957,-0.9265085070760356,-0.21603324339616314,6,18,10,18,0.5555555555555556,-0.21603324339616314,Low
Paraguay,PRY,2014,Latin America & Caribbean ,Latin America & Caribbean (excluding high income),,,0.24007195139333293,0.6054074145200735,-0.20741354379611576,0.8059361260055539,-0.3223660409030214,-0.92734911582918,0.03238113189844053,6,18,15,18,0.8333333333333334,0.03238113189844053,High
Peru,PER,2014,Latin America & Caribbean ,Latin America & Caribbean (excluding high income),,,0.1495597155830748,0.6557718681498803,-0.13442729428566744,0.7506376647074475,-0.4768424080382523,-1.0291899583898163,-0.014081735378888904,6,18,16,18,0.8888888888888888,-0.014081735378888904,High
Philippines,PHL,2014,East Asia & Pacific,East Asia & Pacific (excluding high income),,,0.10448887525707291,0.4552177838678497,-0.35598083090609123,0.30982124070725764,-0.3899683835146319,-0.969257408420464,-0.14094645383483448,6,18,14,18,0.7777777777777778,-0.14094645383483448,Medium
Poland,POL,2014,Europe & Central Asia,,,,0.6650468896344967,0.8615576203206697,0.2976766178219336,1.7885380620131344,-0.17718933427268146,-0.954190870508364,0.4135731641681981,6,18,16,18,0.8888888888888888,0.4135731641681981,High
Portugal,PRT,2014,Europe & Central Asia,,,,0.4905002038722191,0.6972503222346599,0.2633270900962314,1.804198550316641,-0.26823018522138786,-0.8556531689787604,0.3552321353866004,6,18,15,18,0.8333333333333334,0.3552321353866004,High
Post-demographic dividend,PST,2014,Aggregates,,,,0.3839239755085486,0.8806646508309169,0.2565927906032108,1.3896143052996088,-0.4042251110273609,-0.8966226222771608,0.2683246648229605,6,18,12,18,0.6666666666666666,0.2683246648229605,Medium
Pre-demographic dividend,PRE,2014,Aggregates,,,,-0.10277407512639514,-0.11313141857886422,-0.6104765602795504,-0.1952060615661089,-0.29059343206167926,-1.0575961603730843,-0.3949629513309471,6,18,13,18,0.7222222222222222,-0.3949629513309471,Medium
Puerto Rico (US),PRI,2014,Latin America & Caribbean ,,,,0.34562159561836353,0.913373490486907,0.08543398923318302,1.5115958211792437,-0.13681405789947954,-0.8498665376141927,0.3115573835006708,6,18,13,18,0.7222222222222222,0.3115573835006708,Medium
Qatar,QAT,2014,"Middle East, North Africa, Afghanistan & Pakistan",,,,0.7681956284216179,0.5316992607746449,0.2963764721463342,1.8176542510226212,-0.2039239002772171,-1.15254764859629,0.3429090105819519,6,18,16,18,0.8888888888888888,0.3429090105819519,High
Romania,ROU,2014,Europe & Central Asia,,,,0.38149007566075716,0.6381742374854005,0.18051828204544074,1.72495023014558,-0.22827325098520104,-0.9708449050099158,0.2876691115570102,6,18,16,18,0.8888888888888888,0.2876691115570102,High
Russian Federation,RUS,2014,Europe & Central Asia,,,,0.702840715176416,0.8606411838304164,0.1669420401348062,1.1486286400451953,-0.4865140047422433,-0.8991637940487579,0.24889579673263884,6,18,15,18,0.8333333333333334,0.24889579673263884,High
Rwanda,RWA,2014,Sub-Saharan Africa ,Sub-Saharan Africa (excluding high income),,,-0.30908842044816887,-0.05093976008671371,-0.6532094191872412,-0.09287678251111879,-0.48057063384388815,-1.0607076553152552,-0.441232111898731,6,18,15,18,0.8333333333333334,-0.441232111898731,High
Samoa,WSM,2014,East Asia & Pacific,East Asia & Pacific (excluding high income),,,-0.3299611094547798,0.5252053480212526,-0.4278639820984771,0.7042643356396958,-0.2759781350026051,-0.8514765278960162,-0.10930167846515497,6,18,14,18,0.7777777777777778,-0.10930167846515497,Medium
San Marino,SMR,2014,Europe & Central Asia,,,,0.39147516463158594,0.5444236536007291,0.3026378086221555,1.838358610611383,-0.30117563699579913,-0.8907856339416051,0.3141556610880749,6,18,11,18,0.6111111111111112,0.3141556610880749,Medium
Sao Tome and Principe,STP,2014,Sub-Saharan Africa ,Sub-Saharan Africa (excluding high income),,,-0.2371238500375954,0.25520157572609115,-0.6438706891081883,-0.1633643287196021,-0.04109232399810181,-0.905504677147129,-0.2892923822140876,6,18,15,18,0.8333333333333334,-0.2892923822140876,High
Saudi Arabia,SAU,2014,"Middle East, North Africa, Afghanistan & Pakistan",,,,0.655131361315294,0.6845605071673354,0.2570221861286353,1.1492260735922377,-0.2807654445860505,-1.0953163795777292,0.22830971733995384,6,18,13,18,0.7222222222222222,0.22830971733995384,Medium
Senegal,SEN,2014,Sub-Saharan Africa ,Sub-Saharan Africa (excluding high income),,,-0.050574284071385124,0.11668859594167498,-0.4694871407931001,0.09237597071457687,-0.39453561411291327,-1.0798409285755124,-0.2975622334827765,6,18,14,18,0.7777777777777778,-0.2975622334827765,Medium
Serbia,SRB,2014,Europe & Central Asia,Europe & Central Asia (excluding high income),,,0.5143324402480206,0.6868756997754191,0.037785064255107824,1.256382316318921,-0.23344999383237788,-0.9913937479558704,0.21175529646820332,6,18,16,18,0.8888888888888888,0.21175529646820332,High
Seychelles,SYC,2014,Sub-Saharan Africa ,,,,0.4954780971928525,0.3377064976072946,0.01956315190573643,1.609931981992226,0.2435854164972824,-0.8818145337270688,0.3040751019113872,6,18,15,18,0.8333333333333334,0.3040751019113872,High
Sierra Leone,SLE,2014,Sub-Saharan Africa ,Sub-Saharan Africa (excluding high income),,,-0.28620050287488713,0.28788991840325523,-0.7228236977027024,-0.6828999699478103,-0.5213110672648794,-0.9592463701297734,-0.4807652815861329,6,18,13,18,0.7222222222222222,-0.4807652815861329,Medium
Singapore,SGP,2014,East Asia & Pacific,,,,0.7922649982284485,0.6159996807168737,0.28446878873648307,1.8383586278918027,0.24444477217844554,-0.9516147397131925,0.47065368800647683,6,18,14,18,0.7777777777777778,0.47065368800647683,Medium
Sint Maarten (Dutch part),SXM,2014,Latin America & Caribbean ,,,,0.18333303745660964,0.47565640929757463,-0.10449948480413977,1.3896143052996088,-0.308426227659453,-0.9521755741343858,0.1139170775759691,6,18,6,18,0.3333333333333333,0.1139170775759691,Low
Slovak Republic,SVK,2014,Europe & Central Asia,,,,0.5744544049292798,0.6507869586625791,0.2739208696751861,1.5498134086161528,0.24453003255065406,-0.9276436684526678,0.3943103343301973,6,18,15,18,0.8333333333333334,0.3943103343301973,High
Slovenia,SVN,2014,Europe & Central Asia,,,,0.5233427615935632,0.9511266136171215,0.29438994738979,1.5225045342723182,0.1556278431850273,-0.8967324769632311,0.4250432038490981,6,18,15,18,0.8333333333333334,0.4250432038490981,High
Small states,SST,2014,Aggregates,,,,0.2192884680389522,0.30549502556707864,-0.19968479296591782,1.21758892332219,0.025120475718848605,-0.9139852481588218,0.10897047525372165,6,18,15,18,0.8333333333333334,0.10897047525372165,High
Solomon Islands,SLB,2014,East Asia & Pacific,East Asia & Pacific (excluding high income),,,-0.362453116370614,0.5444236536007291,-0.5817838030926882,-0.027533548898140858,-0.20847719252498578,-0.9040362647393696,-0.2566433786708449,6,18,12,18,0.6666666666666666,-0.2566433786708449,Medium
"Somalia, Fed. Rep.",SOM,2014,Sub-Saharan Africa ,Sub-Saharan Africa (excluding high income),,,-0.5310054538254132,0.5444236536007291,-0.713666728141967,0.38422963588874276,-0.23480209514243724,-0.952027142149356,-0.2504746882949503,6,18,11,18,0.6111111111111112,-0.2504746882949503,Medium
South Africa,ZAF,2014,Sub-Saharan Africa ,Sub-Saharan Africa (excluding high income),,,0.41720757846023276,0.5369868808766779,-0.14994588198750267,1.3628367713636615,-0.4077741934416243,-1.1558633458141068,0.10057463490955643,6,18,16,18,0.8888888888888888,0.10057463490955643,High
South Asia,SAS,2014,Aggregates,,,,-0.2593590467329517,0.24709930762194365,-0.37374217629478773,0.3557210328953993,-0.4362616679282514,-1.1990626305981984,-0.27760086350614105,6,18,16,18,0.8888888888888888,-0.27760086350614105,High
South Asia (IDA & IBRD),TSA,2014,Aggregates,,,,-0.2593590467329517,0.24709930762194365,-0.37374217629478773,0.3557210328953993,-0.4362616679282514,-1.087499277975959,-0.25900697140243445,6,18,15,18,0.8333333333333334,-0.25900697140243445,High
South Sudan,SSD,2014,Sub-Saharan Africa ,Sub-Saharan Africa (excluding high income),,,-0.6261824894358783,0.5444236536007291,-0.7802098806582768,0.05510134724740412,-0.3568011961019855,-0.9693236259346563,-0.35549869854711064,6,18,11,18,0.6111111111111112,-0.35549869854711064,Medium
Spain,ESP,2014,Europe & Central Asia,,,,0.5306181086470961,1.1498273843097875,0.320408147740989,1.5535936593999307,-0.37022595820397086,-0.8707222418215638,0.38558318334537806,6,18,16,18,0.8888888888888888,0.38558318334537806,High
Sri Lanka,LKA,2014,South Asia,South Asia,,,-0.0771085126409975,0.4750187420185658,-0.31307281337508847,0.3187087178972576,-0.2703485079993748,-0.979325693117735,-0.14102134453622872,6,18,14,18,0.7777777777777778,-0.14102134453622872,Medium
St. Kitts and Nevis,KNA,2014,Latin America & Caribbean ,,,,0.6585966200477621,1.0108176142497525,0.007019994589540317,1.3896143052996088,-0.2569270215637099,-0.868032886102552,0.3235147710867336,6,18,12,18,0.6666666666666666,0.3235147710867336,Medium
St. Lucia,LCA,2014,Latin America & Caribbean ,Latin America & Caribbean (excluding high income),,,0.3097897417719259,0.40754329188941757,-0.012108733062317781,1.2821544123911215,-0.29861068503260474,-0.8738061770583995,0.13582697514985717,6,18,12,18,0.6666666666666666,0.13582697514985717,Medium
St. Martin (French part),MAF,2014,Latin America & Caribbean ,,,,0.18333303745660964,0.5444236536007291,-0.0794792093171746,0.8627405142249934,-0.29218090975674343,-0.9385559005489496,0.04671353094324413,6,18,4,18,0.2222222222222222,0.04671353094324413,Low
St. Vincent and the Grenadines,VCT,2014,Latin America & Caribbean ,Latin America & Caribbean (excluding high income),,,0.25029442386519424,0.5797819026654866,-0.03292344621166928,0.9651933973959097,-0.29341198198131174,-0.8692703543955168,0.09994399022301546,6,18,12,18,0.6666666666666666,0.09994399022301546,Medium
Sub-Saharan Africa ,SSF,2014,Aggregates,,,,-0.2817282643742179,-0.083799609365751,-0.6073839614284445,-0.3486017152712309,-0.3860882030333203,-1.2862588321134125,-0.49897676426439624,6,18,17,18,0.9444444444444444,-0.49897676426439624,High
Sub-Saharan Africa (IDA & IBRD countries),TSS,2014,Aggregates,,,,-0.28235502478220803,-0.083799609365751,-0.6073839614284445,-0.3486017152712309,-0.3860882030333204,-1.036808189733349,-0.4575061172690506,6,18,16,18,0.8888888888888888,-0.4575061172690506,High
Sub-Saharan Africa (excluding high income),SSA,2014,Aggregates,,,,-0.27865522872893006,-0.08387306382831523,-0.6074413917489268,-0.340173948119938,-0.3871428307486619,-1.0368223914887253,-0.4556848091105829,6,18,16,18,0.8888888888888888,-0.4556848091105829,High
Sudan,SDN,2014,Sub-Saharan Africa ,Sub-Saharan Africa (excluding high income),,,-0.07565825514960818,0.09525270525938138,-0.3783624450754181,0.38590188427715916,-0.6367469866103538,-1.1028728414972215,-0.28541432313267684,6,18,13,18,0.7222222222222222,-0.28541432313267684,Medium
Suriname,SUR,2014,Latin America & Caribbean ,Latin America & Caribbean (excluding high income),,,0.506083772391701,0.398931791712833,-0.055016750593320674,0.6664943316471351,-0.30946675792418515,-0.9200268936312997,0.0478332489338106,6,18,12,18,0.6666666666666666,0.0478332489338106,Medium
Sweden,SWE,2014,Europe & Central Asia,,,,0.7849363607798289,0.9765333819195886,0.3080258079733799,1.553679722890675,-0.24565391192331343,-0.8610184514011724,0.4194171517064977,6,18,15,18,0.8333333333333334,0.4194171517064977,High
Switzerland,CHE,2014,Europe & Central Asia,,,,0.8449997542400237,0.6629546374876787,0.30767421067133677,1.5354389408691527,-0.023645058783701673,-0.8774910154637073,0.4083219115034638,6,18,14,18,0.7777777777777778,0.4083219115034638,Medium
Syrian Arab Republic,SYR,2014,"Middle East, North Africa, Afghanistan & Pakistan","Middle East, North Africa, Afghanistan & Pakistan (excluding high income)",,,-0.17733952091870342,0.5776896489216329,0.05693519348187278,0.38976982546598865,-0.46496357175003133,-0.9686501676540608,-0.09775976540888354,6,18,12,18,0.6666666666666666,-0.09775976540888354,Medium
Tajikistan,TJK,2014,Europe & Central Asia,Europe & Central Asia (excluding high income),,,-0.09781831035961751,0.45086486781148966,-0.01761795704855081,-0.15531210185922203,-0.4114081070103464,-1.0255633893732874,-0.20947583297325575,6,18,14,18,0.7777777777777778,-0.20947583297325575,Medium
Tanzania,TZA,2014,Sub-Saharan Africa ,Sub-Saharan Africa (excluding high income),,,-0.3613869268587803,0.12893362948024342,-0.6514795604611883,0.3416379731656434,-0.4727998542313663,-0.9632993090511922,-0.3297323413261067,6,18,15,18,0.8333333333333334,-0.3297323413261067,High
Thailand,THA,2014,East Asia & Pacific,East Asia & Pacific (excluding high income),,,0.3309716744777304,0.8187163670508365,-0.05094907554546483,0.981910721501415,0.044205594143540305,-0.9685908927670237,0.19271073147683895,6,18,15,18,0.8333333333333334,0.19271073147683895,High
Timor-Leste,TLS,2014,East Asia & Pacific,East Asia & Pacific (excluding high income),,,0.03685476223640697,0.4119029522542359,-0.6097185144768074,-0.07381630726463655,-0.24535264804716225,-1.1637343005825558,-0.27397734264675316,6,18,14,18,0.7777777777777778,-0.27397734264675316,Medium
Togo,TGO,2014,Sub-Saharan Africa ,Sub-Saharan Africa (excluding high income),,,-0.38735262687391364,0.3650769438855663,-0.6601789949240909,0.040098346833772315,-0.31254933921550465,-1.0079791151772781,-0.32714746424524144,6,18,13,18,0.7222222222222222,-0.32714746424524144,Medium
Tonga,TON,2014,East Asia & Pacific,East Asia & Pacific (excluding high income),,,-0.1672238150196793,0.5836198134104945,-0.17384425634416542,0.3420229393996042,-0.29541322365759753,-0.8408597551290334,-0.09194971622339616,6,18,13,18,0.7222222222222222,-0.09194971622339616,Medium
Trinidad and Tobago,TTO,2014,Latin America & Caribbean ,,,,0.5710790895066683,0.5444236536007291,0.017486893402975157,1.363553486668116,-0.2834340433642089,-0.896771138045552,0.21938965696145463,6,18,11,18,0.6111111111111112,0.21938965696145463,Medium
Tunisia,TUN,2014,"Middle East, North Africa, Afghanistan & Pakistan","Middle East, North Africa, Afghanistan & Pakistan (excluding high income)",,,0.3119892613772426,0.4363733047328721,0.028054073881688495,0.8210394022069568,-0.16496982449116512,-0.944984410456009,0.08125030120859766,6,18,16,18,0.8888888888888888,0.08125030120859766,High
Turkiye,TUR,2014,Europe & Central Asia,Europe & Central Asia (excluding high income),,,0.16554754418420825,1.0047297103051365,0.14568446725327225,1.6718508887413994,-0.4186578757596022,-0.9876958770463048,0.26357647627968483,6,18,16,18,0.8888888888888888,0.26357647627968483,High
Turkmenistan,TKM,2014,Europe & Central Asia,Europe & Central Asia (excluding high income),,,0.01719396213513713,0.34290493006826467,0.21806902677205006,0.4806682267455969,-0.08562532634885149,-1.0369474888172767,-0.010622778240846583,6,18,13,18,0.7222222222222222,-0.010622778240846583,Medium
Turks and Caicos Islands,TCA,2014,Latin America & Caribbean ,,,,0.18333303745660964,0.271979157589424,-0.09524223357812585,1.3896143052996088,-0.2766882952822776,-0.9635293540037718,0.08491110291357785,6,18,6,18,0.3333333333333333,0.08491110291357785,Low
Tuvalu,TUV,2014,East Asia & Pacific,East Asia & Pacific (excluding high income),,,-0.40937051231181004,0.47625846224826573,-0.2584130381942709,0.3583567152325051,-0.2926943472878014,-0.8496983609446276,-0.1625935135429565,6,18,11,18,0.6111111111111112,-0.1625935135429565,Medium
Uganda,UGA,2014,Sub-Saharan Africa ,Sub-Saharan Africa (excluding high income),,,-0.4174164706218666,0.22274281739363389,-0.66531216266553,-0.5861829096231079,-0.5405126427771312,-1.0283640268649792,-0.5025075658598301,6,18,15,18,0.8333333333333334,-0.5025075658598301,High
Ukraine,UKR,2014,Europe & Central Asia,Europe & Central Asia (excluding high income),,,0.449469176991812,0.8729054520313803,0.1240675007816933,0.9385714662473164,-0.17987828900722655,-0.9201817002471753,0.21415893446630005,6,18,15,18,0.8333333333333334,0.21415893446630005,High
United Arab Emirates,ARE,2014,"Middle East, North Africa, Afghanistan & Pakistan",,,,0.8540000687791395,0.5444236536007291,0.31890850881357863,1.8291016036629528,0.21992135332917775,-1.1091207193737318,0.44287241146864104,6,18,13,18,0.7222222222222222,0.44287241146864104,Medium
United Kingdom,GBR,2014,Europe & Central Asia,,,,0.758671256190552,0.8933753272308537,0.27700881119747894,1.555577568773641,-0.3954212159950288,-0.8863164322866454,0.36714921918514193,6,18,15,18,0.8333333333333334,0.36714921918514193,High
United States,USA,2014,North America,,,,0.4700861898035727,0.8946594563641824,0.2114282709468062,1.5323882756067977,-0.5809159432971316,-0.8687655133933365,0.27648012267181515,6,18,15,18,0.8333333333333334,0.27648012267181515,High
Uruguay,URY,2014,Latin America & Caribbean ,,,,0.7464667105607611,0.8563309566505614,0.20737022660765878,1.6673783610509547,-0.4532408401480676,-0.8781411151628294,0.3576940499265065,6,18,16,18,0.8888888888888888,0.3576940499265065,High
Uzbekistan,UZB,2014,Europe & Central Asia,Europe & Central Asia (excluding high income),,,-0.11466478233705628,0.44879933383830267,-0.029050066890290438,-0.028477357729617164,-0.5401100921651607,-1.0296065239390988,-0.21551824820382012,6,18,16,18,0.8888888888888888,-0.21551824820382012,High
Vanuatu,VUT,2014,East Asia & Pacific,East Asia & Pacific (excluding high income),,,-0.29826277797207057,0.5444236536007291,-0.5431816295645772,0.5587621333293877,-0.20111387189515154,-0.8765821997442519,-0.13599244870765573,6,18,13,18,0.7222222222222222,-0.13599244870765573,Medium
"Venezuela, RB",VEN,2014,Latin America & Caribbean ,Latin America & Caribbean (excluding high income),,,0.2364805120861544,0.5462438706043874,-0.006085565541532796,0.4844828577445582,-0.4083489458405296,-0.948283479493722,-0.015918458406780744,6,18,12,18,0.6666666666666666,-0.015918458406780744,Medium
Viet Nam,VNM,2014,East Asia & Pacific,East Asia & Pacific (excluding high income),,,0.4258301790563231,0.49539387303101656,-0.13614461780356046,0.3838207538603325,0.10181948197451622,-1.0125351718816709,0.0430307497061595,6,18,14,18,0.7777777777777778,0.0430307497061595,Medium
Virgin Islands (U.S.),VIR,2014,Latin America & Caribbean ,,,,0.22967976969287326,0.5444236536007291,-0.08486124680110348,1.545643693106781,0.21796736940619407,-0.8545338387571074,0.2663865667080611,6,18,9,18,0.5,0.2663865667080611,Low
West Bank and Gaza,PSE,2014,"Middle East, North Africa, Afghanistan & Pakistan","Middle East, North Africa, Afghanistan & Pakistan (excluding high income)",,,0.020635352538351664,0.6303029098198804,-0.04153513421745336,0.5668332741052928,-0.3700029426847176,-0.9595639424997143,-0.02555508048972675,6,18,15,18,0.8333333333333334,-0.02555508048972675,High
World,WLD,2014,Aggregates,,,,0.10085856287381963,0.4258366030802982,-0.22493422260944287,1.4876058238805203,-0.40328360687750386,-1.1263433498133515,0.04328996842238997,6,18,17,18,0.9444444444444444,0.04328996842238997,High
"Yemen, Rep.",YEM,2014,"Middle East, North Africa, Afghanistan & Pakistan","Middle East, North Africa, Afghanistan & Pakistan (excluding high income)",,,-0.29996675551806334,0.5444236536007291,-0.2776859207399669,-0.26436028368458336,-0.49679962808425876,-1.2941115714018823,-0.34808341763800427,6,18,13,18,0.7222222222222222,-0.34808341763800427,Medium
Zambia,ZMB,2014,Sub-Saharan Africa ,Sub-Saharan Africa (excluding high income),,,-0.36254698131901675,0.5444236536007291,-0.5985496440064235,-0.08916607099648229,-0.29260422922891555,-0.9652993403700233,-0.2939571020533554,6,18,12,18,0.6666666666666666,-0.2939571020533554,Medium
Zimbabwe,ZWE,2014,Sub-Saharan Africa ,Sub-Saharan Africa (excluding high income),,,-0.17314657219098772,0.5444236536007291,-0.5152093125559787,-0.31814758863960724,-0.43026456177671646,-0.9210540995913837,-0.30223308019232414,6,18,13,18,0.7222222222222222,-0.30223308019232414,Medium
Afghanistan,AFG,2015,"Middle East, North Africa, Afghanistan & Pakistan","Middle East, North Africa, Afghanistan & Pakistan (excluding high income)",,,-0.39713014535828756,-0.02271117993539441,-0.5213885840968192,-0.6301123452724832,-0.35258354124765584,-1.0619824039111951,-0.4976513666369726,6,18,14,18,0.7777777777777778,-0.4976513666369726,Medium
Africa Eastern and Southern,AFE,2015,Aggregates,,,,-0.3060730879991616,-0.061603709784418446,-0.5825193230923688,-0.25472192345930833,-0.4420434399313673,-0.9992300683247238,-0.44103192543189135,6,18,16,18,0.8888888888888888,-0.44103192543189135,High
Africa Western and Central,AFW,2015,Aggregates,,,,-0.1783978864670154,-0.13786279589622794,-0.6663451255748699,-0.4911975997331475,-0.34106967462197807,-1.1018434702514388,-0.48611942542411296,6,18,15,18,0.8333333333333334,-0.48611942542411296,High
Albania,ALB,2015,Europe & Central Asia,Europe & Central Asia (excluding high income),,,0.31878562636561075,0.7487065321390394,0.09211317579370297,0.9898702567034863,-0.3189545552564026,-0.9199966023156608,0.15175407223829598,6,18,16,18,0.8888888888888888,0.15175407223829598,High
Algeria,DZA,2015,"Middle East, North Africa, Afghanistan & Pakistan","Middle East, North Africa, Afghanistan & Pakistan (excluding high income)",,,0.12929918539266314,0.5293339905398914,0.002813720396686777,-0.04681335255287437,-0.44720114292746,-0.9292643010934304,-0.12697198337408722,6,18,14,18,0.7777777777777778,-0.12697198337408722,Medium
American Samoa,ASM,2015,East Asia & Pacific,,,,0.1861307036221765,0.5422675975860985,-0.1344525409607004,0.6426820466189302,0.24606602605722608,-0.8405054749696047,0.10703139299235441,6,18,7,18,0.3888888888888889,0.10703139299235441,Low
Andorra,AND,2015,Europe & Central Asia,,,,0.6065683648429251,0.38304556080953084,0.2689710853943194,1.547909497347011,-0.3199193188548338,-0.869711507769996,0.26947728029482615,6,18,13,18,0.7222222222222222,0.26947728029482615,Medium
Angola,AGO,2015,Sub-Saharan Africa ,Sub-Saharan Africa (excluding high income),,,-0.3643280349957582,0.21396223741769616,-0.4086890052371393,-0.20745078723160892,-0.4603360871129872,-0.970894037698843,-0.36628928580977343,6,18,14,18,0.7777777777777778,-0.36628928580977343,Medium
Antigua and Barbuda,ATG,2015,Latin America & Caribbean ,,,,0.7064491337476683,0.7086000166873427,0.09849076798617822,1.440071150349998,0.024385418239420493,-0.8834391508067551,0.3490928893673088,6,18,12,18,0.6666666666666666,0.3490928893673088,Medium
Arab World,ARB,2015,Aggregates,,,,0.1519102094381892,0.25780038080691886,-0.10695547026031398,0.6700033777576136,-0.2743018551558512,-1.0837556612293076,-0.06421650310712516,6,18,14,18,0.7777777777777778,-0.06421650310712516,Medium
Argentina,ARG,2015,Latin America & Caribbean ,Latin America & Caribbean (excluding high income),,,0.5867445045897444,0.9143696272251098,0.039945211805350565,1.4112292580946433,-0.6332066697429566,-0.9092792733296854,0.23496710977370103,6,18,14,18,0.7777777777777778,0.23496710977370103,Medium
Armenia,ARM,2015,Europe & Central Asia,Europe & Central Asia (excluding high income),,,0.34896509340109877,0.5684311799096906,0.10206031810041756,0.9462889327251073,-0.31833044134585287,-0.997995777671496,0.10823655085316093,6,18,15,18,0.8333333333333334,0.10823655085316093,High
Aruba,ABW,2015,Latin America & Caribbean ,,,,0.6865594904936093,0.39664285437721736,-0.1174846917136021,1.440071150349998,0.10016758501825229,-0.9498461970466416,0.2593516985798056,6,18,9,18,0.5,0.2593516985798056,Low
Australia,AUS,2015,East Asia & Pacific,,,,0.5536092548073267,1.454242012648902,0.28049269295287255,1.440071150349998,-0.5218632613993516,-0.8629171228378212,0.39060578775365445,6,18,13,18,0.7222222222222222,0.39060578775365445,Medium
Austria,AUT,2015,Europe & Central Asia,,,,0.84660663018773,0.867538928136072,0.26686317338316284,1.598914353110474,-0.1450513129549791,-0.9020162054762199,0.4221425943977066,6,18,15,18,0.8333333333333334,0.4221425943977066,High
Azerbaijan,AZE,2015,Europe & Central Asia,Europe & Central Asia (excluding high income),,,0.46403671524656503,0.4882458775213789,0.10686058675328562,0.7455865963321618,-0.33525256602102343,-0.9695966347767419,0.08331342917593766,6,18,16,18,0.8888888888888888,0.08331342917593766,High
"Bahamas, The",BHS,2015,Latin America & Caribbean ,,,,0.3013206798299439,0.45254852732162737,-0.003070441065229468,1.440071150349998,-0.3511531428992001,-0.854914522315176,0.16413370853699397,6,18,12,18,0.6666666666666666,0.16413370853699397,Medium
Bahrain,BHR,2015,"Middle East, North Africa, Afghanistan & Pakistan",,,,0.8962263568303469,0.6348863906178331,0.20609567455283637,1.57329325450699,0.11992670030189072,-1.1108793104239243,0.38659151106432876,6,18,15,18,0.8333333333333334,0.38659151106432876,High
Bangladesh,BGD,2015,South Asia,South Asia,,,-0.20389394995282492,0.056818899008234634,-0.5283397895135694,0.07289513303262644,-0.48799399588588815,-1.0907695258001342,-0.36354720485192593,6,18,16,18,0.8888888888888888,-0.36354720485192593,High
Barbados,BRB,2015,Latin America & Caribbean ,,,,0.5500615777631025,0.7553425435420857,0.05015306004379035,1.440071150349998,-0.34848745238702916,-0.8955212672695575,0.2586032686737316,6,18,12,18,0.6666666666666666,0.2586032686737316,Medium
Belarus,BLR,2015,Europe & Central Asia,Europe & Central Asia (excluding high income),,,0.5093461666272089,0.9478242142362006,0.25412122738366666,1.2119948394223605,-0.09160207299817973,-0.9039675631080376,0.3212861352605365,6,18,15,18,0.8333333333333334,0.3212861352605365,High
Belgium,BEL,2015,Europe & Central Asia,,,,0.6412800645137224,1.2180959816539785,0.27798040844057526,1.8337069554787704,0.17977855894336028,-0.8887387693993979,0.5436838666051681,6,18,16,18,0.8888888888888888,0.5436838666051681,High
Belize,BLZ,2015,Latin America & Caribbean ,Latin America & Caribbean (excluding high income),,,-0.15405364292756982,0.3992163232517025,-0.11815082319985674,1.6526781830462214,-0.13640108950266946,-0.9321634930022147,0.11852090961093553,6,18,15,18,0.8333333333333334,0.11852090961093553,High
Benin,BEN,2015,Sub-Saharan Africa ,Sub-Saharan Africa (excluding high income),,,-0.2282392187306456,0.1517596497878937,-0.6783427316035113,0.08934841588896762,-0.43938181066601983,-1.3608564306510287,-0.41095202099572403,6,18,15,18,0.8333333333333334,-0.41095202099572403,High
Bermuda,BMU,2015,North America,,,,0.4597990600324011,0.4589529913883852,-0.08705851929050663,1.440071150349998,-0.3246452878313709,-0.8491157842714449,0.18300060172957697,6,18,11,18,0.6111111111111112,0.18300060172957697,Medium
Bhutan,BTN,2015,South Asia,South Asia,,,0.023936940374362906,0.509214569472198,-0.14498111917400347,0.3827273495161201,-0.19481981566397533,-1.0229250547028101,-0.07447452169635133,6,18,13,18,0.7222222222222222,-0.07447452169635133,Medium
Bolivia,BOL,2015,Latin America & Caribbean ,Latin America & Caribbean (excluding high income),,,0.002911028883213901,0.5704776376383854,-0.15356681388573037,0.17201495884279536,-0.3429191620737491,-1.0225795437131597,-0.1289436490513741,6,18,15,18,0.8333333333333334,-0.1289436490513741,High
Bosnia and Herzegovina,BIH,2015,Europe & Central Asia,Europe & Central Asia (excluding high income),,,0.23185719920192496,0.6059092941423616,-0.1181191548450992,1.2474071698294813,-0.20268287363600598,-1.0022982359417225,0.12701223312515666,6,18,16,18,0.8888888888888888,0.12701223312515666,High
Botswana,BWA,2015,Sub-Saharan Africa ,Sub-Saharan Africa (excluding high income),,,0.4155744529881052,0.45917319205479296,-0.3003007773857187,0.839535576672672,-0.12402440738196625,-1.0508839218691672,0.03984568584645298,6,18,15,18,0.8333333333333334,0.03984568584645298,High
Brazil,BRA,2015,Latin America & Caribbean ,Latin America & Caribbean (excluding high income),,,0.4186502433128468,0.6864426700300617,-0.021567925577060776,1.7054489942925237,-0.6424579423682748,-0.9327146144339221,0.20230023754269566,6,18,17,18,0.9444444444444444,0.20230023754269566,High
British Virgin Islands,VGB,2015,Latin America & Caribbean ,,,,0.6181908459227987,0.5954760813805805,-0.11037312130942019,1.440071150349998,-0.3325323598402309,-0.971624353357758,0.20653470719099473,6,18,7,18,0.3888888888888889,0.20653470719099473,Low
Brunei Darussalam,BRN,2015,East Asia & Pacific,,,,0.35885555643191913,0.48397305722712325,0.03057002792472922,1.6701651379568527,-0.23804218129376922,-0.9053225137586783,0.23336651408136277,6,18,14,18,0.7777777777777778,0.23336651408136277,Medium
Bulgaria,BGR,2015,Europe & Central Asia,,,,0.4707961609261792,0.8584191445015276,0.10202270905083237,1.586836419746341,0.028667740758523002,-0.963122505906246,0.34726994484619284,6,18,14,18,0.7777777777777778,0.34726994484619284,Medium
Burkina Faso,BFA,2015,Sub-Saharan Africa ,Sub-Saharan Africa (excluding high income),,,-0.29230116303573495,-0.032177666474626644,-0.6570326919274937,0.4357056374325005,-0.41220951544402595,-1.103525596434227,-0.34359016598060127,6,18,13,18,0.7222222222222222,-0.34359016598060127,Medium
Burundi,BDI,2015,Sub-Saharan Africa ,Sub-Saharan Africa (excluding high income),,,-0.5160093119288519,0.03811805029293484,-0.7031129542775741,-0.26591375442214377,-0.3585872031850604,-1.0762691444346346,-0.48029571965922163,6,18,13,18,0.7222222222222222,-0.48029571965922163,Medium
Cabo Verde,CPV,2015,Sub-Saharan Africa ,Sub-Saharan Africa (excluding high income),,,0.21173296498942437,0.462539379571586,-0.15362232484291827,1.1263889097295394,-0.19661928492715253,-1.0549893304065092,0.06590505235232828,6,18,16,18,0.8888888888888888,0.06590505235232828,High
Cambodia,KHM,2015,East Asia & Pacific,East Asia & Pacific (excluding high income),,,0.058609787378589205,0.33190622751694526,-0.516898364448732,0.1910889374555805,0.005881049229262729,-0.9363046597980939,-0.14428617044440803,6,18,14,18,0.7777777777777778,-0.14428617044440803,Medium
Cameroon,CMR,2015,Sub-Saharan Africa ,Sub-Saharan Africa (excluding high income),,,-0.20202155831600574,0.2145158718924959,-0.566309284230086,-0.19281679265323248,-0.4864465427716452,-1.104619658157177,-0.3896163273726084,6,18,14,18,0.7777777777777778,-0.3896163273726084,Medium
Canada,CAN,2015,North America,,,,0.48302899711128644,0.8387872481636922,0.24611200418398285,1.5921622101797903,-0.37473946332816,-0.8602564131769445,0.3208490971889412,6,18,15,18,0.8333333333333334,0.3208490971889412,High
Caribbean small states,CSS,2015,Aggregates,,,,0.16868122900110782,0.40760866881797847,-0.03512949789913333,1.440071150349998,-0.3466584172980633,-0.9102333275730142,0.12072330089981226,6,18,11,18,0.6111111111111112,0.12072330089981226,Medium
Cayman Islands,CYM,2015,Latin America & Caribbean ,,,,0.8743959566485353,0.5422675975860985,-0.1007450541793874,1.440071150349998,-0.3400882672782895,-0.9585421528241822,0.2428932050504622,6,18,7,18,0.3888888888888889,0.2428932050504622,Low
Central African Republic,CAF,2015,Sub-Saharan Africa ,Sub-Saharan Africa (excluding high income),,,-0.6238437057888981,0.5422675975860985,-0.7510559176355147,-0.6785586706049228,-0.42845271585272043,-1.0492366387043717,-0.49814667516672156,6,18,13,18,0.7222222222222222,-0.49814667516672156,Medium
Central Europe and the Baltics,CEB,2015,Aggregates,,,,0.4018460506078865,0.8276119580382898,0.2322321574364271,1.6701651379568527,-0.019018252550865828,-0.9356599785834355,0.3628628454841925,6,18,14,18,0.7777777777777778,0.3628628454841925,Medium
Chad,TCD,2015,Sub-Saharan Africa ,Sub-Saharan Africa (excluding high income),,,-0.5553009263042749,-0.10818926034656366,-0.7320218272042006,-0.7087991182344108,-0.4825143612844192,-1.1048911535907064,-0.6152861078274293,6,18,15,18,0.8333333333333334,-0.6152861078274293,High
Channel Islands,CHI,2015,Europe & Central Asia,,,,0.1861307036221765,0.5422675975860985,-0.08050822634233556,0.926979922517206,-0.3427619758144558,-0.9462853480717816,0.04763711224948469,6,18,3,18,0.16666666666666666,0.04763711224948469,Low
Chile,CHL,2015,Latin America & Caribbean ,,,,0.5511498737373285,0.9454510050306233,0.21639604105325586,1.817168580106119,-0.4092157855318889,-0.9576644182830581,0.3605475493520632,6,18,17,18,0.9444444444444444,0.3605475493520632,High
China,CHN,2015,East Asia & Pacific,East Asia & Pacific (excluding high income),,,0.19589344607000236,0.5840726568619797,-0.05149367045136769,0.7775699415819003,-0.5042274385936228,-1.0965527607485395,-0.015789637546607966,6,18,14,18,0.7777777777777778,-0.015789637546607966,Medium
Colombia,COL,2015,Latin America & Caribbean ,Latin America & Caribbean (excluding high income),,,0.3626540949665149,0.7142198420031035,-0.058815777850134775,1.0956126818437781,-0.5327758897282909,-0.9944077200812074,0.09774787185896054,6,18,17,18,0.9444444444444444,0.09774787185896054,High
Comoros,COM,2015,Sub-Saharan Africa ,Sub-Saharan Africa (excluding high income),,,-0.39960945627431044,0.5422675975860985,-0.6434941862577805,-0.2800803947994308,-0.5549214508150341,-0.8884960905075596,-0.37072233017800277,6,18,12,18,0.6666666666666666,-0.37072233017800277,Medium
"Congo, Dem. Rep.",COD,2015,Sub-Saharan Africa ,Sub-Saharan Africa (excluding high income),,,-0.4967275008155794,0.2436819389442654,-0.6892290470964695,-0.6782425277490649,-0.408007205619463,-1.087831074203698,-0.5193925694233349,6,18,14,18,0.7777777777777778,-0.5193925694233349,Medium
"Congo, Rep.",COG,2015,Sub-Saharan Africa ,Sub-Saharan Africa (excluding high income),,,-0.0791410255642856,0.5422675975860985,-0.5232882924094714,-0.24662137178933055,-0.07074845214932775,-1.0650679450497853,-0.24043324822935033,6,18,12,18,0.6666666666666666,-0.24043324822935033,Medium
Costa Rica,CRI,2015,Latin America & Caribbean ,,,,0.5972871657496048,0.7647669211274358,0.10968547768573593,1.7126476594619764,-0.3916534115746979,-0.9463974859777422,0.3077227210787188,6,18,16,18,0.8888888888888888,0.3077227210787188,High
Cote d'Ivoire,CIV,2015,Sub-Saharan Africa ,Sub-Saharan Africa (excluding high income),,,0.05297994922325857,0.05820770387877746,-0.5558608885104988,0.22217561828843144,-0.43145177937319906,-1.2546099958415609,-0.31809323205579854,6,18,15,18,0.8333333333333334,-0.31809323205579854,High
Croatia,HRV,2015,Europe & Central Asia,,,,0.419648238567865,0.7920121817976339,0.26122181594536953,1.7533452852764828,-0.20111955587722397,-0.9303075558682089,0.34913340164031975,6,18,16,18,0.8888888888888888,0.34913340164031975,High
Cuba,CUB,2015,Latin America & Caribbean ,Latin America & Caribbean (excluding high income),,,-0.3945263747041599,0.5540626633999904,-0.009737094877810715,0.42738392320365887,-0.5591660828368874,-0.8747578793808183,-0.1427901408660045,6,18,13,18,0.7222222222222222,-0.1427901408660045,Medium
Curacao,CUW,2015,Latin America & Caribbean ,,,,0.33914023363056184,0.5422675975860985,-0.1108418805034513,1.440071150349998,0.1273421538779166,-0.9516712299922525,0.23105133749147858,6,18,7,18,0.3888888888888889,0.23105133749147858,Low
Cyprus,CYP,2015,Europe & Central Asia,,,,0.6143070150299891,0.7142915336800071,0.24388013274539325,1.8274660421777764,0.08426881661867265,-0.927119257372356,0.42618238047991364,6,18,16,18,0.8888888888888888,0.42618238047991364,High
Czechia,CZE,2015,Europe & Central Asia,,,,0.5617892834346213,0.7958248519952508,0.27542299306877527,1.594194730841041,0.19713786318337692,-0.9121934655943988,0.41869604282144435,6,18,15,18,0.8333333333333334,0.41869604282144435,High
Denmark,DNK,2015,Europe & Central Asia,,,,0.8158485029715038,1.0737188734442449,0.27619021768031493,1.5962793084070241,-0.12516489922738908,-0.8692223767240033,0.46127493775861583,6,18,15,18,0.8333333333333334,0.46127493775861583,High
Djibouti,DJI,2015,"Middle East, North Africa, Afghanistan & Pakistan","Middle East, North Africa, Afghanistan & Pakistan (excluding high income)",,,-0.4616421522562016,0.5422675975860985,-0.6351058638382772,0.07506565373947179,0.26475742510191186,-1.0959862812215466,-0.21844060348142388,6,18,12,18,0.6666666666666666,-0.21844060348142388,Medium
Dominica,DMA,2015,Latin America & Caribbean ,Latin America & Caribbean (excluding high income),,,0.40292409797848566,0.5752983431790624,-0.09334976110513406,1.440071150349998,-0.3634334775749543,-0.8927416353841542,0.1781281195738839,6,18,11,18,0.6111111111111112,0.1781281195738839,Medium
Dominican Republic,DOM,2015,Latin America & Caribbean ,Latin America & Caribbean (excluding high income),,,0.08742252946731051,0.5720794268560871,-0.07290939309172668,0.762104417053384,-0.42371750654452134,-0.9152977501923164,0.0016136205913695467,6,18,17,18,0.9444444444444444,0.0016136205913695467,High
Early-demographic dividend,EAR,2015,Aggregates,,,,0.04809145017620554,0.2991422321468246,-0.30478695939909634,0.4733999867412402,-0.4511169533586341,-1.085569880438526,-0.17014002068866438,6,18,14,18,0.7777777777777778,-0.17014002068866438,Medium
East Asia & Pacific,EAS,2015,Aggregates,,,,0.2305328314837718,0.5908157609429833,-0.17226416695742144,1.390622124463215,-0.41306600107093727,-1.0899643247280943,0.08944603735558616,6,18,16,18,0.8888888888888888,0.08944603735558616,High
East Asia & Pacific (IDA & IBRD countries),TEA,2015,Aggregates,,,,0.18550727732026132,0.5634904324104586,-0.1914756925542778,0.8068234551918693,-0.462007588206319,-1.0799606839457978,-0.029603799963967597,6,18,15,18,0.8333333333333334,-0.029603799963967597,High
East Asia & Pacific (excluding high income),EAP,2015,Aggregates,,,,0.17805674839100613,0.5634415634859661,-0.19621403461118012,0.806815653991421,-0.4620059174962647,-1.079062616038932,-0.03149476704633062,6,18,15,18,0.8333333333333334,-0.03149476704633062,High
Ecuador,ECU,2015,Latin America & Caribbean ,Latin America & Caribbean (excluding high income),,,0.04155108904670604,0.6714682965239938,-0.02270281625734653,1.1199644754199587,-0.4951808258686012,-0.9585684880962022,0.05942195512808476,6,18,17,18,0.9444444444444444,0.05942195512808476,High
"Egypt, Arab Rep.",EGY,2015,"Middle East, North Africa, Afghanistan & Pakistan","Middle East, North Africa, Afghanistan & Pakistan (excluding high income)",,,0.03166488348443796,0.4962767564579564,0.09258810287186597,0.33361124309029666,-0.5536226895382245,-1.09542693316582,-0.11581810613324793,6,18,15,18,0.8333333333333334,-0.11581810613324793,High
El Salvador,SLV,2015,Latin America & Caribbean ,Latin America & Caribbean (excluding high income),,,0.3240326944622571,0.3402517978645494,-0.10776327738749185,0.7121064990098146,-0.29724203310605546,-1.0205382502388838,-0.008192094899301653,6,18,15,18,0.8333333333333334,-0.008192094899301653,High
Equatorial Guinea,GNQ,2015,Sub-Saharan Africa ,Sub-Saharan Africa (excluding high income),,,-0.4481574500557119,0.5422675975860985,-0.5518270922881787,-0.244603387755386,-0.24932245697610125,-1.1040302259007764,-0.3426121692316759,6,18,12,18,0.6666666666666666,-0.3426121692316759,Medium
Eritrea,ERI,2015,Sub-Saharan Africa ,Sub-Saharan Africa (excluding high income),,,-0.7063995016279359,0.04116185626703454,-0.6056480492239037,0.42683688563607164,-0.3325323598402309,-1.035239970995057,-0.3686368566306702,6,18,11,18,0.6111111111111112,-0.3686368566306702,Medium
Estonia,EST,2015,Europe & Central Asia,,,,0.8140205070867137,0.8620136574204237,0.2508266746399947,1.8172113357047117,0.144757409919237,-0.8571798454389151,0.5052749565553609,6,18,16,18,0.8888888888888888,0.5052749565553609,High
Eswatini,SWZ,2015,Sub-Saharan Africa ,Sub-Saharan Africa (excluding high income),,,-0.1382529769343197,0.45404882406098307,-0.45433751569798053,0.20454857275600838,-0.2308169768844414,-0.9253052831177436,-0.18168589263624899,6,18,14,18,0.7777777777777778,-0.18168589263624899,Medium
Ethiopia,ETH,2015,Sub-Saharan Africa ,Sub-Saharan Africa (excluding high income),,,-0.46796968374505415,0.19267946028189875,-0.656329553136447,0.0373358239304085,-0.49148681191840166,-1.1807053684565376,-0.4277460221740222,6,18,14,18,0.7777777777777778,-0.4277460221740222,Medium
Euro area,EMU,2015,Aggregates,,,,0.43526141208064306,0.8419091654074133,0.2742110297332883,1.440071150349998,-0.2504789832317738,-0.9027680460565474,0.30636762138050355,6,18,12,18,0.6666666666666666,0.30636762138050355,Medium
Europe & Central Asia,ECS,2015,Aggregates,,,,0.5413941917359539,0.8596184919050286,0.18465308907945352,1.5511241773965911,-0.28679338937769633,-0.919581884541021,0.32173577936638503,6,18,16,18,0.8888888888888888,0.32173577936638503,High
Europe & Central Asia (IDA & IBRD countries),TEC,2015,Aggregates,,,,0.4414744687977525,0.8223752422046721,0.11984703909846335,1.7339882970182654,-0.39075532904825633,-0.9459527587673522,0.2968294932172575,6,18,16,18,0.8888888888888888,0.2968294932172575,High
Europe & Central Asia (excluding high income),ECA,2015,Aggregates,,,,0.2619567904009966,0.776428312350581,0.07723690248340787,1.714118249595673,-0.3857607657138203,-0.9749541714109493,0.2448375529509815,6,18,16,18,0.8888888888888888,0.2448375529509815,High
European Union,EUU,2015,Aggregates,,,,0.43128801916122667,0.8308847877912497,0.26304249373880645,1.440071150349998,-0.23413195312397247,-0.9078214881466139,0.3038888349617825,6,18,12,18,0.6666666666666666,0.3038888349617825,Medium
Faroe Islands,FRO,2015,Europe & Central Asia,,,,0.6692070460509528,0.5422675975860985,-0.07804355488681321,1.440071150349998,-0.13083819667398477,-0.9495020143804425,0.24886033800763477,6,18,8,18,0.4444444444444444,0.24886033800763477,Low
Fiji,FJI,2015,East Asia & Pacific,East Asia & Pacific (excluding high income),,,0.11176019755692514,0.6984505338941235,-0.37558514216666344,0.7587327933758318,-0.1309549815051891,-0.8560985511083722,0.03438414167444261,6,18,14,18,0.7777777777777778,0.03438414167444261,Medium
Finland,FIN,2015,Europe & Central Asia,,,,0.7527389052222734,1.2179284108883406,0.26865336414342317,1.6018775358309514,-0.33745160221160014,-0.8453092726975228,0.44307289019597756,6,18,15,18,0.8333333333333334,0.44307289019597756,High
France,FRA,2015,Europe & Central Asia,,,,0.5624360605546906,0.759687799928503,0.2615076447222176,1.5985366909588772,-0.38608681981184817,-0.8846437906845571,0.31857293094464717,6,18,15,18,0.8333333333333334,0.31857293094464717,High
French Polynesia,PYF,2015,East Asia & Pacific,,,,0.3015296568567369,0.5422675975860985,-0.07471658314239911,1.546729686085766,-0.43124052993929896,-0.9468238815684654,0.15629099097973967,6,18,9,18,0.5,0.15629099097973967,Low
Gabon,GAB,2015,Sub-Saharan Africa ,Sub-Saharan Africa (excluding high income),,,0.3308964589682392,0.5422675975860985,-0.1354887454948743,0.5235411266798047,-0.3217535663452895,-1.0290910457073694,-0.014938029052231813,6,18,11,18,0.6111111111111112,-0.014938029052231813,Medium
"Gambia, The",GMB,2015,Sub-Saharan Africa ,Sub-Saharan Africa (excluding high income),,,0.054986431937891954,0.3132540296487721,-0.6737291542727845,0.2665181477366388,-0.49981626400335494,-1.1960811101549933,-0.2891446531846383,6,18,14,18,0.7777777777777778,-0.2891446531846383,Medium
Georgia,GEO,2015,Europe & Central Asia,Europe & Central Asia (excluding high income),,,0.49224174790591574,0.7133500221576266,-0.05108659009865646,1.336758520841747,-0.16409241634349372,-0.990161173808775,0.2228350184423941,6,18,16,18,0.8888888888888888,0.2228350184423941,High
Germany,DEU,2015,Europe & Central Asia,,,,0.6875956585966273,0.7858602971209437,0.275814127184462,1.6050042228649015,-0.29769753050616826,-0.8883202411852666,0.3613760890125833,6,18,15,18,0.8333333333333334,0.3613760890125833,High
Ghana,GHA,2015,Sub-Saharan Africa ,Sub-Saharan Africa (excluding high income),,,0.08837547989345829,0.07330512198536358,-0.5534307421624957,-0.27692984411303423,-0.3114540197442591,-1.040833772620037,-0.3368279627935007,6,18,16,18,0.8888888888888888,-0.3368279627935007,High
Gibraltar,GIB,2015,Europe & Central Asia,,,,0.5453844524404753,0.5422675975860985,-0.07268734926297511,1.6056408870900076,-0.3325323598402309,-0.9506339725769585,0.22290654257273612,6,18,6,18,0.3333333333333333,0.22290654257273612,Low
Greece,GRC,2015,Europe & Central Asia,,,,0.5170276262465053,0.6211394178134663,0.2782511935975894,1.59599360080219,-0.3768957272165796,-0.9113723871933394,0.2873572873416386,6,18,14,18,0.7777777777777778,0.2873572873416386,Medium
Greenland,GRL,2015,Europe & Central Asia,,,,0.3911360901168856,0.5422675975860985,-0.14521083524887024,1.440071150349998,-0.283245096674991,-0.8258748919542898,0.18652400236247182,6,18,9,18,0.5,0.18652400236247182,Low
Grenada,GRD,2015,Latin America & Caribbean ,Latin America & Caribbean (excluding high income),,,0.2667259988055311,0.9818168584637572,-0.05406650706850413,1.5434543055479644,-0.305674773216972,-0.8954662209394112,0.25613161026539427,6,18,13,18,0.7222222222222222,0.25613161026539427,Medium
Guam,GUM,2015,East Asia & Pacific,,,,0.34384498303920835,0.5422675975860985,-0.11107626010046683,1.5975515844141792,-0.3348434855675599,-0.8459952218959591,0.19862486624591677,6,18,8,18,0.4444444444444444,0.19862486624591677,Low
Guatemala,GTM,2015,Latin America & Caribbean ,Latin America & Caribbean (excluding high income),,,0.0877098760523089,0.1611057966327724,-0.3928190393655348,0.590270902714291,-0.4608244289352787,-0.9948679379418892,-0.16823747180722173,6,18,16,18,0.8888888888888888,-0.16823747180722173,High
Guinea,GIN,2015,Sub-Saharan Africa ,Sub-Saharan Africa (excluding high income),,,-0.18651410604240323,0.5422675975860985,-0.7130309119618103,-0.25543310855766777,-0.32773526155621197,-1.0275325753299216,-0.3279963943103194,6,18,12,18,0.6666666666666666,-0.3279963943103194,Medium
Guinea-Bissau,GNB,2015,Sub-Saharan Africa ,Sub-Saharan Africa (excluding high income),,,-0.34193560238470183,0.5422675975860985,-0.6977839023875366,0.12217767519446365,-0.4255712851266284,-1.0567818428514633,-0.30960455999496134,6,18,12,18,0.6666666666666666,-0.30960455999496134,Medium
Guyana,GUY,2015,Latin America & Caribbean ,,,,-0.11311331124099726,0.5422675975860985,-0.04060818389250694,0.5507256939742672,-0.34179943598183105,-0.9348387948587408,-0.05622773906895171,6,18,11,18,0.6111111111111112,-0.05622773906895171,Medium
Haiti,HTI,2015,Latin America & Caribbean ,Latin America & Caribbean (excluding high income),,,-0.29199139922958806,0.5422675975860985,-0.6610664881498135,-0.3184614010902407,-0.523707235982115,-0.924857540381162,-0.36296941120780346,6,18,12,18,0.6666666666666666,-0.36296941120780346,Medium
Heavily indebted poor countries (HIPC),HPC,2015,Aggregates,,,,-0.10189651604322636,-0.13447245249696374,-0.6195776510659878,-0.18039816136622386,-0.42301124062506074,-1.0421834970557429,-0.4169232531088676,6,18,14,18,0.7777777777777778,-0.4169232531088676,Medium
Honduras,HND,2015,Latin America & Caribbean ,Latin America & Caribbean (excluding high income),,,-0.08954653041620292,0.1705586458526264,-0.35144487260816115,0.38088044855650677,-0.10894090421530193,-1.1254822301188594,-0.18732924049156538,6,18,17,18,0.9444444444444444,-0.18732924049156538,High
"Hong Kong SAR, China",HKG,2015,East Asia & Pacific,,,,0.9262475294911622,0.8207910684306808,-0.06291320858435286,1.6035480185655204,0.24046588397555332,-0.9487822177892357,0.4298928456815547,6,18,11,18,0.6111111111111112,0.4298928456815547,Medium
Hungary,HUN,2015,Europe & Central Asia,,,,0.4327821438824771,0.6944981134294919,0.19518032487359857,1.776631956011968,0.2559665891936916,-0.9286974641094563,0.4043936105469618,6,18,16,18,0.8888888888888888,0.4043936105469618,High
IBRD only,IBD,2015,Aggregates,,,,0.10840872567041454,0.5057315752817498,-0.1884421796433664,1.0212807683624305,-0.4635150321371532,-1.065251361581584,-0.01363125067458478,6,18,16,18,0.8888888888888888,-0.01363125067458478,High
IDA & IBRD total,IBT,2015,Aggregates,,,,0.009722579558610667,0.3426828086311165,-0.28398934570895745,0.33740667641069044,-0.4658108527564367,-1.0752964972528796,-0.18921410518630935,6,18,16,18,0.8888888888888888,-0.18921410518630935,High
IDA blend,IDB,2015,Aggregates,,,,-0.2517957076376695,-0.07806283766858602,-0.5354010168338382,-0.28865041917403156,-0.3309314551540223,-1.097740452851506,-0.43043031488660893,6,18,15,18,0.8333333333333334,-0.43043031488660893,High
IDA only,IDX,2015,Aggregates,,,,-0.2931205313219873,-0.05870744956408843,-0.5764668951132593,-0.3970852729408374,-0.4434883338932873,-1.0676117608089013,-0.47274670727372686,6,18,16,18,0.8888888888888888,-0.47274670727372686,High
IDA total,IDA,2015,Aggregates,,,,-0.2789343978184155,-0.06336062644076583,-0.5619158577158918,-0.3597909476129637,-0.4779521387984955,-1.3100001612209182,-0.5086590216012418,6,18,17,18,0.9444444444444444,-0.5086590216012418,High
Iceland,ISL,2015,Europe & Central Asia,,,,0.7455748586036582,0.940205630668256,0.293249682572203,1.5944373160943544,-0.18027019112730613,-0.8452605541333701,0.42465612377963263,6,18,15,18,0.8333333333333334,0.42465612377963263,High
India,IND,2015,South Asia,South Asia,,,-0.2428207089063532,0.36317896300740715,-0.3489592153029701,0.4244246649416747,-0.482146289654593,-1.092613946778873,-0.22982275544895123,6,18,14,18,0.7777777777777778,-0.22982275544895123,Medium
Indonesia,IDN,2015,East Asia & Pacific,East Asia & Pacific (excluding high income),,,0.13649070130981603,0.5217885978487792,-0.23427357775279,0.4880748785340168,-0.5006197606305552,-1.1056075962293594,-0.11569112615334877,6,18,17,18,0.9444444444444444,-0.11569112615334877,High
"Iran, Islamic Rep.",IRN,2015,"Middle East, North Africa, Afghanistan & Pakistan","Middle East, North Africa, Afghanistan & Pakistan (excluding high income)",,,0.07551004738101116,0.6647506831459088,0.12325482277610895,0.6222777377987986,-0.5560003790169286,-1.0860705144037006,-0.026046267053133582,6,18,16,18,0.8888888888888888,-0.026046267053133582,High
Iraq,IRQ,2015,"Middle East, North Africa, Afghanistan & Pakistan","Middle East, North Africa, Afghanistan & Pakistan (excluding high income)",,,-0.11231317221253656,0.5422675975860985,-0.035932927720460195,0.34412652093687707,-0.3538569817859692,-1.1020770485157088,-0.11963100195194983,6,18,11,18,0.6111111111111112,-0.11963100195194983,Medium
Ireland,IRL,2015,Europe & Central Asia,,,,0.5221748220942088,0.9326355354510222,0.2808236525892232,1.5336122111005626,0.37574022744189656,-0.8636095300498865,0.46356281977117114,6,18,15,18,0.8333333333333334,0.46356281977117114,High
Isle of Man,IMN,2015,Europe & Central Asia,,,,0.1861307036221765,0.5422675975860985,-0.08749643906387776,1.5892309651382366,-0.34249599248392343,-0.9413299014535421,0.1577178222241947,6,18,5,18,0.2777777777777778,0.1577178222241947,Low
Israel,ISR,2015,"Middle East, North Africa, Afghanistan & Pakistan",,,,0.6455886468319165,0.722126490468259,0.29684510771255695,1.6030483461422351,-0.4166932130093217,-0.9629757561926834,0.31465660365882714,6,18,15,18,0.8333333333333334,0.31465660365882714,High
Italy,ITA,2015,Europe & Central Asia,,,,0.5956930033135608,0.734938595456522,0.26904449825910987,1.8130488486348115,-0.43381863708852125,-0.9330922304364542,0.34096901302317145,6,18,16,18,0.8888888888888888,0.34096901302317145,High
Jamaica,JAM,2015,Latin America & Caribbean ,Latin America & Caribbean (excluding high income),,,0.19371356445438057,0.42295998157380144,-0.07579596286549702,1.1993261151432584,-0.3385812741785459,-0.9505364888129778,0.07518098921906996,6,18,12,18,0.6666666666666666,0.07518098921906996,Medium
Japan,JPN,2015,East Asia & Pacific,,,,0.7205772338524564,0.7473051156147292,0.2952580058200578,1.5955584094189976,-0.5561786670603759,-0.8923694412641786,0.3183584427302811,6,18,15,18,0.8333333333333334,0.3183584427302811,High
Jordan,JOR,2015,"Middle East, North Africa, Afghanistan & Pakistan","Middle East, North Africa, Afghanistan & Pakistan (excluding high income)",,,0.43855166527625894,0.5193664079516112,0.01872769039131276,0.6987609578952907,-0.3766426966528306,-1.0713430779495718,0.037903491152011824,6,18,12,18,0.6666666666666666,0.037903491152011824,Medium
Kazakhstan,KAZ,2015,Europe & Central Asia,Europe & Central Asia (excluding high income),,,0.6051470650219929,0.6386526041826646,0.13199471459113565,0.7971096219083798,-0.45678361665309347,-0.9432307998869044,0.12881493152736254,6,18,15,18,0.8333333333333334,0.12881493152736254,High
Kenya,KEN,2015,Sub-Saharan Africa ,Sub-Saharan Africa (excluding high income),,,-0.2094186278650602,0.2394040048016103,-0.6132345467062487,0.7380105035057296,-0.5170275432428552,-1.169870510951602,-0.25535612007640435,6,18,15,18,0.8333333333333334,-0.25535612007640435,High
Kiribati,KIR,2015,East Asia & Pacific,East Asia & Pacific (excluding high income),,,-0.4985210017448756,0.5422675975860985,-0.630183892300951,0.10845427544350279,-0.043624666774347176,-0.8615326568366964,-0.2305233907712115,6,18,12,18,0.6666666666666666,-0.2305233907712115,Medium
"Korea, Dem. People's Rep.",PRK,2015,East Asia & Pacific,East Asia & Pacific (excluding high income),,,-0.3856900185176748,0.48835590801293716,-0.5722427887650582,0.8887639504493198,-0.3325323598402309,-1.0075294906814394,-0.15347913322369106,6,18,9,18,0.5,-0.15347913322369106,Low
"Korea, Rep.",KOR,2015,East Asia & Pacific,,,,0.7021764929970172,0.9223896254495748,0.2781759754984183,1.5965380123345714,-0.3024842730173885,-0.9720605159779699,0.37078921954737054,6,18,14,18,0.7777777777777778,0.37078921954737054,Medium
Kuwait,KWT,2015,"Middle East, North Africa, Afghanistan & Pakistan",,,,0.7203256820949151,0.7346146346717886,0.24950870310632822,1.835734874696862,-0.19701298616976584,-1.1130064925089702,0.37169406931519305,6,18,16,18,0.8888888888888888,0.37169406931519305,High
Kyrgyz Republic,KGZ,2015,Europe & Central Asia,Europe & Central Asia (excluding high income),,,0.1796824289289404,0.5704989881240166,-0.1687014476198434,0.2835452957061915,-0.08807360009405278,-1.0254233394305179,-0.041411945730877586,6,18,16,18,0.8888888888888888,-0.041411945730877586,High
Lao PDR,LAO,2015,East Asia & Pacific,East Asia & Pacific (excluding high income),,,-0.35595974154137267,0.21088369164238271,-0.62859874607903,-0.5379584211601677,-0.21768734339650783,-0.9889834519964422,-0.41971733542185624,6,18,16,18,0.8888888888888888,-0.41971733542185624,High
Late-demographic dividend,LTE,2015,Aggregates,,,,0.25580240029443274,0.6378537830625959,-0.066183779303754,1.2755301051071857,-0.42587047683439944,-1.0563273021716924,0.10346745502572811,6,18,14,18,0.7777777777777778,0.10346745502572811,Medium
Latin America & Caribbean ,LCN,2015,Aggregates,,,,0.2866605770848603,0.6537803937821964,-0.0749939602222955,1.3296690845089096,-0.5091716719560003,-0.9585791560688759,0.12122754452146574,6,18,17,18,0.9444444444444444,0.12122754452146574,High
Latin America & Caribbean (excluding high income),LAC,2015,Aggregates,,,,0.2746976409121042,0.6349545641194672,-0.08078688876729478,1.2441339225586427,-0.5252183607832994,-0.9315593907195869,0.10270358122000552,6,18,16,18,0.8888888888888888,0.10270358122000552,High
Latin America & the Caribbean (IDA & IBRD countries),TLA,2015,Aggregates,,,,0.3002299221752332,0.6525429300293063,-0.07621448120519199,1.3154128870836155,-0.5144568296812213,-0.933351680504038,0.12402712464961729,6,18,16,18,0.8888888888888888,0.12402712464961729,High
Latvia,LVA,2015,Europe & Central Asia,,,,0.64567214229977,0.8859725123292724,0.1329599132396928,1.8051897552376317,0.025950962040839243,-0.9052172503374001,0.431754672468301,6,18,16,18,0.8888888888888888,0.431754672468301,High
Least developed countries: UN classification,LDC,2015,Aggregates,,,,-0.3252901127492657,-0.09480239718192744,-0.596336265669073,-0.2102080971629933,-0.468245661232777,-1.0717643213592478,-0.4611078092258807,6,18,15,18,0.8333333333333334,-0.4611078092258807,High
Lebanon,LBN,2015,"Middle East, North Africa, Afghanistan & Pakistan","Middle East, North Africa, Afghanistan & Pakistan (excluding high income)",,,0.14303799983462082,0.33543641687301234,0.0752563484609805,1.0166932478308937,-0.3482096866117043,-0.9986683384718438,0.03725766465265986,6,18,13,18,0.7222222222222222,0.03725766465265986,Medium
Lesotho,LSO,2015,Sub-Saharan Africa ,Sub-Saharan Africa (excluding high income),,,-0.025519641404230926,0.16104354195587325,-0.5142338385037134,-0.36664142578792847,0.029829433330111343,-0.9905756321048927,-0.2843495937524635,6,18,15,18,0.8333333333333334,-0.2843495937524635,High
Liberia,LBR,2015,Sub-Saharan Africa ,Sub-Saharan Africa (excluding high income),,,-0.2614860585577555,0.20786125257743585,-0.707177589920554,-0.2188980312206162,-0.35501964424762883,-0.975770251140973,-0.3850817204183486,6,18,12,18,0.6666666666666666,-0.3850817204183486,Medium
Libya,LBY,2015,"Middle East, North Africa, Afghanistan & Pakistan","Middle East, North Africa, Afghanistan & Pakistan (excluding high income)",,,0.27283512947642846,0.5422675975860985,-0.14068210393400796,0.4646081963964448,-0.4461488311370614,-0.9506810308088028,-0.042966840403483364,6,18,10,18,0.5555555555555556,-0.042966840403483364,Low
Liechtenstein,LIE,2015,Europe & Central Asia,,,,0.7227367097405263,0.6578160210951212,-0.07276076212776572,1.6056408870900076,-0.3325323598402309,-0.9475922410913201,0.272218042477723,6,18,9,18,0.5,0.272218042477723,Low
Lithuania,LTU,2015,Europe & Central Asia,,,,0.6977313541747975,0.8391934460993867,0.20599668753432795,1.5509045947871003,0.09339944374458904,-0.8964584928976108,0.4151278389070984,6,18,15,18,0.8333333333333334,0.4151278389070984,High
Low & middle income,LMY,2015,Aggregates,,,,0.08649091021201231,0.3361037855551801,-0.29577195565439407,0.21468826700754742,-0.47445594673973696,-1.1713226628922253,-0.21737793375193606,6,18,15,18,0.8333333333333334,-0.21737793375193606,High
Luxembourg,LUX,2015,Europe & Central Asia,,,,0.8721590759355151,0.5036461403980456,0.2366555847562574,1.603801545266424,0.23037005069282127,-0.8972370470313896,0.4248992250029456,6,18,15,18,0.8333333333333334,0.4248992250029456,High
"Macao SAR, China",MAC,2015,East Asia & Pacific,,,,0.8528074596002561,0.8272280557603438,-0.06925559870641673,1.6056063249741592,-0.19671116330334992,-0.9642139868023545,0.3425768485871063,6,18,11,18,0.6111111111111112,0.3425768485871063,Medium
Madagascar,MDG,2015,Sub-Saharan Africa ,Sub-Saharan Africa (excluding high income),,,-0.5217984793431639,-0.01377817114493137,-0.6781021841223639,-0.5099242241414219,-0.4017938933526708,-0.9189981198075863,-0.507399178652023,6,18,15,18,0.8333333333333334,-0.507399178652023,High
Malawi,MWI,2015,Sub-Saharan Africa ,Sub-Saharan Africa (excluding high income),,,-0.5332457663728717,-0.015263822250170755,-0.6771029868929818,0.07294683537240199,-0.3422647782290764,-0.9456115173752299,-0.4067570059579881,6,18,13,18,0.7222222222222222,-0.4067570059579881,Medium
Malaysia,MYS,2015,East Asia & Pacific,East Asia & Pacific (excluding high income),,,0.5622672919290178,0.5106256667238338,0.046039081327754396,1.7979852944909682,0.048398306970713754,-0.9741835341507143,0.3318553512152624,6,18,16,18,0.8888888888888888,0.3318553512152624,High
Maldives,MDV,2015,South Asia,South Asia,,,0.5750128642580483,0.4364956610520862,0.031970137622690374,1.1854780434918128,0.10641451420259433,-0.9077787820479432,0.23793207309654818,6,18,13,18,0.7222222222222222,0.23793207309654818,Medium
Mali,MLI,2015,Sub-Saharan Africa ,Sub-Saharan Africa (excluding high income),,,0.009301911573454169,-0.3314432424394139,-0.7120872256896162,0.4397743995672401,-0.4334027200038146,-1.1045554168647078,-0.3554020489761431,6,18,14,18,0.7777777777777778,-0.3554020489761431,Medium
Malta,MLT,2015,"Middle East, North Africa, Afghanistan & Pakistan",,,,0.6137489251583482,0.6072755064531826,0.27060903472185827,1.6051854461131239,0.27408486206562344,-0.9030885548229967,0.4113025366148566,6,18,15,18,0.8333333333333334,0.4113025366148566,High
Marshall Islands,MHL,2015,East Asia & Pacific,East Asia & Pacific (excluding high income),,,-0.4800451954818781,0.4593403039007545,-0.2720703717136108,0.5532279539145087,0.09650274370380334,-0.8367034368223463,-0.07995800041646144,6,18,13,18,0.7222222222222222,-0.07995800041646144,Medium
Mauritania,MRT,2015,Sub-Saharan Africa ,Sub-Saharan Africa (excluding high income),,,-0.13067613159913657,-0.1772225458042771,-0.3910735281561823,0.0933605482940238,-0.2911638826870187,-1.103797576532856,-0.33342885274757444,6,18,15,18,0.8333333333333334,-0.33342885274757444,High
Mauritius,MUS,2015,Sub-Saharan Africa ,Sub-Saharan Africa (excluding high income),,,0.43707434449999577,0.5767912852551641,-0.008941213705493611,1.6701651379568527,0.061101921010289995,-0.9068361808498433,0.3048925490278276,6,18,15,18,0.8333333333333334,0.3048925490278276,High
Mexico,MEX,2015,Latin America & Caribbean ,Latin America & Caribbean (excluding high income),,,0.17049232114051968,0.5952036233228805,-0.09123951579789669,0.5941632078504638,-0.3379158482536638,-0.9291702079426297,0.0002555967199456277,6,18,15,18,0.8333333333333334,0.0002555967199456277,High
"Micronesia, Fed. Sts.",FSM,2015,East Asia & Pacific,East Asia & Pacific (excluding high income),,,-0.46695555417482426,0.5422675975860985,-0.5939475730255231,1.2778455870214818,-0.10066027931122423,-0.8483378634965463,-0.031631347566756264,6,18,11,18,0.6111111111111112,-0.031631347566756264,Medium
"Middle East, North Africa, Afghanistan & Pakistan",MEA,2015,Aggregates,,,,0.07510215135768074,0.1637316774942421,-0.18069973038403045,0.6291757786572588,-0.3315176026009759,-1.1569036591892126,-0.13351856411083954,6,18,17,18,0.9444444444444444,-0.13351856411083954,High
"Middle East, North Africa, Afghanistan & Pakistan (IDA & IBRD)",TMN,2015,Aggregates,,,,-0.027284725233315727,0.5422675975860985,-0.2010223912697592,-0.05027181939915071,-0.49859554647628546,-1.0957958401634549,-0.22178378749264457,6,18,13,18,0.7222222222222222,-0.22178378749264457,Medium
"Middle East, North Africa, Afghanistan & Pakistan (excluding high income)",MNA,2015,Aggregates,,,,-0.013878063717202202,0.5422675975860985,-0.20080163344070492,0.0008983423373423912,-0.497098021222697,-1.0958198857841557,-0.2107386107068865,6,18,13,18,0.7222222222222222,-0.2107386107068865,Medium
Middle income,MIC,2015,Aggregates,,,,0.11495339013964623,0.39208944422891373,-0.26217469183130554,0.4905857016289355,-0.47293095321435885,-1.0846154050280192,-0.137015419012698,6,18,14,18,0.7777777777777778,-0.137015419012698,Medium
Moldova,MDA,2015,Europe & Central Asia,Europe & Central Asia (excluding high income),,,0.4150490602006287,0.7041015023167575,0.09556719090761602,0.8213962598648115,-0.2307618784464891,-0.903290983152964,0.15034352528172684,6,18,16,18,0.8888888888888888,0.15034352528172684,High
Monaco,MCO,2015,Europe & Central Asia,,,,0.6471761296673175,0.5422675975860985,0.30468930240266034,1.6056408870900076,-0.3231000537009201,-0.9179305812284636,0.30979054696945,6,18,11,18,0.6111111111111112,0.30979054696945,Medium
Mongolia,MNG,2015,East Asia & Pacific,East Asia & Pacific (excluding high income),,,0.010142096255256213,0.7274109816092573,-0.3681768378962606,0.6436002184636437,-0.22779125138183512,-1.0983859383793797,-0.05220012188821971,6,18,13,18,0.7222222222222222,-0.05220012188821971,Medium
Montenegro,MNE,2015,Europe & Central Asia,Europe & Central Asia (excluding high income),,,0.712662634644979,0.6956572033800329,0.003569739046457484,1.3124592070033871,-0.12526803341783987,-0.9694369786155698,0.27160729534024114,6,18,16,18,0.8888888888888888,0.27160729534024114,High
Morocco,MAR,2015,"Middle East, North Africa, Afghanistan & Pakistan","Middle East, North Africa, Afghanistan & Pakistan (excluding high income)",,,0.33277373936993665,0.4695514003581165,-0.02164194018664452,0.4205523791115469,-0.347955076859814,-0.9474581028948371,-0.015696266850282636,6,18,13,18,0.7222222222222222,-0.015696266850282636,Medium
Mozambique,MOZ,2015,Sub-Saharan Africa ,Sub-Saharan Africa (excluding high income),,,-0.2986403252443888,-0.2073846059185338,-0.6864349955846792,-0.41715647311297865,-0.14633623711989266,-0.9301095141465313,-0.4476770251878341,6,18,16,18,0.8888888888888888,-0.4476770251878341,High
Myanmar,MMR,2015,East Asia & Pacific,East Asia & Pacific (excluding high income),,,-0.24498537025809328,0.5422675975860985,-0.5422483682312017,-0.46335639201064516,-0.30444531793950885,-1.1383927736940944,-0.35852677075790745,6,18,13,18,0.7222222222222222,-0.35852677075790745,Medium
Namibia,NAM,2015,Sub-Saharan Africa ,Sub-Saharan Africa (excluding high income),,,0.03159198590679437,0.33863089362603294,-0.43295346141237906,1.0362052207433303,-0.17291998097999062,-1.0664908392048382,-0.04432269688684173,6,18,15,18,0.8333333333333334,-0.04432269688684173,High
Naoero,NRU,2015,East Asia & Pacific,,,,0.06545957745629513,0.5422675975860985,-0.08268548944092728,0.5908385425849288,0.23983240499182792,-0.8719912484102327,0.08062023079466508,6,18,9,18,0.5,0.08062023079466508,Low
Nepal,NPL,2015,South Asia,South Asia,,,-0.08240031688213224,0.23365385184399393,-0.4738712047439857,0.16528636905628144,-0.4732771672359612,-1.0886187768755013,-0.28653787413955084,6,18,14,18,0.7777777777777778,-0.28653787413955084,Medium
Netherlands,NLD,2015,Europe & Central Asia,,,,0.7618936400811308,0.9331046018345956,0.2811696558454078,1.6054786295930938,0.21702194943226713,-0.8852365471392326,0.48557198827454373,6,18,15,18,0.8333333333333334,0.48557198827454373,High
New Caledonia,NCL,2015,East Asia & Pacific,,,,0.3364475861635187,0.5422675975860985,-0.10637633239189219,1.5779025236529873,-0.4020004421040053,-0.9477810944364271,0.1667433064117133,6,18,8,18,0.4444444444444444,0.1667433064117133,Low
New Zealand,NZL,2015,East Asia & Pacific,,,,0.6605230563278641,0.9502129134996525,0.26329933984446113,1.5698715713965488,-0.4335715128125157,-0.870860355894402,0.35657916872693485,6,18,14,18,0.7777777777777778,0.35657916872693485,Medium
Nicaragua,NIC,2015,Latin America & Caribbean ,Latin America & Caribbean (excluding high income),,,0.05427407471467351,0.5422675975860985,-0.3102680781430109,0.5632453032064416,-0.15565103663634902,-0.9545334113343337,-0.04344425843441333,6,18,11,18,0.6111111111111112,-0.04344425843441333,Medium
Niger,NER,2015,Sub-Saharan Africa ,Sub-Saharan Africa (excluding high income),,,-0.5142794345452942,-0.12384428891086728,-0.6985302163675072,0.42869286540005197,-0.502542438261764,-1.1080555547396018,-0.41975984457083043,6,18,13,18,0.7222222222222222,-0.41975984457083043,Medium
Nigeria,NGA,2015,Sub-Saharan Africa ,Sub-Saharan Africa (excluding high income),,,-0.18069877928970293,0.2538233583854504,-0.7195688691417171,-0.45723258734532396,-0.3418080193012904,-1.3115326187506766,-0.4595029192405435,6,18,14,18,0.7777777777777778,-0.4595029192405435,Medium
North America,NAC,2015,Aggregates,,,,0.47478104311048624,0.8799513996710391,0.19169752290309508,1.5829229934554228,-0.5789998402078901,-0.8684586020305871,0.2803157528169276,6,18,15,18,0.8333333333333334,0.2803157528169276,High
North Macedonia,MKD,2015,Europe & Central Asia,Europe & Central Asia (excluding high income),,,0.3890099463108068,0.5184176610309295,0.08683617482829127,1.4730041134161833,-0.05536477027759342,-1.0146110207870667,0.23288201742025852,6,18,16,18,0.8888888888888888,0.23288201742025852,High
Northern Mariana Islands,MNP,2015,East Asia & Pacific,,,,0.1861307036221765,0.5422675975860985,-0.1054264782355661,1.4891828209864189,0.004035400309605437,-0.8341582305294922,0.2136719689565402,6,18,7,18,0.3888888888888889,0.2136719689565402,Low
Norway,NOR,2015,Europe & Central Asia,,,,0.7124809050263834,0.9338354004839634,0.30457752830729296,1.6014114992725517,-0.3511990590314917,-0.8532919976936039,0.3913023793941827,6,18,15,18,0.8333333333333334,0.3913023793941827,High
OECD members,OED,2015,Aggregates,,,,0.35093485690605636,0.8291166126946679,0.17723020769077116,1.440071150349998,-0.43624761955002445,-0.906778994642147,0.2423877022415537,6,18,12,18,0.6666666666666666,0.2423877022415537,Medium
Oman,OMN,2015,"Middle East, North Africa, Afghanistan & Pakistan",,,,0.6403989222299413,0.6737729890297192,0.20614501762589232,1.2544414364361614,-0.18499336457977023,-1.112751553334705,0.24616890790120652,6,18,15,18,0.8333333333333334,0.24616890790120652,High
Other small states,OSS,2015,Aggregates,,,,0.2948576640250406,0.25769866662272006,-0.23173473810724174,1.6701651379568527,0.04795538301528638,-0.9344416433101066,0.18408341170042522,6,18,14,18,0.7777777777777778,0.18408341170042522,Medium
Pacific island small states,PSS,2015,Aggregates,,,,-0.03025196535079343,0.3064958876739226,-0.48010077651526745,0.8899233418229212,-0.15285534324845543,-0.8693737230240094,-0.05602709644028031,6,18,12,18,0.6666666666666666,-0.05602709644028031,Medium
Pakistan,PAK,2015,"Middle East, North Africa, Afghanistan & Pakistan","Middle East, North Africa, Afghanistan & Pakistan (excluding high income)",,,-0.37721438128755036,0.0005923643354932192,-0.41239590360046385,-0.3696117445346527,-0.6004704162570094,-1.1879672489571138,-0.49117788838354953,6,18,16,18,0.8888888888888888,-0.49117788838354953,High
Palau,PLW,2015,East Asia & Pacific,,,,0.3524756247144785,0.5958047866768192,-0.03227537243019152,1.7235317798708112,0.05941051188539189,-0.8681916196475857,0.305125951844954,6,18,13,18,0.7222222222222222,0.305125951844954,Medium
Panama,PAN,2015,Latin America & Caribbean ,,,,0.45187549742306715,0.5006036795593832,0.020231825185420143,1.440071150349998,-0.16510686822245677,-0.9525208893047985,0.21585906583176886,6,18,14,18,0.7777777777777778,0.21585906583176886,Medium
Papua New Guinea,PNG,2015,East Asia & Pacific,East Asia & Pacific (excluding high income),,,-0.5065989924946356,0.5422675975860985,-0.6219065917958234,0.5037304524402838,-0.3182652095209532,-0.9243402533935642,-0.22085216619643233,6,18,10,18,0.5555555555555556,-0.22085216619643233,Low
Paraguay,PRY,2015,Latin America & Caribbean ,Latin America & Caribbean (excluding high income),,,0.2629218495890755,0.589390228589907,-0.2217281014283269,0.8505663825894035,-0.3603860400740319,-0.9351009362533159,0.03094389716878519,6,18,15,18,0.8333333333333334,0.03094389716878519,High
Peru,PER,2015,Latin America & Caribbean ,Latin America & Caribbean (excluding high income),,,0.1782424272206166,0.6404070912571488,-0.14044772433699246,0.7547703409054692,-0.49067149356110834,-1.0443870600531369,-0.017014403094667174,6,18,16,18,0.8888888888888888,-0.017014403094667174,High
Philippines,PHL,2015,East Asia & Pacific,East Asia & Pacific (excluding high income),,,0.1272016224668269,0.525130187924212,-0.36854841530616306,0.38749936863655005,-0.38783772868010785,-1.0459715976608417,-0.1270877604365873,6,18,16,18,0.8888888888888888,-0.1270877604365873,High
Poland,POL,2015,Europe & Central Asia,,,,0.6080319366730967,0.8374402351992284,0.27464072483740104,1.7858180042060177,-0.18535861782444207,-0.9434505906977266,0.3961869487322625,6,18,16,18,0.8888888888888888,0.3961869487322625,High
Portugal,PRT,2015,Europe & Central Asia,,,,0.49943451137098993,0.8362845098400267,0.2417854591196912,1.8025904892844666,-0.2723920319476845,-0.8713230605647214,0.3727299795171281,6,18,16,18,0.8888888888888888,0.3727299795171281,High
Post-demographic dividend,PST,2015,Aggregates,,,,0.39063155505895875,0.8655216321090506,0.23461643056569795,1.440071150349998,-0.422500167993405,-0.8946807099578203,0.2689433150220801,6,18,12,18,0.6666666666666666,0.2689433150220801,Medium
Pre-demographic dividend,PRE,2015,Aggregates,,,,-0.07738799606525569,-0.12068616302775763,-0.6198028519114288,-0.19579825572901513,-0.3411624384104468,-1.1025909092723403,-0.4095714357360407,6,18,13,18,0.7222222222222222,-0.4095714357360407,Medium
Puerto Rico (US),PRI,2015,Latin America & Caribbean ,,,,0.2686000128504391,0.966825235621077,0.09007160614601506,1.579319469190992,-0.10844600784168072,-0.8503253158325556,0.3243408333557145,6,18,13,18,0.7222222222222222,0.3243408333557145,Medium
Qatar,QAT,2015,"Middle East, North Africa, Afghanistan & Pakistan",,,,0.7762582357248289,0.4617718957416712,0.2766994442117,1.814438283997484,-0.2279822872530987,-1.1381876866195553,0.3271663143005051,6,18,15,18,0.8333333333333334,0.3271663143005051,High
Romania,ROU,2015,Europe & Central Asia,,,,0.3863489453643802,0.6025099039922702,0.160294170478282,1.7241081235326865,-0.24452815317133028,-0.9631309084856782,0.27760034695176844,6,18,16,18,0.8888888888888888,0.27760034695176844,High
Russian Federation,RUS,2015,Europe & Central Asia,,,,0.7037174790999235,0.8483995455765015,0.15579913687184796,1.4559084468527619,-0.4917400837745565,-0.8922557104568264,0.29663813569494196,6,18,15,18,0.8333333333333334,0.29663813569494196,High
Rwanda,RWA,2015,Sub-Saharan Africa ,Sub-Saharan Africa (excluding high income),,,-0.2654156122871914,0.024224240502791556,-0.665414846462865,-0.09388708478656875,-0.4612243888684187,-1.0737933232273142,-0.4225851691882611,6,18,14,18,0.7777777777777778,-0.4225851691882611,Medium
Samoa,WSM,2015,East Asia & Pacific,East Asia & Pacific (excluding high income),,,-0.1393619908515794,0.5235789717698495,-0.4406509808090997,0.9872678790375536,-0.303598113311782,-0.8552845968265567,-0.03800813849860244,6,18,13,18,0.7222222222222222,-0.03800813849860244,Medium
San Marino,SMR,2015,Europe & Central Asia,,,,0.36400702336591434,0.5422675975860985,0.2817015982427421,1.835734874696862,0.24058331870100516,-0.9244864610917206,0.3899679919168169,6,18,12,18,0.6666666666666666,0.3899679919168169,Medium
Sao Tome and Principe,STP,2015,Sub-Saharan Africa ,Sub-Saharan Africa (excluding high income),,,-0.07460982541799509,0.3220148946233381,-0.6549047719019578,0.1877003567172486,-0.08879458477975859,-0.944132201565993,-0.20878768872085296,6,18,15,18,0.8333333333333334,-0.20878768872085296,High
Saudi Arabia,SAU,2015,"Middle East, North Africa, Afghanistan & Pakistan",,,,0.7654625852199973,0.7219804728287279,0.23963662846258568,1.2435922394112702,-0.3721613342478829,-1.117248475290991,0.24687701939728454,6,18,14,18,0.7777777777777778,0.24687701939728454,Medium
Senegal,SEN,2015,Sub-Saharan Africa ,Sub-Saharan Africa (excluding high income),,,-0.03716303888289537,-0.16008550986771994,-0.4894327764089908,0.16519153750862894,-0.40429035148786036,-1.1041928681082096,-0.3383288345411746,6,18,15,18,0.8333333333333334,-0.3383288345411746,High
Serbia,SRB,2015,Europe & Central Asia,Europe & Central Asia (excluding high income),,,0.5084422103373223,0.6904553098902985,0.02815101385540349,1.5369845715001407,-0.19407514274867485,-1.0002197886280182,0.261623029034412,6,18,16,18,0.8888888888888888,0.261623029034412,High
Seychelles,SYC,2015,Sub-Saharan Africa ,,,,0.4570383866225564,0.40445775121650634,-4.7425659563911836e-05,1.61165055762644,0.2712581109732589,-0.8820899452820403,0.3103779059161929,6,18,15,18,0.8333333333333334,0.3103779059161929,High
Sierra Leone,SLE,2015,Sub-Saharan Africa ,Sub-Saharan Africa (excluding high income),,,-0.22231460696433505,-0.008239696146574799,-0.7293449654909178,-0.6934425105886658,-0.5975539475188025,-0.996384798916699,-0.5412134209376659,6,18,14,18,0.7777777777777778,-0.5412134209376659,Medium
Singapore,SGP,2015,East Asia & Pacific,,,,0.7647768476992743,0.597285112749696,0.27027807508550744,1.835734874696862,0.24196065626659669,-0.9902755118530734,0.45329334244081054,6,18,14,18,0.7777777777777778,0.45329334244081054,Medium
Sint Maarten (Dutch part),SXM,2015,Latin America & Caribbean ,,,,0.1861307036221765,0.3423859576104335,-0.11443775695240017,1.440071150349998,-0.35482680891171725,-0.9568262490789617,0.09041616610658815,6,18,5,18,0.2777777777777778,0.09041616610658815,Low
Slovak Republic,SVK,2015,Europe & Central Asia,,,,0.5758998678391433,0.6266738342722679,0.2506611948218193,1.5997892020682845,0.26240502244477154,-0.9292431399138078,0.39769766358874653,6,18,15,18,0.8333333333333334,0.39769766358874653,High
Slovenia,SVN,2015,Europe & Central Asia,,,,0.5185309828962746,0.9180360795484271,0.2766415262753389,1.57606301247388,0.14016935831408295,-0.9142947337757678,0.41919103762203935,6,18,15,18,0.8333333333333334,0.41919103762203935,High
Small states,SST,2015,Aggregates,,,,0.23238319672336807,0.2906335100616233,-0.2187120980870533,1.6701651379568527,0.00043913148104846034,-0.9201782893133377,0.17578843147041692,6,18,15,18,0.8333333333333334,0.17578843147041692,High
Solomon Islands,SLB,2015,East Asia & Pacific,East Asia & Pacific (excluding high income),,,-0.3347874163032791,0.5422675975860985,-0.5956930842348757,-0.0759237472489042,-0.24994538653263854,-0.901787307184413,-0.26931155731966866,6,18,12,18,0.6666666666666666,-0.26931155731966866,Medium
"Somalia, Fed. Rep.",SOM,2015,Sub-Saharan Africa ,Sub-Saharan Africa (excluding high income),,,-0.5322960834075815,0.5422675975860985,-0.7225479571774674,0.42996394470937505,-0.2689660581934847,-0.9453231917254818,-0.24948362470142363,6,18,11,18,0.6111111111111112,-0.24948362470142363,Medium
South Africa,ZAF,2015,Sub-Saharan Africa ,Sub-Saharan Africa (excluding high income),,,0.4849038806955308,0.5372377205608123,-0.16252258164537658,1.4163424483806757,-0.4365420051523099,-1.0058587511682153,0.13892678527851954,6,18,15,18,0.8333333333333334,0.13892678527851954,High
South Asia,SAS,2015,Aggregates,,,,-0.24932855398487433,0.24261818003799396,-0.3709151311106245,0.43017990402840073,-0.4811889899482546,-1.0923302787692182,-0.25349414495776285,6,18,15,18,0.8333333333333334,-0.25349414495776285,High
South Asia (IDA & IBRD),TSA,2015,Aggregates,,,,-0.24932855398487433,0.24261818003799396,-0.3709151311106245,0.43017990402840073,-0.4811889899482546,-1.0923302787692182,-0.25349414495776285,6,18,15,18,0.8333333333333334,-0.25349414495776285,High
South Sudan,SSD,2015,Sub-Saharan Africa ,Sub-Saharan Africa (excluding high income),,,-0.6280323873566686,0.05466310938578504,-0.829862973189922,-0.3458830648061335,-0.43808617570724867,-0.9646401644480372,-0.5253069426870375,6,18,13,18,0.7222222222222222,-0.5253069426870375,Medium
Spain,ESP,2015,Europe & Central Asia,,,,0.5314676335951504,1.1158791322155817,0.29549118192748675,1.603169728849206,-0.36439847064951963,-0.8866299746713704,0.3824965385444224,6,18,16,18,0.8888888888888888,0.3824965385444224,High
Sri Lanka,LKA,2015,South Asia,South Asia,,,-0.01724572205379804,0.45799282558176735,-0.31230265097246923,0.39806795718862625,-0.4727017670201808,-0.9632610084640136,-0.15157506095667803,6,18,15,18,0.8333333333333334,-0.15157506095667803,High
St. Kitts and Nevis,KNA,2015,Latin America & Caribbean ,,,,0.7714721086035433,1.0262995937163175,-0.01906993250360574,1.440071150349998,-0.3380059326605917,-0.8807123923482143,0.33334243252624124,6,18,12,18,0.6666666666666666,0.33334243252624124,Medium
St. Lucia,LCA,2015,Latin America & Caribbean ,Latin America & Caribbean (excluding high income),,,0.30796687999301203,0.40070397447658185,-0.036827270919598365,1.3084417757175097,-0.34439256287197323,-0.8822929601804163,0.1255999727025193,6,18,13,18,0.7222222222222222,0.1255999727025193,Medium
St. Martin (French part),MAF,2015,Latin America & Caribbean ,,,,0.1861307036221765,0.5422675975860985,-0.09019797231368838,1.2320818075695008,-0.3347954730469207,-0.9421966412332513,0.09888167036398593,6,18,5,18,0.2777777777777778,0.09888167036398593,Low
St. Vincent and the Grenadines,VCT,2015,Latin America & Caribbean ,Latin America & Caribbean (excluding high income),,,0.24872948307801349,0.5836532989067041,-0.060074026213060294,1.1764862285291187,-0.3217273948062125,-0.8917060571859943,0.12256025538476152,6,18,12,18,0.6666666666666666,0.12256025538476152,Medium
Sub-Saharan Africa ,SSF,2015,Aggregates,,,,-0.2530292844640671,-0.0922160617043255,-0.6166773099214927,-0.35099785036825865,-0.4273473229712039,-1.3373217473646337,-0.5129315961323303,6,18,17,18,0.9444444444444444,-0.5129315961323303,High
Sub-Saharan Africa (IDA & IBRD countries),TSS,2015,Aggregates,,,,-0.2536460728772658,-0.0922160617043255,-0.6166773099214927,-0.35099785036825865,-0.427347322971204,-1.0799412814868197,-0.4701376498882277,6,18,16,18,0.8888888888888888,-0.4701376498882277,High
Sub-Saharan Africa (excluding high income),SSA,2015,Aggregates,,,,-0.24496948183224054,-0.09223019651722332,-0.6167335336757903,-0.3430481252713197,-0.42826386778196185,-1.0799593219986738,-0.4675340878462016,6,18,16,18,0.8888888888888888,-0.4675340878462016,High
Sudan,SDN,2015,Sub-Saharan Africa ,Sub-Saharan Africa (excluding high income),,,-0.3025338153585864,0.09482485283934479,-0.37949640964044123,0.43130587208656346,-0.67586973125531,-1.0851482313962535,-0.3194862437874471,6,18,13,18,0.7222222222222222,-0.3194862437874471,Medium
Suriname,SUR,2015,Latin America & Caribbean ,Latin America & Caribbean (excluding high income),,,0.30794230827966745,0.4162319938881775,-0.07485227659330292,1.1791739882560779,-0.36977063249174713,-0.9326991358606729,0.08767104091303331,6,18,13,18,0.7222222222222222,0.08767104091303331,Medium
Sweden,SWE,2015,Europe & Central Asia,,,,0.7669071919770429,0.9922744932775722,0.285457087498131,1.603355924123952,-0.24268004108422045,-0.8554163197166232,0.4249830560126424,6,18,15,18,0.8333333333333334,0.4249830560126424,High
Switzerland,CHE,2015,Europe & Central Asia,,,,0.8446918546948368,0.7507442455883448,0.28356159139903253,1.5852868753606104,-0.062498279650190725,-0.888120960545118,0.4189442211412526,6,18,15,18,0.8333333333333334,0.4189442211412526,High
Syrian Arab Republic,SYR,2015,"Middle East, North Africa, Afghanistan & Pakistan","Middle East, North Africa, Afghanistan & Pakistan (excluding high income)",,,-0.1449975218490855,0.588492793432907,0.02801035600995433,0.4408081720627834,-0.46699672779525114,-0.9996137025183552,-0.09238277177617454,6,18,12,18,0.6666666666666666,-0.09238277177617454,Medium
Tajikistan,TJK,2015,Europe & Central Asia,Europe & Central Asia (excluding high income),,,-0.08428781909349327,0.45422418813794535,-0.019482351806351255,-0.20000409156011575,-0.4535200905449897,-1.0947802187680489,-0.23297506393917558,6,18,15,18,0.8333333333333334,-0.23297506393917558,High
Tanzania,TZA,2015,Sub-Saharan Africa ,Sub-Saharan Africa (excluding high income),,,-0.27428981599867375,-0.14161089977345862,-0.6598082397868882,-0.4892780943960646,-0.513667373857841,-0.9669895657908388,-0.5076073316006275,6,18,16,18,0.8888888888888888,-0.5076073316006275,High
Thailand,THA,2015,East Asia & Pacific,East Asia & Pacific (excluding high income),,,0.38953505608509076,0.814099382481202,-0.05835235760613803,1.0738310732097331,0.004257979859574879,-0.9566127851475024,0.21112639148032666,6,18,16,18,0.8888888888888888,0.21112639148032666,High
Timor-Leste,TLS,2015,East Asia & Pacific,East Asia & Pacific (excluding high income),,,0.012308610262075284,0.2889761905551385,-0.6172621750444368,-0.0740884109476297,-0.40848230038076094,-0.90674105556724,-0.28421485685380893,6,18,14,18,0.7777777777777778,-0.28421485685380893,Medium
Togo,TGO,2015,Sub-Saharan Africa ,Sub-Saharan Africa (excluding high income),,,-0.36750729355844286,0.21113389664875615,-0.6678141533902083,0.09791372890323964,-0.3343565660573762,-1.3393893878228473,-0.40000329587947975,6,18,15,18,0.8333333333333334,-0.40000329587947975,High
Tonga,TON,2015,East Asia & Pacific,East Asia & Pacific (excluding high income),,,-0.1275805256568539,0.6204210070383918,-0.18042178139640497,0.7969467062597886,-0.2702470315580135,-0.8556873974240653,-0.0027615037895262207,6,18,14,18,0.7777777777777778,-0.0027615037895262207,Medium
Trinidad and Tobago,TTO,2015,Latin America & Caribbean ,,,,0.6305829292881596,0.5422675975860985,-0.00876339811905417,1.4161400950716219,-0.346787577642591,-0.9086154169562262,0.2208040382046681,6,18,11,18,0.6111111111111112,0.2208040382046681,Medium
Tunisia,TUN,2015,"Middle East, North Africa, Afghanistan & Pakistan","Middle East, North Africa, Afghanistan & Pakistan (excluding high income)",,,0.29987495903548106,0.4696336748232642,0.023137727545683995,0.7972938395982374,-0.24502477611958876,-0.9302627636851747,0.06910877686631721,6,18,16,18,0.8888888888888888,0.06910877686631721,High
Turkiye,TUR,2015,Europe & Central Asia,Europe & Central Asia (excluding high income),,,0.16488384563118275,1.033022000146061,0.133320809679513,1.6701651379568527,-0.4350253614524841,-0.9956239420454039,0.26179041498595357,6,18,16,18,0.8888888888888888,0.26179041498595357,High
Turkmenistan,TKM,2015,Europe & Central Asia,Europe & Central Asia (excluding high income),,,0.0659333110253784,0.5422675975860985,0.19760249810308936,0.5432027500665625,-0.3055229923417772,-1.013286023385575,0.005032856842296078,6,18,12,18,0.6666666666666666,0.005032856842296078,Medium
Turks and Caicos Islands,TCA,2015,Latin America & Caribbean ,,,,0.1861307036221765,0.31078541830749,-0.1056670257167136,1.440071150349998,-0.30169126047411204,-0.9703064375545328,0.09322042475571769,6,18,6,18,0.3333333333333333,0.09322042475571769,Low
Tuvalu,TUV,2015,East Asia & Pacific,East Asia & Pacific (excluding high income),,,-0.24249938374336655,0.5239937369035731,-0.25928434790800026,0.5274021726678089,-0.28317300782661486,-0.8504740123436463,-0.09733914037504099,6,18,11,18,0.6111111111111112,-0.09733914037504099,Medium
Uganda,UGA,2015,Sub-Saharan Africa ,Sub-Saharan Africa (excluding high income),,,-0.43874036790941107,0.5422675975860985,-0.6752094464644616,-0.5575569579376153,-0.5373179111293759,-1.0298433214335558,-0.4494000678813868,6,18,13,18,0.7222222222222222,-0.4494000678813868,Medium
Ukraine,UKR,2015,Europe & Central Asia,Europe & Central Asia (excluding high income),,,0.44166805292381817,0.7670003153990725,0.1225085087961385,1.3843363983989836,-0.17442334345942426,-0.9125991282005407,0.27141513397634126,6,18,15,18,0.8333333333333334,0.27141513397634126,High
United Arab Emirates,ARE,2015,"Middle East, North Africa, Afghanistan & Pakistan",,,,0.8516780241292832,0.5422675975860985,0.29699795089007164,1.8267862866624387,0.24018680014835983,-1.1184632160398316,0.4399089072294035,6,18,13,18,0.7222222222222222,0.4399089072294035,Medium
United Kingdom,GBR,2015,Europe & Central Asia,,,,0.740206894963339,0.8606870672900776,0.2530832176151123,1.6050494489004665,-0.4211308593107619,-0.8785767135829378,0.35988650931254934,6,18,15,18,0.8333333333333334,0.35988650931254934,High
United States,USA,2015,North America,,,,0.4737163072077508,0.8852658540345196,0.189764621733316,1.583280553311116,-0.5982441006640166,-0.8695108766119534,0.2773787265017888,6,18,15,18,0.8333333333333334,0.2773787265017888,High
Uruguay,URY,2015,Latin America & Caribbean ,,,,0.7016904111715582,0.822976696084439,0.1872651242978778,1.6701651379568527,-0.5024248484549814,-0.8790498549574104,0.33343711101638934,6,18,16,18,0.8888888888888888,0.33343711101638934,High
Uzbekistan,UZB,2015,Europe & Central Asia,Europe & Central Asia (excluding high income),,,-0.0707339669144719,0.4277572424872875,-0.03943545697333162,0.037944357497507276,-0.5769410868125328,-1.0259155289635549,-0.20788740661318272,6,18,16,18,0.8888888888888888,-0.20788740661318272,High
Vanuatu,VUT,2015,East Asia & Pacific,East Asia & Pacific (excluding high income),,,-0.25449533720609213,0.33663538610819876,-0.5578222756644708,0.6401302324499171,-0.2038171521975729,-0.8786963850620926,-0.15301092192868546,6,18,14,18,0.7777777777777778,-0.15301092192868546,Medium
"Venezuela, RB",VEN,2015,Latin America & Caribbean ,Latin America & Caribbean (excluding high income),,,0.1893814004272011,0.5850728339358665,-0.03206566436970393,0.5569568865679785,-0.45395948161100047,-0.9599190672819162,-0.019088848721929064,6,18,13,18,0.7222222222222222,-0.019088848721929064,Medium
Viet Nam,VNM,2015,East Asia & Pacific,East Asia & Pacific (excluding high income),,,0.32044043776724923,0.469784548289728,-0.12735330632478248,0.5094609816318092,0.14663626361349594,-0.988406702988585,0.05509370366481914,6,18,14,18,0.7777777777777778,0.05509370366481914,Medium
Virgin Islands (U.S.),VIR,2015,Latin America & Caribbean ,,,,0.23605125096634108,0.5422675975860985,-0.09520584292026739,1.5955985639918289,-0.26096546361036915,-0.8577534777744633,0.1933321047065281,6,18,9,18,0.5,0.1933321047065281,Low
West Bank and Gaza,PSE,2015,"Middle East, North Africa, Afghanistan & Pakistan","Middle East, North Africa, Afghanistan & Pakistan (excluding high income)",,,0.0613066793707662,0.6170007843007331,-0.015399212510975388,0.6976818111415403,-0.33710866655662736,-0.9761767570503865,0.007884106449175032,6,18,15,18,0.8333333333333334,0.007884106449175032,High
World,WLD,2015,Aggregates,,,,0.10100726471202921,0.4108816750355171,-0.23677047306795043,1.4317591851442322,-0.42729274597929984,-1.1228210908884315,0.026127302492682802,6,18,17,18,0.9444444444444444,0.026127302492682802,High
"Yemen, Rep.",YEM,2015,"Middle East, North Africa, Afghanistan & Pakistan","Middle East, North Africa, Afghanistan & Pakistan (excluding high income)",,,-0.3537932161269972,0.5422675975860985,-0.311736034566424,-0.2746947710183327,-0.7808055842676036,-1.1040085150363297,-0.3804617539049315,6,18,12,18,0.6666666666666666,-0.3804617539049315,Medium
Zambia,ZMB,2015,Sub-Saharan Africa ,Sub-Saharan Africa (excluding high income),,,-0.31766576340227054,0.5422675975860985,-0.6141658972101788,-0.12341648426545548,-0.2910320160725037,-1.2347159306373279,-0.3397880823336063,6,18,13,18,0.7222222222222222,-0.3397880823336063,Medium
Zimbabwe,ZWE,2015,Sub-Saharan Africa ,Sub-Saharan Africa (excluding high income),,,-0.11375306899503142,0.3615948564239535,-0.5268224900171005,-0.3285949200447962,-0.4294959170222139,-0.9359064816816156,-0.3288296702228007,6,18,14,18,0.7777777777777778,-0.3288296702228007,Medium
Afghanistan,AFG,2016,"Middle East, North Africa, Afghanistan & Pakistan","Middle East, North Africa, Afghanistan & Pakistan (excluding high income)",,,-0.3895904396980223,0.23752666867604566,-0.5222666544953612,-0.5728875552407917,-0.4002997025295911,-1.0147428769795155,-0.44371009337787265,6,18,13,18,0.7222222222222222,-0.44371009337787265,Medium
Africa Eastern and Southern,AFE,2016,Aggregates,,,,-0.3506142525304359,-0.12169083494582411,-0.5808072842045241,0.07096283659547731,-0.48352348255041316,-0.9539936520126299,-0.40327777827472494,6,18,16,18,0.8888888888888888,-0.40327777827472494,High
Africa Western and Central,AFW,2016,Aggregates,,,,-0.22141087252605576,-0.2025474634157257,-0.6524854258625244,-0.36238998913906534,-0.41209531222123247,-1.0462374228787963,-0.48286108100723335,6,18,15,18,0.8333333333333334,-0.48286108100723335,High
Albania,ALB,2016,Europe & Central Asia,Europe & Central Asia (excluding high income),,,0.22245887521512622,0.5595536589374516,0.022997029742399217,1.2196395960755897,-0.3355279503473823,-0.8787533439078553,0.13506131095255486,6,18,16,18,0.8888888888888888,0.13506131095255486,High
Algeria,DZA,2016,"Middle East, North Africa, Afghanistan & Pakistan","Middle East, North Africa, Afghanistan & Pakistan (excluding high income)",,,0.1130930648697409,0.4299510643194206,-0.0658721387883638,-0.1258801981365979,-0.48877850464743816,-0.9018417795888373,-0.1732214153286793,6,18,14,18,0.7777777777777778,-0.1732214153286793,Medium
American Samoa,ASM,2016,East Asia & Pacific,,,,0.1335234708108454,0.438159879906459,-0.17273866326656284,1.5481620179561453,0.09773045947333574,-0.8163231843543589,0.20475233008764393,6,18,7,18,0.3888888888888889,0.20475233008764393,Low
Andorra,AND,2016,Europe & Central Asia,,,,0.5241669866400244,0.2978307942502521,0.16449662972516224,1.6535593406209372,-0.37840223980225246,-0.8444440210741045,0.23620124839333653,6,18,13,18,0.7222222222222222,0.23620124839333653,Medium
Angola,AGO,2016,Sub-Saharan Africa ,Sub-Saharan Africa (excluding high income),,,-0.41827879073142765,0.04788879208499641,-0.423322049121668,-0.2443804922394545,-0.5378286583780646,-0.9335253610460957,-0.41824109323861897,6,18,14,18,0.7777777777777778,-0.41824109323861897,Medium
Antigua and Barbuda,ATG,2016,Latin America & Caribbean ,,,,0.7456110422320578,0.438159879906459,0.02477631357720535,1.5635615256695035,-0.029168528972981278,-0.8534776145040208,0.3149104363180372,6,18,11,18,0.6111111111111112,0.3149104363180372,Medium
Arab World,ARB,2016,Aggregates,,,,0.07876563517028466,0.15278542365592696,-0.16186679400232065,0.7804689722613913,-0.3490530843610638,-1.0262324999899815,-0.08752205787762717,6,18,14,18,0.7777777777777778,-0.08752205787762717,Medium
Argentina,ARG,2016,Latin America & Caribbean ,Latin America & Caribbean (excluding high income),,,0.48282455084562265,0.7709516124130733,-0.04673994714301575,1.909031968178689,-0.6446847553199753,-0.8806345861840278,0.26512480713172776,6,18,15,18,0.8333333333333334,0.26512480713172776,High
Armenia,ARM,2016,Europe & Central Asia,Europe & Central Asia (excluding high income),,,0.2618240686907414,0.5459561309915628,0.017660780594905206,1.48270381325106,-0.35112779029982394,-0.9410193850441136,0.1693329363640553,6,18,15,18,0.8333333333333334,0.1693329363640553,High
Aruba,ABW,2016,Latin America & Caribbean ,,,,0.35547672494951726,0.28343420445579875,-0.1568619767406009,1.5635615256695035,-0.018991168784955697,-0.9099568784596221,0.1861104051816068,6,18,7,18,0.3888888888888889,0.1861104051816068,Low
Australia,AUS,2016,East Asia & Pacific,,,,0.44637965557206716,1.2034788549803759,0.17522587816122262,1.5635615256695035,-0.5411734485985399,-0.8339601465750054,0.33558538653493736,6,18,14,18,0.7777777777777778,0.33558538653493736,Medium
Austria,AUT,2016,Europe & Central Asia,,,,0.5231447724359279,0.6987125330613964,0.17080604364474394,1.6988232801157552,-0.20931871965176194,-0.8705085728990131,0.3352765561178414,6,18,15,18,0.8333333333333334,0.3352765561178414,High
Azerbaijan,AZE,2016,Europe & Central Asia,Europe & Central Asia (excluding high income),,,0.30265969501390255,0.37868713249511615,0.01875412213632316,1.1306648672904827,-0.3005068955617991,-0.9207456414424319,0.10158554665526559,6,18,16,18,0.8888888888888888,0.10158554665526559,High
"Bahamas, The",BHS,2016,Latin America & Caribbean ,,,,0.27546914098730313,0.41071171806852763,-0.07062419530716892,1.5635615256695035,-0.41312052744638955,-0.8321938820455438,0.15563396332103868,6,18,12,18,0.6666666666666666,0.15563396332103868,Medium
Bahrain,BHR,2016,"Middle East, North Africa, Afghanistan & Pakistan",,,,0.9815248208064906,0.5030961198638326,0.1038257883180207,1.5606351212094112,-0.044247626216497325,-1.052598149331171,0.34203934577501444,6,18,15,18,0.8333333333333334,0.34203934577501444,High
Bangladesh,BGD,2016,South Asia,South Asia,,,-0.21288074557587278,0.05410426265323672,-0.5281300790709836,0.09640887343901507,-0.5657032829367802,-1.1350981723150295,-0.3818831906344024,6,18,17,18,0.9444444444444444,-0.3818831906344024,High
Barbados,BRB,2016,Latin America & Caribbean ,,,,0.42167697500446905,0.5743620887394643,-0.023401217949851633,1.5635615256695035,-0.39211001179652794,-0.8630111486369939,0.2135130351716772,6,18,13,18,0.7222222222222222,0.2135130351716772,Medium
Belarus,BLR,2016,Europe & Central Asia,Europe & Central Asia (excluding high income),,,0.43466590226028584,0.7611900276034976,0.15265935147587717,1.6642840304372075,-0.09979675226002271,-0.8712070258330171,0.3402992556139714,6,18,15,18,0.8333333333333334,0.3402992556139714,High
Belgium,BEL,2016,Europe & Central Asia,,,,0.49548444770221245,0.9990287903830142,0.17517246626374242,2.0483976584086476,0.10354934331753811,-0.8605183944382753,0.4935190519394799,6,18,16,18,0.8888888888888888,0.4935190519394799,High
Belize,BLZ,2016,Latin America & Caribbean ,Latin America & Caribbean (excluding high income),,,-0.18451503777306189,0.3107175411034622,-0.17354344703184435,1.6655356796997605,-0.25534140823430584,-0.8908126655246384,0.078673443706562,6,18,14,18,0.7777777777777778,0.078673443706562,Medium
Benin,BEN,2016,Sub-Saharan Africa ,Sub-Saharan Africa (excluding high income),,,-0.294176324490674,0.06457521087546732,-0.6704289880995365,0.11337492718466786,-0.4460690077722707,-1.0414642181941913,-0.3790314000827562,6,18,14,18,0.7777777777777778,-0.3790314000827562,Medium
Bermuda,BMU,2016,North America,,,,0.4937312962641074,0.438159879906459,-0.12983876132951533,1.5635615256695035,-0.37616727322733484,-0.8266478820936148,0.19379979753160081,6,18,9,18,0.5,0.19379979753160081,Low
Bhutan,BTN,2016,South Asia,South Asia,,,-0.012878202215372572,0.41404023864970335,-0.1840768073338964,0.48471259060350996,-0.3121502576700104,-0.9678735774320818,-0.09637100256635796,6,18,13,18,0.7222222222222222,-0.09637100256635796,Medium
Bolivia,BOL,2016,Latin America & Caribbean ,Latin America & Caribbean (excluding high income),,,-0.06447707269665247,0.4410780848452089,-0.19845889543862127,0.16538034890707623,-0.44730001384576124,-0.995323209464817,-0.18318345961559448,6,18,14,18,0.7777777777777778,-0.18318345961559448,Medium
Bosnia and Herzegovina,BIH,2016,Europe & Central Asia,Europe & Central Asia (excluding high income),,,0.1801363873018661,0.46355624327839573,-0.17912413917207992,1.8476801469916273,-0.2627101964808341,-0.960453163943752,0.18151421299587053,6,18,15,18,0.8333333333333334,0.18151421299587053,High
Botswana,BWA,2016,Sub-Saharan Africa ,Sub-Saharan Africa (excluding high income),,,0.2548031948237016,0.31364898913062195,-0.3258665674497201,0.8187267306653836,-0.18979853892039558,-0.8881073917438748,-0.002765597249047217,6,18,14,18,0.7777777777777778,-0.002765597249047217,Medium
Brazil,BRA,2016,Latin America & Caribbean ,Latin America & Caribbean (excluding high income),,,0.27236191071431815,0.5476201199951439,-0.0879297836204675,1.9557470639805261,-0.658622471441935,-0.9043906423275949,0.18746436621666507,6,18,17,18,0.9444444444444444,0.18746436621666507,High
British Virgin Islands,VGB,2016,Latin America & Caribbean ,,,,0.3764736529006984,0.45091431968187484,-0.15092738081158621,1.5635615256695035,-0.3882795016411134,-0.895878532848491,0.15931068049181435,6,18,8,18,0.4444444444444444,0.15931068049181435,Low
Brunei Darussalam,BRN,2016,East Asia & Pacific,,,,0.4184451946521139,0.34660783606615997,-0.04673994714301575,1.909031968178689,-0.3131807919618624,-0.8568212157052404,0.24289050734780737,6,18,14,18,0.7777777777777778,0.24289050734780737,Medium
Bulgaria,BGR,2016,Europe & Central Asia,,,,0.3564417354831593,0.7018123206410364,0.033504084684942224,1.687646116182606,-0.07471710930654851,-0.9177871963794452,0.29781665855095835,6,18,14,18,0.7777777777777778,0.29781665855095835,Medium
Burkina Faso,BFA,2016,Sub-Saharan Africa ,Sub-Saharan Africa (excluding high income),,,-0.3151662967592368,-0.08274148024631171,-0.6458474975817541,0.42639727081917406,-0.43813839802762145,-1.047681410574184,-0.350529635394989,6,18,13,18,0.7222222222222222,-0.350529635394989,Medium
Burundi,BDI,2016,Sub-Saharan Africa ,Sub-Saharan Africa (excluding high income),,,-0.517600850397113,-0.14946963183364517,-0.6895576580035748,0.42456364974658506,-0.3907816610556211,-1.0220827421252188,-0.390821482278098,6,18,13,18,0.7222222222222222,-0.390821482278098,Medium
Cabo Verde,CPV,2016,Sub-Saharan Africa ,Sub-Saharan Africa (excluding high income),,,0.14428584581101928,0.36403559898548304,-0.19704641780975984,1.282697858385222,-0.22555711893505848,-0.9120050446141897,0.0760684536371194,6,18,14,18,0.7777777777777778,0.0760684536371194,Medium
Cambodia,KHM,2016,East Asia & Pacific,East Asia & Pacific (excluding high income),,,0.07773885320017866,0.438159879906459,-0.511924909375519,0.2610949497416608,-0.06448397502955587,-0.9126728513544142,-0.1186813421518651,6,18,12,18,0.6666666666666666,-0.1186813421518651,Medium
Cameroon,CMR,2016,Sub-Saharan Africa ,Sub-Saharan Africa (excluding high income),,,-0.23257979748928573,0.10213605873444431,-0.5641646827654256,-0.23316716289986364,-0.540520761186325,-1.048033159861093,-0.4193882509112581,6,18,14,18,0.7777777777777778,-0.4193882509112581,Medium
Canada,CAN,2016,North America,,,,0.3730080903261183,0.6865345067433136,0.13959213075736884,1.692208268602507,-0.413673838080227,-0.8329681997551148,0.27411682643232765,6,18,15,18,0.8333333333333334,0.27411682643232765,High
Caribbean small states,CSS,2016,Aggregates,,,,0.1359534676058284,0.3048805384137552,-0.09912404939774526,1.5635615256695035,-0.41887638056398435,-0.8775933644570276,0.10146695621172162,6,18,11,18,0.6111111111111112,0.10146695621172162,Medium
Cayman Islands,CYM,2016,Latin America & Caribbean ,,,,0.6845293975951768,0.438159879906459,-0.14138494473753385,1.5635615256695035,-0.3939785154844759,-0.9186056418935014,0.20538028350927137,6,18,7,18,0.3888888888888889,0.20538028350927137,Low
Central African Republic,CAF,2016,Sub-Saharan Africa ,Sub-Saharan Africa (excluding high income),,,-0.6287344974894539,0.021338267422841364,-0.74041780208157,-0.6344601037285776,-0.47859684978952904,-1.0073117566820948,-0.578030457058064,6,18,14,18,0.7777777777777778,-0.578030457058064,Medium
Central Europe and the Baltics,CEB,2016,Aggregates,,,,0.3108221222407601,0.6568480249175809,0.13975804886788606,1.909031968178689,-0.09502776825719043,-0.8997762875754067,0.3369426847287198,6,18,14,18,0.7777777777777778,0.3369426847287198,Medium
Chad,TCD,2016,Sub-Saharan Africa ,Sub-Saharan Africa (excluding high income),,,-0.5565212002007257,-0.29672135326293236,-0.7152121935417326,-0.7015232343350847,-0.5691141027264676,-1.048850835089517,-0.6479904865260767,6,18,15,18,0.8333333333333334,-0.6479904865260767,High
Channel Islands,CHI,2016,Europe & Central Asia,,,,0.1335234708108454,0.438159879906459,-0.12587506441751653,1.263585303606832,-0.3934661706501821,-0.9072422266545616,0.06811419876697938,6,18,3,18,0.16666666666666666,0.06811419876697938,Low
Chile,CHL,2016,Latin America & Caribbean ,,,,0.45211218018162835,0.7384389592449078,0.12511149770179317,2.034178916293957,-0.4611814270340023,-0.9286044130041485,0.32667595223068924,6,18,15,18,0.8333333333333334,0.32667595223068924,High
China,CHN,2016,East Asia & Pacific,East Asia & Pacific (excluding high income),,,0.15847996821650956,0.45954200686691643,-0.09870050983884505,1.0228182129982624,-0.5391794940654194,-1.0380895289813334,-0.005854890800651602,6,18,14,18,0.7777777777777778,-0.005854890800651602,Medium
Colombia,COL,2016,Latin America & Caribbean ,Latin America & Caribbean (excluding high income),,,0.273017606328179,0.5790444551879682,-0.11778342900876766,1.8991357198345724,-0.5668648185497349,-0.9592082684503319,0.1845568775569808,6,18,17,18,0.9444444444444444,0.1845568775569808,High
Comoros,COM,2016,Sub-Saharan Africa ,Sub-Saharan Africa (excluding high income),,,-0.41073551148554754,0.438159879906459,-0.6358889828263318,0.029146099213487948,-0.5609965321175513,-0.8631861092118767,-0.3339168594202267,6,18,12,18,0.6666666666666666,-0.3339168594202267,Medium
"Congo, Dem. Rep.",COD,2016,Sub-Saharan Africa ,Sub-Saharan Africa (excluding high income),,,-0.547095971076457,0.15646862993177998,-0.6781045448269154,-0.6733713814087429,-0.41562232463593424,-1.0207290623621363,-0.529742442396401,6,18,15,18,0.8333333333333334,-0.529742442396401,High
"Congo, Rep.",COG,2016,Sub-Saharan Africa ,Sub-Saharan Africa (excluding high income),,,-0.1296648095139763,0.438159879906459,-0.5208158538300578,-0.33396271437696484,-0.16115544650938948,-1.0099989378957617,-0.28623964703661514,6,18,12,18,0.6666666666666666,-0.28623964703661514,Medium
Costa Rica,CRI,2016,Latin America & Caribbean ,,,,0.5788718733553077,0.6263239952155121,0.01776867262781519,1.9417947553172388,-0.41329484945702905,-0.9094385409931908,0.30700431767760894,6,18,16,18,0.8888888888888888,0.30700431767760894,High
Cote d'Ivoire,CIV,2016,Sub-Saharan Africa ,Sub-Saharan Africa (excluding high income),,,0.015958402388271023,-0.21496118013002782,-0.5481730271301377,0.24073427373892745,-0.4880816357425292,-0.9450336771379163,-0.3232594740022354,6,18,15,18,0.8333333333333334,-0.3232594740022354,High
Croatia,HRV,2016,Europe & Central Asia,,,,0.32961848006033373,0.6452283847347877,0.1613921967138747,1.977447423829888,-0.24138289004258587,-0.8965749474779622,0.3292881079697227,6,18,16,18,0.8888888888888888,0.3292881079697227,High
Cuba,CUB,2016,Latin America & Caribbean ,Latin America & Caribbean (excluding high income),,,-0.3609854398629904,0.4237462811585441,-0.07539462896263126,0.43232102894038754,-0.618423018675181,-0.8482602810188018,-0.17449934307011214,6,18,13,18,0.7222222222222222,-0.17449934307011214,Medium
Curacao,CUW,2016,Latin America & Caribbean ,,,,0.29625078175662806,0.438159879906459,-0.1525807460980829,1.5635615256695035,-0.0212651424826229,-0.9116121537769093,0.2020856908291626,6,18,8,18,0.4444444444444444,0.2020856908291626,Low
Cyprus,CYP,2016,Europe & Central Asia,,,,0.5135589770238446,0.6118217860712162,0.13736939464373418,2.043999213878957,0.023072631797384762,-0.890510943742758,0.4065518432787298,6,18,16,18,0.8888888888888888,0.4065518432787298,High
Czechia,CZE,2016,Europe & Central Asia,,,,0.43651253640062243,0.629966693591911,0.172915813595208,1.6946782282337258,0.05532203276288872,-0.8823724498610082,0.35117047578722466,6,18,15,18,0.8333333333333334,0.35117047578722466,High
Denmark,DNK,2016,Europe & Central Asia,,,,0.6429316156208853,0.8658836975529475,0.1719677524149362,1.6982625985070472,-0.20312016834856247,-0.8443271833012975,0.3885997187409927,6,18,15,18,0.8333333333333334,0.3885997187409927,High
Djibouti,DJI,2016,"Middle East, North Africa, Afghanistan & Pakistan","Middle East, North Africa, Afghanistan & Pakistan (excluding high income)",,,-0.42719884659273427,0.438159879906459,-0.629083906498135,-0.14990044724934026,0.40500667940280505,-1.0300482668000026,-0.23217748463849133,6,18,12,18,0.6666666666666666,-0.23217748463849133,Medium
Dominica,DMA,2016,Latin America & Caribbean ,Latin America & Caribbean (excluding high income),,,0.3149840700025784,0.438159879906459,-0.14646548442584173,1.5635615256695035,-0.38431814133936354,-0.8625178492425949,0.15390066676179012,6,18,10,18,0.5555555555555556,0.15390066676179012,Low
Dominican Republic,DOM,2016,Latin America & Caribbean ,Latin America & Caribbean (excluding high income),,,0.0502223363001317,0.45949898718214915,-0.1311362698490509,0.998788334474156,-0.4574401510758153,-0.885098201882203,0.0058058391915612835,6,18,17,18,0.9444444444444444,0.0058058391915612835,High
Early-demographic dividend,EAR,2016,Aggregates,,,,0.03262647049183063,0.20582766857416393,-0.3261131340644194,0.8941355301719183,-0.49020336306271917,-1.0385201425157093,-0.12037449506748917,6,18,14,18,0.7777777777777778,-0.12037449506748917,Medium
East Asia & Pacific,EAS,2016,Aggregates,,,,0.2061647197765748,0.45725600532328986,-0.2075575519766217,1.517986187217576,-0.4639165066881583,-1.017643551981613,0.08204821694517461,6,18,16,18,0.8888888888888888,0.08204821694517461,High
East Asia & Pacific (IDA & IBRD countries),TEA,2016,Aggregates,,,,0.17167398697879535,0.43368194806617305,-0.22295677340798914,1.347622788209355,-0.5016391310597109,-1.0125974217969766,0.03596423283160777,6,18,15,18,0.8333333333333334,0.03596423283160777,High
East Asia & Pacific (excluding high income),EAP,2016,Aggregates,,,,0.1647578362780349,0.4334985204031492,-0.22730138346635878,1.3403582560558827,-0.5016353336847112,-1.0117909495764306,0.032981157668261006,6,18,15,18,0.8333333333333334,0.032981157668261006,High
Ecuador,ECU,2016,Latin America & Caribbean ,Latin America & Caribbean (excluding high income),,,0.01905954746249258,0.511291865036697,-0.09004850006375963,1.3849270682426038,-0.5607047696408987,-0.9291863550932012,0.05588980932398896,6,18,16,18,0.8888888888888888,0.05588980932398896,High
"Egypt, Arab Rep.",EGY,2016,"Middle East, North Africa, Afghanistan & Pakistan","Middle East, North Africa, Afghanistan & Pakistan (excluding high income)",,,-0.014170205416238188,0.2856332149374253,0.015299574137053518,0.2833133687770891,-0.5931012041708744,-1.0428067227229298,-0.17763866240974577,6,18,15,18,0.8333333333333334,-0.17763866240974577,High
El Salvador,SLV,2016,Latin America & Caribbean ,Latin America & Caribbean (excluding high income),,,0.2537499126002724,0.2144648828618637,-0.1578583756880923,0.7090117447885964,-0.3599686879507828,-0.979132916580169,-0.05328890666138527,6,18,15,18,0.8333333333333334,-0.05328890666138527,High
Equatorial Guinea,GNQ,2016,Sub-Saharan Africa ,Sub-Saharan Africa (excluding high income),,,-0.450404084835709,0.438159879906459,-0.5571132440601019,-0.23716732673813987,-0.33024843532751585,-1.049563091671232,-0.3643893837877066,6,18,12,18,0.6666666666666666,-0.3643893837877066,Medium
Eritrea,ERI,2016,Sub-Saharan Africa ,Sub-Saharan Africa (excluding high income),,,-0.6955770572380771,0.2071220861402198,-0.60276692990148,0.41677007407572925,-0.3882795016411134,-0.9848722449654587,-0.34126726225503007,6,18,10,18,0.5555555555555556,-0.34126726225503007,Low
Estonia,EST,2016,Europe & Central Asia,,,,0.6489305045219856,0.707209016023783,0.14343244618618886,2.035927052966985,0.05465512813392751,-0.8323965149116144,0.4596262721535426,6,18,16,18,0.8888888888888888,0.4596262721535426,High
Eswatini,SWZ,2016,Sub-Saharan Africa ,Sub-Saharan Africa (excluding high income),,,-0.15714969403057205,0.3940428562062432,-0.4583109813931931,0.16011716501644432,-0.26890680860610233,-1.1105661230562485,-0.2401289309772381,6,18,15,18,0.8333333333333334,-0.2401289309772381,High
Ethiopia,ETH,2016,Sub-Saharan Africa ,Sub-Saharan Africa (excluding high income),,,-0.4410015378987581,0.21095904188484935,-0.6464551914453339,0.06813461617013013,-0.5442808703004817,-0.9433758168944184,-0.3826699597473355,6,18,13,18,0.7222222222222222,-0.3826699597473355,Medium
Euro area,EMU,2016,Aggregates,,,,0.3544340826221206,0.6792979794806012,0.17149937182261477,1.5635615256695035,-0.3063977372686764,-0.8689206898179918,0.265579088751362,6,18,12,18,0.6666666666666666,0.265579088751362,Medium
Europe & Central Asia,ECS,2016,Aggregates,,,,0.42186866774998893,0.6956971602163556,0.09737363501272545,1.6575466209073513,-0.33393263269486956,-0.8851427927780257,0.275568443068921,6,18,16,18,0.8888888888888888,0.275568443068921,High
Europe & Central Asia (IDA & IBRD countries),TEC,2016,Aggregates,,,,0.3370105156284681,0.6668441538094588,0.039956137291767925,1.9614476295210885,-0.4246465873431499,-0.9092150815163929,0.27856612789854013,6,18,16,18,0.8888888888888888,0.27856612789854013,High
Europe & Central Asia (excluding high income),ECA,2016,Aggregates,,,,0.17952364779530017,0.6372410424984501,0.0020950536615656676,1.7174364588442759,-0.42385443687070623,-0.9306809905543644,0.19696012922908687,6,18,16,18,0.8888888888888888,0.19696012922908687,High
European Union,EUU,2016,Aggregates,,,,0.34663838449916723,0.6689402372464465,0.16703678239903616,1.5635615256695035,-0.29193510292671576,-0.8739473551359164,0.26338241195858686,6,18,12,18,0.6666666666666666,0.26338241195858686,Medium
Faroe Islands,FRO,2016,Europe & Central Asia,,,,0.5309499073956317,0.438159879906459,-0.12170271392801142,1.5635615256695035,-0.19733634221652477,-0.9120968060978095,0.21692257512154142,6,18,8,18,0.4444444444444444,0.21692257512154142,Low
Fiji,FJI,2016,East Asia & Pacific,East Asia & Pacific (excluding high income),,,0.10935743387068671,0.6092800549557151,-0.40340697258900526,0.8251807988708736,-0.22594962961648543,-0.8313793246196645,0.013847060145353382,6,18,14,18,0.7777777777777778,0.013847060145353382,Medium
Finland,FIN,2016,Europe & Central Asia,,,,0.5792086460367377,1.0201976751205153,0.16416961538284017,1.7027873286048576,-0.3658552826253631,-0.8219567271552178,0.37975854256072833,6,18,15,18,0.8333333333333334,0.37975854256072833,High
France,FRA,2016,Europe & Central Asia,,,,0.44439309463183796,0.6163623046950694,0.15948272137896072,1.6992118978425677,-0.42094603621972054,-0.8532026869313124,0.2742168825662339,6,18,15,18,0.8333333333333334,0.2742168825662339,High
French Polynesia,PYF,2016,East Asia & Pacific,,,,0.24193646989466974,0.438159879906459,-0.11845681950624809,1.65251212016848,-0.4674761003052142,-0.9083861335555036,0.13971490276710716,6,18,9,18,0.5,0.13971490276710716,Low
Gabon,GAB,2016,Sub-Saharan Africa ,Sub-Saharan Africa (excluding high income),,,0.24841612498531865,0.438159879906459,-0.18208400943891365,0.5340683997135155,-0.3913576470472764,-0.9899040953507979,-0.05711689120528246,6,18,11,18,0.6111111111111112,-0.05711689120528246,Medium
"Gambia, The",GMB,2016,Sub-Saharan Africa ,Sub-Saharan Africa (excluding high income),,,-0.0005364682619643882,0.438159879906459,-0.6654853163985214,0.2788840076699934,-0.5661570587260091,-1.0221981416287103,-0.25622218290645876,6,18,12,18,0.6666666666666666,-0.25622218290645876,Medium
Georgia,GEO,2016,Europe & Central Asia,Europe & Central Asia (excluding high income),,,0.426245537523349,0.6051004539205527,-0.09639017821334299,1.8630096538466752,-0.2327382869520784,-0.9437021735020549,0.27025416777051675,6,18,16,18,0.8888888888888888,0.27025416777051675,High
Germany,DEU,2016,Europe & Central Asia,,,,0.5652424040932761,0.6205392259588852,0.1781902384713684,1.7042543567868769,-0.34720497581898363,-0.860323968096048,0.3101162135658959,6,18,15,18,0.8333333333333334,0.3101162135658959,High
Ghana,GHA,2016,Sub-Saharan Africa ,Sub-Saharan Africa (excluding high income),,,0.07847424742496435,0.1501073080585649,-0.5514140610692307,0.14741183581890957,-0.39364337294300616,-1.188168321926848,-0.29287206077277433,6,18,16,18,0.8888888888888888,-0.29287206077277433,High
Gibraltar,GIB,2016,Europe & Central Asia,,,,0.6622054090865112,0.669427849203736,-0.11743852168078987,1.7048027101854633,-0.3882795016411134,-0.9134235164934329,0.2695490714433957,6,18,8,18,0.4444444444444444,0.2695490714433957,Low
Greece,GRC,2016,Europe & Central Asia,,,,0.408190675679209,0.984917746003433,0.17489205380197195,1.695230216573493,-0.42036899661015353,-0.8798575590857931,0.32716735606036007,6,18,15,18,0.8333333333333334,0.32716735606036007,High
Greenland,GRL,2016,Europe & Central Asia,,,,0.2183810977821218,0.438159879906459,-0.18062760052437474,1.5635615256695035,-0.2761480200637155,-0.8083570879319883,0.15916163247300089,6,18,7,18,0.3888888888888889,0.15916163247300089,Low
Grenada,GRD,2016,Latin America & Caribbean ,Latin America & Caribbean (excluding high income),,,0.16577628382591533,0.8024129519522227,-0.1206193337054739,1.649604836359422,-0.380422958683466,-0.8652113159617766,0.20859007729780724,6,18,13,18,0.7222222222222222,0.20859007729780724,Medium
Guam,GUM,2016,East Asia & Pacific,,,,0.2649661769440586,0.438159879906459,-0.15188545672263562,1.6973039846485165,-0.3822578499871137,-0.8180799488104009,0.17470113099648063,6,18,8,18,0.4444444444444444,0.17470113099648063,Low
Guatemala,GTM,2016,Latin America & Caribbean ,Latin America & Caribbean (excluding high income),,,0.029807544812961217,0.24294782405218576,-0.4112995651178705,0.4877682268446664,-0.512708029730507,-0.9752638309108597,-0.1897913050082373,6,18,14,18,0.7777777777777778,-0.1897913050082373,Medium
Guinea,GIN,2016,Sub-Saharan Africa ,Sub-Saharan Africa (excluding high income),,,-0.21521126461469478,0.438159879906459,-0.6983117344708206,-0.31655917526116,-0.1148291232488936,-0.9797073092716656,-0.31440978782679596,6,18,12,18,0.6666666666666666,-0.31440978782679596,Medium
Guinea-Bissau,GNB,2016,Sub-Saharan Africa ,Sub-Saharan Africa (excluding high income),,,-0.330686464764497,0.438159879906459,-0.6855611127746258,0.1419248655085157,-0.45827634261848393,-0.9930626348423676,-0.3145836349308333,6,18,12,18,0.6666666666666666,-0.3145836349308333,Medium
Guyana,GUY,2016,Latin America & Caribbean ,,,,-0.13533139647938786,0.438159879906459,-0.10332469483115884,0.542783624163226,-0.38135999666474757,-0.8979973046237539,-0.0895116480882272,6,18,11,18,0.6111111111111112,-0.0895116480882272,Medium
Haiti,HTI,2016,Latin America & Caribbean ,Latin America & Caribbean (excluding high income),,,-0.3322172593095796,0.438159879906459,-0.6548698353040937,-0.34805161620904074,-0.5420889593450453,-0.888325120387386,-0.38789881844144775,6,18,12,18,0.6666666666666666,-0.38789881844144775,Medium
Heavily indebted poor countries (HIPC),HPC,2016,Aggregates,,,,-0.1421600182570427,-0.18814813081339307,-0.6135868834924777,-0.19738090880125125,-0.4705474745000838,-0.988899933888701,-0.4334538916254916,6,18,14,18,0.7777777777777778,-0.4334538916254916,Medium
Honduras,HND,2016,Latin America & Caribbean ,Latin America & Caribbean (excluding high income),,,-0.16070856721927745,0.0908626969563367,-0.37571388842174896,0.31878883450610845,-0.21378688018685177,-1.061746072179976,-0.23371731275756816,6,18,17,18,0.9444444444444444,-0.23371731275756816,High
"Hong Kong SAR, China",HKG,2016,East Asia & Pacific,,,,1.0290055710562107,0.6713645577372063,-0.10938814696284409,1.7034186717632467,0.3842643267673906,-0.9091980756956496,0.46157781744426,6,18,11,18,0.6111111111111112,0.46157781744426,Medium
Hungary,HUN,2016,Europe & Central Asia,,,,0.3555709885511125,0.5433671795245193,0.10194475481851534,2.0052283977990624,0.14225168723223683,-0.8909632622422139,0.3762332909472054,6,18,16,18,0.8888888888888888,0.3762332909472054,High
IBRD only,IBD,2016,Aggregates,,,,0.0753189239246815,0.38351587104160995,-0.22329889582916707,1.9005911064202028,-0.49798208441510944,-1.0140703306091907,0.1040124317555045,6,18,16,18,0.8888888888888888,0.1040124317555045,High
IDA & IBRD total,IBT,2016,Aggregates,,,,-0.02103613912943253,0.2368411763420577,-0.31040969865198503,0.9822472694627779,-0.5005210285000294,-1.0216250496659425,-0.10575057835709233,6,18,16,18,0.8888888888888888,-0.10575057835709233,High
IDA blend,IDB,2016,Aggregates,,,,-0.27670553939233705,-0.14328799602234607,-0.5355701232382003,-0.16592997631637105,-0.39653938182572973,-1.0423998958218796,-0.4267388187694772,6,18,15,18,0.8333333333333334,-0.4267388187694772,High
IDA only,IDX,2016,Aggregates,,,,-0.3117437441392876,-0.1086149466114884,-0.5747118918365671,-0.3646789639014571,-0.48042303506683465,-1.013362480560435,-0.475589177019345,6,18,16,18,0.8888888888888888,-0.475589177019345,High
IDA total,IDA,2016,Aggregates,,,,-0.2991518893083523,-0.11896759827376142,-0.5608654164096202,-0.2886158724652154,-0.5177317689891372,-1.2299528975664107,-0.5025475738354163,6,18,17,18,0.9444444444444444,-0.5025475738354163,High
Iceland,ISL,2016,Europe & Central Asia,,,,0.6111289841727814,0.7465928963199037,0.19031473919935296,1.697788296923492,-0.2644955458883656,-0.8228091975273463,0.3597533621999696,6,18,15,18,0.8333333333333334,0.3597533621999696,High
India,IND,2016,South Asia,South Asia,,,-0.23342355143034088,0.26163261567213336,-0.3582276343652239,0.5615073826998153,-0.5133624085163794,-1.0381912424696216,-0.22001080640160287,6,18,14,18,0.7777777777777778,-0.22001080640160287,Medium
Indonesia,IDN,2016,East Asia & Pacific,East Asia & Pacific (excluding high income),,,0.1570399709338573,0.4028708095195693,-0.251339211009058,1.6594937237347847,-0.5447027033904783,-1.0099353599292085,0.06890453830991106,6,18,17,18,0.9444444444444444,0.06890453830991106,High
"Iran, Islamic Rep.",IRN,2016,"Middle East, North Africa, Afghanistan & Pakistan","Middle East, North Africa, Afghanistan & Pakistan (excluding high income)",,,0.07628834048607024,0.5055158171995187,0.042224244597288296,0.8548043688116739,-0.5128851548652519,-1.032130307227187,-0.01103044849964798,6,18,16,18,0.8888888888888888,-0.01103044849964798,High
Iraq,IRQ,2016,"Middle East, North Africa, Afghanistan & Pakistan","Middle East, North Africa, Afghanistan & Pakistan (excluding high income)",,,-0.15790546242685163,0.407008754401404,-0.10708035240247256,0.349227913202304,-0.4113667248633582,-1.044760263179614,-0.1608126892114314,6,18,12,18,0.6666666666666666,-0.1608126892114314,Medium
Ireland,IRL,2016,Europe & Central Asia,,,,0.38449362270228554,0.7617165415954686,0.181822247500016,1.6496560280788106,0.3754319999507912,-0.8424870435473171,0.4184388993800092,6,18,15,18,0.8333333333333334,0.4184388993800092,High
Isle of Man,IMN,2016,Europe & Central Asia,,,,0.1335234708108454,0.438159879906459,-0.1303041124863107,1.6920816891629518,-0.3597037809419879,-0.9049748307223638,0.14479705262159898,6,18,5,18,0.2777777777777778,0.14479705262159898,Low
Israel,ISR,2016,"Middle East, North Africa, Afghanistan & Pakistan",,,,0.5007128760444837,0.5763000991689584,0.19142303607206498,1.7024301484714028,-0.4399815843773583,-0.9118607496956747,0.2698373042806461,6,18,15,18,0.8333333333333334,0.2698373042806461,High
Italy,ITA,2016,Europe & Central Asia,,,,0.4639435316583027,0.5838659316110578,0.1686295088224293,2.0304021867184563,-0.46515991987346555,-0.8883647593741046,0.3155527465937793,6,18,16,18,0.8888888888888888,0.3155527465937793,High
Jamaica,JAM,2016,Latin America & Caribbean ,Latin America & Caribbean (excluding high income),,,0.14444615241084383,0.42643068953816926,-0.1340761942160996,1.1064886954808983,-0.3850217826696117,-0.9122481751047825,0.0410032309065696,6,18,11,18,0.6111111111111112,0.0410032309065696,Medium
Japan,JPN,2016,East Asia & Pacific,,,,0.6091103043201138,0.5931423423971474,0.18911030091117656,1.696100713379231,-0.5990070354295992,-0.8617359003582498,0.27112012086997,6,18,15,18,0.8333333333333334,0.27112012086997,High
Jordan,JOR,2016,"Middle East, North Africa, Afghanistan & Pakistan","Middle East, North Africa, Afghanistan & Pakistan (excluding high income)",,,0.07008145361569426,0.37606450338494063,-0.04923094451174426,0.7839383571071616,-0.41288648842037795,-0.9944990354925151,-0.03775535905280678,6,18,12,18,0.6666666666666666,-0.03775535905280678,Medium
Kazakhstan,KAZ,2016,Europe & Central Asia,Europe & Central Asia (excluding high income),,,0.4488886169415993,0.4798214427588361,0.052593363314589046,1.639907111051784,-0.4431941947504803,-0.9047188474487565,0.21221624864459532,6,18,15,18,0.8333333333333334,0.21221624864459532,High
Kenya,KEN,2016,Sub-Saharan Africa ,Sub-Saharan Africa (excluding high income),,,-0.25506454048388966,0.16781236997722884,-0.6034019973625185,0.8693701238295937,-0.5694972537216368,-0.9171165385784675,-0.21798297272328168,6,18,14,18,0.7777777777777778,-0.21798297272328168,Medium
Kiribati,KIR,2016,East Asia & Pacific,East Asia & Pacific (excluding high income),,,-0.44367217454911384,0.438159879906459,-0.6243537488572964,0.22171621742499245,-0.13123647868437371,-0.8265538350071865,-0.22765668996108648,6,18,12,18,0.6666666666666666,-0.22765668996108648,Medium
"Korea, Dem. People's Rep.",PRK,2016,East Asia & Pacific,East Asia & Pacific (excluding high income),,,-0.3757341637843645,0.438159879906459,-0.5730446777809809,0.37619950544139785,-0.3882795016411134,-0.9473879054416127,-0.24501447721670244,6,18,8,18,0.4444444444444444,-0.24501447721670244,Low
"Korea, Rep.",KOR,2016,East Asia & Pacific,,,,0.5910582173389395,0.7496164558487571,0.1742778169809508,1.6972277308288062,-0.3731756995447344,-0.9262453247102492,0.31879319945707835,6,18,15,18,0.8333333333333334,0.31879319945707835,High
Kuwait,KWT,2016,"Middle East, North Africa, Afghanistan & Pakistan",,,,0.7389997450125421,0.5138088610963477,0.1491049232283199,2.0502731526946487,-0.25238406755288834,-1.0553507620030609,0.35740864207931816,6,18,14,18,0.7777777777777778,0.35740864207931816,Medium
Kyrgyz Republic,KGZ,2016,Europe & Central Asia,Europe & Central Asia (excluding high income),,,0.13503990378170053,0.4359118781690062,-0.21565378759439238,0.3422584690609812,-0.18040643209047735,-0.9607085415375938,-0.0739264183684626,6,18,16,18,0.8888888888888888,-0.0739264183684626,High
Lao PDR,LAO,2016,East Asia & Pacific,East Asia & Pacific (excluding high income),,,-0.35543107814494523,0.14452524996969665,-0.6220817402682366,-0.5140919008529538,-0.3305158248996598,-0.9701497540310422,-0.4412908413711902,6,18,15,18,0.8333333333333334,-0.4412908413711902,High
Late-demographic dividend,LTE,2016,Aggregates,,,,0.21016236991632364,0.4978749053484986,-0.11035290200452262,1.909031968178689,-0.4657678061163167,-0.9958518074728046,0.17418278797497785,6,18,14,18,0.7777777777777778,0.17418278797497785,Medium
Latin America & Caribbean ,LCN,2016,Aggregates,,,,0.19247792104729725,0.5251380869976024,-0.1346030726452031,1.9170129547124495,-0.5390034123304894,-0.9254040373772398,0.17260307340073613,6,18,17,18,0.9444444444444444,0.17260307340073613,High
Latin America & Caribbean (excluding high income),LAC,2016,Aggregates,,,,0.18261296074310515,0.5106931428711848,-0.13973620626776828,1.80757920465144,-0.5530181089365551,-0.8995471157859228,0.15143064621258065,6,18,16,18,0.8888888888888888,0.15143064621258065,High
Latin America & the Caribbean (IDA & IBRD countries),TLA,2016,Aggregates,,,,0.20233241613237707,0.524667561522489,-0.13567692687552194,1.920746662470027,-0.5434603348335071,-0.9010830343403113,0.17792105734592542,6,18,16,18,0.8888888888888888,0.17792105734592542,High
Latvia,LVA,2016,Europe & Central Asia,,,,0.5316853030755152,0.7470211100057309,0.03907895148442827,2.024621044514316,-0.0766589685610622,-0.868565010846039,0.3995304049454816,6,18,16,18,0.8888888888888888,0.3995304049454816,High
Least developed countries: UN classification,LDC,2016,Aggregates,,,,-0.34488801834617905,-0.1377604598894205,-0.5920017250702024,-0.20737116857079183,-0.5070182745436761,-1.016675700125686,-0.467619224424326,6,18,15,18,0.8333333333333334,-0.467619224424326,High
Lebanon,LBN,2016,"Middle East, North Africa, Afghanistan & Pakistan","Middle East, North Africa, Afghanistan & Pakistan (excluding high income)",,,0.0442806707481825,0.25467931139093586,0.008833930417342836,1.127037450099089,-0.37856720611015476,-0.9227019695113959,0.02226036450566654,6,18,13,18,0.7222222222222222,0.02226036450566654,Medium
Lesotho,LSO,2016,Sub-Saharan Africa ,Sub-Saharan Africa (excluding high income),,,-0.0258730397608416,0.3014914221471607,-0.5104303109542819,-0.3977611694516576,-0.011809915817052152,-0.9385059551646217,-0.2638148281668824,6,18,15,18,0.8333333333333334,-0.2638148281668824,High
Liberia,LBR,2016,Sub-Saharan Africa ,Sub-Saharan Africa (excluding high income),,,-0.3450741976550784,0.438159879906459,-0.6895905063205251,-0.24117469113997822,-0.4180694457268335,-1.100321430192692,-0.39267839852144143,6,18,12,18,0.6666666666666666,-0.39267839852144143,Medium
Libya,LBY,2016,"Middle East, North Africa, Afghanistan & Pakistan","Middle East, North Africa, Afghanistan & Pakistan (excluding high income)",,,0.04710457576654258,0.438159879906459,-0.17734290235909178,1.1811690389513074,-0.5622357176574242,-0.9376482097854889,-0.001798889196282627,6,18,10,18,0.5555555555555556,-0.001798889196282627,Low
Liechtenstein,LIE,2016,Europe & Central Asia,,,,0.622923195810252,0.5233754020819119,-0.1200798735409246,1.7048027101854633,-0.3882795016411134,-0.9090392124616983,0.2389504534056485,6,18,9,18,0.5,0.2389504534056485,Low
Lithuania,LTU,2016,Europe & Central Asia,,,,0.5824063480471359,0.6845107250903836,0.11621908442007393,1.6659234106944958,-0.012362848017968572,-0.8616525095442015,0.3625073684483198,6,18,15,18,0.8333333333333334,0.3625073684483198,High
Low & middle income,LMY,2016,Aggregates,,,,0.05846640475623882,0.2311417616179113,-0.32046857820011193,0.666993850636571,-0.5093469619778469,-1.1012766198530761,-0.16241502383671896,6,18,15,18,0.8333333333333334,-0.16241502383671896,High
Luxembourg,LUX,2016,Europe & Central Asia,,,,0.6538665371839519,0.38625866073080645,0.13819808023313776,1.703028788663637,0.3908078659517675,-0.864362081111525,0.40129964194196255,6,18,15,18,0.8333333333333334,0.40129964194196255,High
"Macao SAR, China",MAC,2016,East Asia & Pacific,,,,0.9565778405485674,0.7198503613846413,-0.11451168322862348,1.7047809202571378,-0.16477964617402607,-0.9139218194813603,0.3646659955510561,6,18,12,18,0.6666666666666666,0.3646659955510561,Medium
Madagascar,MDG,2016,Sub-Saharan Africa ,Sub-Saharan Africa (excluding high income),,,-0.596650906701376,-0.08057428815963776,-0.6707136735131055,-0.5282993912209434,-0.43075490375425174,-0.8882798006068445,-0.5325454939926931,6,18,15,18,0.8333333333333334,-0.5325454939926931,High
Malawi,MWI,2016,Sub-Saharan Africa ,Sub-Saharan Africa (excluding high income),,,-0.5321890751066697,0.15403352077349672,-0.6661587068960019,-0.48070520274477574,-0.4000601638852859,-1.1290256351699062,-0.5090175438381904,6,18,14,18,0.7777777777777778,-0.5090175438381904,Medium
Malaysia,MYS,2016,East Asia & Pacific,East Asia & Pacific (excluding high income),,,0.43591645268269863,0.4142689645708509,-0.039261480317338525,2.017331721699565,-0.06190267915664053,-0.897571729598918,0.31146354164670287,6,18,16,18,0.8888888888888888,0.31146354164670287,High
Maldives,MDV,2016,South Asia,South Asia,,,0.5739901360638521,0.37614136532461484,-0.04231637379371326,1.5459485526456183,0.03445302349774223,-0.8901895599498101,0.26633785729805065,6,18,15,18,0.8333333333333334,0.26633785729805065,High
Mali,MLI,2016,Sub-Saharan Africa ,Sub-Saharan Africa (excluding high income),,,-0.13677149179053552,0.16452103973994384,-0.6988811052979588,0.4330305248994091,-0.46268478951752307,-1.03787269535428,-0.28977641955349076,6,18,12,18,0.6666666666666666,-0.28977641955349076,Medium
Malta,MLT,2016,"Middle East, North Africa, Afghanistan & Pakistan",,,,0.5466475168650863,0.47076912940316423,0.15280623419394757,1.704337994105322,0.3852402392339898,-0.8678711043530392,0.3986550015747452,6,18,15,18,0.8333333333333334,0.3986550015747452,High
Marshall Islands,MHL,2016,East Asia & Pacific,East Asia & Pacific (excluding high income),,,-0.03014748642734057,0.3622996535068013,-0.3096778219127306,0.7610271005305504,-0.10758684265265428,-0.8093168123219394,-0.022233701546218843,6,18,12,18,0.6666666666666666,-0.022233701546218843,Medium
Mauritania,MRT,2016,Sub-Saharan Africa ,Sub-Saharan Africa (excluding high income),,,-0.1998198493536798,-0.0969155145087675,-0.411803239311108,0.05076258782175741,-0.37995974144180494,-1.048080385745197,-0.34763602375646663,6,18,14,18,0.7777777777777778,-0.34763602375646663,Medium
Mauritius,MUS,2016,Sub-Saharan Africa ,Sub-Saharan Africa (excluding high income),,,0.35383326306111035,0.4465433789456523,-0.07635689426370885,1.909031968178689,-0.058588497201841304,-0.8838551027338486,0.2817680193310088,6,18,15,18,0.8333333333333334,0.2817680193310088,High
Mexico,MEX,2016,Latin America & Caribbean ,Latin America & Caribbean (excluding high income),,,0.10685460923037764,0.5030102533812394,-0.15201137527094494,0.9021689954668122,-0.3522697401314714,-0.910687942962956,0.016177466618842822,6,18,16,18,0.8888888888888888,0.016177466618842822,High
"Micronesia, Fed. Sts.",FSM,2016,East Asia & Pacific,East Asia & Pacific (excluding high income),,,-0.47477174728552746,0.438159879906459,-0.5949161821503665,1.2700382964831312,-0.21508648378705583,-0.8215791746069471,-0.0663592352400511,6,18,11,18,0.6111111111111112,-0.0663592352400511,Medium
"Middle East, North Africa, Afghanistan & Pakistan",MEA,2016,Aggregates,,,,0.006337458329122571,0.07239842263204778,-0.224847460344321,0.7840248159274164,-0.38437191889918126,-1.095314489167014,-0.14029552858698824,6,18,17,18,0.9444444444444444,-0.14029552858698824,High
"Middle East, North Africa, Afghanistan & Pakistan (IDA & IBRD)",TMN,2016,Aggregates,,,,-0.07797322184322714,0.438159879906459,-0.243041507021034,-0.0740793809178666,-0.5145117254898547,-1.0406059563885022,-0.2520086519590043,6,18,13,18,0.7222222222222222,-0.2520086519590043,Medium
"Middle East, North Africa, Afghanistan & Pakistan (excluding high income)",MNA,2016,Aggregates,,,,-0.06576468291811229,0.438159879906459,-0.24284083119782418,0.11905274824157137,-0.5132441816572254,-1.040628595446219,-0.21754427717855843,6,18,13,18,0.7222222222222222,-0.21754427717855843,Medium
Middle income,MIC,2016,Aggregates,,,,0.08797942371651418,0.2822261047150575,-0.2894336334878824,0.9494540367310084,-0.5083995103278023,-1.029872604022162,-0.08467436377921111,6,18,14,18,0.7777777777777778,-0.08467436377921111,Medium
Moldova,MDA,2016,Europe & Central Asia,Europe & Central Asia (excluding high income),,,0.3327615165572358,0.5662957927055084,0.008412377016481046,1.0462343471415017,-0.25156993491961854,-0.8779883787829167,0.13735761995303195,6,18,16,18,0.8888888888888888,0.13735761995303195,High
Monaco,MCO,2016,Europe & Central Asia,,,,0.49287241464498627,0.8305187062849458,0.19264216263204856,1.7048027101854633,-0.3900381030432425,-0.8816043732322839,0.3248655862453195,6,18,13,18,0.7222222222222222,0.3248655862453195,Medium
Mongolia,MNG,2016,East Asia & Pacific,East Asia & Pacific (excluding high income),,,-0.021864590607192796,0.5468015560361076,-0.3893519487945758,1.3486438885704002,-0.22072916322896918,-1.0449565718546123,0.03642386168685959,6,18,14,18,0.7777777777777778,0.03642386168685959,Medium
Montenegro,MNE,2016,Europe & Central Asia,Europe & Central Asia (excluding high income),,,0.6052678518891977,0.5162059555038899,-0.06734425424468544,1.5835085607109656,-0.18267451397220005,-0.9233531520262273,0.2552684079768235,6,18,16,18,0.8888888888888888,0.2552684079768235,High
Morocco,MAR,2016,"Middle East, North Africa, Afghanistan & Pakistan","Middle East, North Africa, Afghanistan & Pakistan (excluding high income)",,,0.19678963679186515,0.36530117399023737,-0.08603005595684378,0.49921462320283033,-0.38540391864239804,-0.9093354079477033,-0.053243991427002035,6,18,13,18,0.7222222222222222,-0.053243991427002035,Medium
Mozambique,MOZ,2016,Sub-Saharan Africa ,Sub-Saharan Africa (excluding high income),,,-0.45061232397429407,0.22978388275436976,-0.6733196399911598,-0.428529537565631,-0.15744474363591218,-0.8915565787974861,-0.39527982353501884,6,18,14,18,0.7777777777777778,-0.39527982353501884,Medium
Myanmar,MMR,2016,East Asia & Pacific,East Asia & Pacific (excluding high income),,,-0.16442767993349128,0.29289694959182516,-0.530511582049878,-0.3616794992663157,-0.3711378305645987,-0.9978658842255103,-0.35545425440799483,6,18,14,18,0.7777777777777778,-0.35545425440799483,Medium
Namibia,NAM,2016,Sub-Saharan Africa ,Sub-Saharan Africa (excluding high income),,,-0.009425805082451185,0.24299759921825073,-0.44527019956393743,1.177465880653792,-0.2709340376196681,-0.8968396722527004,-0.03366770577445238,6,18,15,18,0.8333333333333334,-0.03366770577445238,High
Naoero,NRU,2016,East Asia & Pacific,,,,0.03354051030462473,0.3756684997928145,-0.14204738579603088,0.603693563737551,0.17313766968956498,-0.8343919466989046,0.03493348517160331,6,18,11,18,0.6111111111111112,0.03493348517160331,Medium
Nepal,NPL,2016,South Asia,South Asia,,,-0.04402957561713352,0.02149023824194977,-0.4746475443564588,0.24120654221320978,-0.5406344911545665,-1.0342552917381485,-0.305145020401858,6,18,15,18,0.8333333333333334,-0.305145020401858,High
Netherlands,NLD,2016,Europe & Central Asia,,,,0.5987717027057665,0.7521572098767842,0.1758401149822438,1.7046500643786835,0.06580676874045273,-0.8584117667261335,0.4064690156596329,6,18,15,18,0.8333333333333334,0.4064690156596329,High
New Caledonia,NCL,2016,East Asia & Pacific,,,,0.1335234708108454,0.438159879906459,-0.1469034619851786,1.6814248913399128,-0.4429101843399413,-0.9063000092819072,0.126165764408365,6,18,5,18,0.2777777777777778,0.126165764408365,Low
New Zealand,NZL,2016,East Asia & Pacific,,,,0.5688236355912523,0.7670019231396702,0.159950075481912,1.6784223719303124,-0.4757918495129682,-0.8474276923441533,0.3084964107143376,6,18,14,18,0.7777777777777778,0.3084964107143376,Medium
Nicaragua,NIC,2016,Latin America & Caribbean ,Latin America & Caribbean (excluding high income),,,0.03965067111531025,0.438159879906459,-0.33648752326363945,0.6082593740306769,-0.24004358181868438,-0.9154866367664996,-0.06765796946606288,6,18,11,18,0.6111111111111112,-0.06765796946606288,Medium
Niger,NER,2016,Sub-Saharan Africa ,Sub-Saharan Africa (excluding high income),,,-0.5691618800483957,-0.16058414527238277,-0.6866067841975426,0.41809338086850373,-0.567355476325164,-1.0517829546891748,-0.4362329766106927,6,18,13,18,0.7222222222222222,-0.4362329766106927,Medium
Nigeria,NGA,2016,Sub-Saharan Africa ,Sub-Saharan Africa (excluding high income),,,-0.22599394288957317,-0.008278533610712268,-0.6972222652919703,-0.2800789706154909,-0.4206591130001415,-1.0451999932900036,-0.4462388031163153,6,18,14,18,0.7777777777777778,-0.4462388031163153,Medium
North America,NAC,2016,Aggregates,,,,0.411466700715738,0.7192399744148479,0.0954659485064376,1.6854362913609997,-0.6028255078525823,-0.8405067268063474,0.24471278005651556,6,18,15,18,0.8333333333333334,0.24471278005651556,High
North Macedonia,MKD,2016,Europe & Central Asia,Europe & Central Asia (excluding high income),,,0.2831396564302878,0.438159879906459,0.010717233922491446,1.9436876185248249,-0.11750076284062487,-0.9562261598026994,0.26699624435678976,6,18,14,18,0.7777777777777778,0.26699624435678976,Medium
Northern Mariana Islands,MNP,2016,East Asia & Pacific,,,,0.1335234708108454,0.438159879906459,-0.14672279624195214,1.6018820507310136,0.23605544563657707,-0.8092887358595838,0.2422682191638931,6,18,7,18,0.3888888888888889,0.2422682191638931,Low
Norway,NOR,2016,Europe & Central Asia,,,,0.5612840712400642,0.7831125232711122,0.196897755563776,1.7008954593311394,-0.4001405634681611,-0.8321507603702568,0.3349830809279457,6,18,15,18,0.8333333333333334,0.3349830809279457,High
OECD members,OED,2016,Aggregates,,,,0.27933923005745803,0.6801714902893976,0.08411961118957678,1.5635615256695035,-0.47360813899270243,-0.8736074975636962,0.20999603677492287,6,18,12,18,0.6666666666666666,0.20999603677492287,Medium
Oman,OMN,2016,"Middle East, North Africa, Afghanistan & Pakistan",,,,0.5039439186195728,0.5128497789457003,0.11572782849300052,1.2124276529654308,-0.3166755272299922,-1.0579719890675063,0.16171694378770093,6,18,14,18,0.7777777777777778,0.16171694378770093,Medium
Other small states,OSS,2016,Aggregates,,,,0.25332326878140027,0.16731619221376928,-0.27132956521906787,1.8454949199041082,-0.0439321798777171,-0.8967929481388892,0.17567994794393393,6,18,14,18,0.7777777777777778,0.17567994794393393,Medium
Pacific island small states,PSS,2016,Aggregates,,,,-0.035566016333303606,0.20851157470468182,-0.4906371230136291,0.9449642667945911,-0.23237597537442964,-0.842627245239869,-0.07462175307699308,6,18,12,18,0.6666666666666666,-0.07462175307699308,Medium
Pakistan,PAK,2016,"Middle East, North Africa, Afghanistan & Pakistan","Middle East, North Africa, Afghanistan & Pakistan (excluding high income)",,,-0.37734665940681356,-0.06169106901085716,-0.42483307170138024,-0.2565951948130747,-0.6073074232722177,-1.0387963866147498,-0.4610949674698488,6,18,15,18,0.8333333333333334,-0.4610949674698488,High
Palau,PLW,2016,East Asia & Pacific,,,,0.1335234708108454,0.438159879906459,-0.09797589388775714,1.733418356283104,-0.11252698228826963,-0.8303648017970534,0.2107056715045547,6,18,10,18,0.5555555555555556,0.2107056715045547,Low
Panama,PAN,2016,Latin America & Caribbean ,,,,0.26193525829013303,0.413500240918824,-0.05020349160308681,1.5635615256695035,-0.29372028482767454,-0.9119004774747571,0.16386212849549034,6,18,14,18,0.7777777777777778,0.16386212849549034,Medium
Papua New Guinea,PNG,2016,East Asia & Pacific,East Asia & Pacific (excluding high income),,,-0.5061350200031242,0.438159879906459,-0.619968498544436,0.49191085595264766,-0.3826818841535326,-0.8863316203271506,-0.24417438119485613,6,18,10,18,0.5555555555555556,-0.24417438119485613,Low
Paraguay,PRY,2016,Latin America & Caribbean ,Latin America & Caribbean (excluding high income),,,0.17933631150409537,0.42416023275563425,-0.25980312734324323,1.0572083546355802,-0.384877009957355,-0.8988805334914273,0.019524038017214047,6,18,16,18,0.8888888888888888,0.019524038017214047,High
Peru,PER,2016,Latin America & Caribbean ,Latin America & Caribbean (excluding high income),,,0.15079908421107233,0.6848875631584234,-0.18006931266596402,0.720989751715242,-0.5083878650300827,-1.0064579487233993,-0.023039787889118035,6,18,17,18,0.9444444444444444,-0.023039787889118035,High
Philippines,PHL,2016,East Asia & Pacific,East Asia & Pacific (excluding high income),,,0.055144856736250754,0.3595581300270348,-0.38789513929080593,0.4816030860757648,-0.40145449953415197,-0.9256908728124983,-0.13645573979973433,6,18,14,18,0.7777777777777778,-0.13645573979973433,Medium
Poland,POL,2016,Europe & Central Asia,,,,0.47371817436411606,0.6762111402273967,0.1719543994405658,2.0051525362961233,-0.2238321667553669,-0.9073576357278995,0.365974407974156,6,18,16,18,0.8888888888888888,0.365974407974156,High
Portugal,PRT,2016,Europe & Central Asia,,,,0.3857150305829729,0.6748946922325579,0.13512689612803216,2.0212613463766607,-0.3228840819304493,-0.8400285167822138,0.34234756110126013,6,18,16,18,0.8888888888888888,0.34234756110126013,High
Post-demographic dividend,PST,2016,Aggregates,,,,0.3142218158646634,0.7017756058702779,0.13523193132049105,1.5635615256695035,-0.4631559979900605,-0.8629595281891742,0.2314458920909502,6,18,12,18,0.6666666666666666,0.2314458920909502,Medium
Pre-demographic dividend,PRE,2016,Aggregates,,,,-0.12641288879531828,-0.17871982258336772,-0.6128561032519556,-0.1788565733126286,-0.40045687270606595,-1.0383575146547528,-0.42260996255068156,6,18,13,18,0.7222222222222222,-0.42260996255068156,Medium
Puerto Rico (US),PRI,2016,Latin America & Caribbean ,,,,0.20542142305784958,0.7227334969198745,0.02005163065585876,1.6970132832982336,-0.16568106963856566,-0.8290090724089912,0.2750882819807099,6,18,13,18,0.7222222222222222,0.2750882819807099,Medium
Qatar,QAT,2016,"Middle East, North Africa, Afghanistan & Pakistan",,,,0.5527317227052683,0.31099371442621,0.17904843413413019,2.030551776739303,-0.29415377501663753,-1.0617768820898064,0.2862324984830779,6,18,15,18,0.8333333333333334,0.2862324984830779,High
Romania,ROU,2016,Europe & Central Asia,,,,0.292079612022407,0.45570696779376685,0.07537233582216167,1.9509716704068423,-0.2818486144140091,-0.9152405828035541,0.26284023147126906,6,18,16,18,0.8888888888888888,0.26284023147126906,High
Russian Federation,RUS,2016,Europe & Central Asia,,,,0.5732183981291615,0.6802400430818291,0.0723145046914253,1.5721420266638482,-0.5168049654157266,-0.8687123431425592,0.2520662773346631,6,18,15,18,0.8333333333333334,0.2520662773346631,High
Rwanda,RWA,2016,Sub-Saharan Africa ,Sub-Saharan Africa (excluding high income),,,-0.2998661123365595,-0.05128774685120833,-0.6564684533956735,-0.15578630103243274,-0.47932388637255824,-1.2494770430300852,-0.4820349238364196,6,18,15,18,0.8333333333333334,-0.4820349238364196,High
Samoa,WSM,2016,East Asia & Pacific,East Asia & Pacific (excluding high income),,,-0.08852523695321048,0.48021109003099866,-0.45516301768545925,0.9896532691477232,-0.3204981910337621,-0.8289886555472429,-0.03721845700682547,6,18,14,18,0.7777777777777778,-0.03721845700682547,Medium
San Marino,SMR,2016,Europe & Central Asia,,,,0.2887217300318258,0.438159879906459,0.18248655797492472,2.0502731526946487,0.3851901259525848,-0.8763599444389224,0.4114119170202534,6,18,13,18,0.7222222222222222,0.4114119170202534,Medium
Sao Tome and Principe,STP,2016,Sub-Saharan Africa ,Sub-Saharan Africa (excluding high income),,,-0.15510765962769416,0.40419946879064433,-0.6464497167258423,0.15749381599907217,-0.20261036716841174,-0.8998795796316644,-0.22372567306064936,6,18,14,18,0.7777777777777778,-0.22372567306064936,Medium
Saudi Arabia,SAU,2016,"Middle East, North Africa, Afghanistan & Pakistan",,,,0.58746560445205,0.6242373509178208,0.14185866462693716,1.1653104418847837,-0.4650160602767057,-1.0521705868919433,0.16694756911882372,6,18,14,18,0.7777777777777778,0.16694756911882372,Medium
Senegal,SEN,2016,Sub-Saharan Africa ,Sub-Saharan Africa (excluding high income),,,-0.09368704133315298,0.014384475974001387,-0.5032255801031903,0.1845501421548437,-0.45704521565027534,-1.0449026612098442,-0.31665431336126965,6,18,14,18,0.7777777777777778,-0.31665431336126965,Medium
Serbia,SRB,2016,Europe & Central Asia,Europe & Central Asia (excluding high income),,,0.39637694385321504,0.6173802102280078,-0.040811894171442244,1.9121628120529024,-0.2169055298498184,-0.9581660239713597,0.2850060863569175,6,18,17,18,0.9444444444444444,0.2850060863569175,High
Seychelles,SYC,2016,Sub-Saharan Africa ,,,,0.3456136070566213,0.39361192214122803,-0.06915830578082721,1.8516067993494583,0.2773926388626879,-0.8624265880087124,0.32277334560340926,6,18,15,18,0.8333333333333334,0.32277334560340926,High
Sierra Leone,SLE,2016,Sub-Saharan Africa ,Sub-Saharan Africa (excluding high income),,,-0.2235660760290713,0.17568226631178155,-0.7084563896889612,-0.6921869142287195,-0.5135192957120255,-0.9468608607450842,-0.48481787834868,6,18,13,18,0.7222222222222222,-0.48481787834868,Medium
Singapore,SGP,2016,East Asia & Pacific,,,,0.6582300787216606,0.7899715580754277,0.16645297400011472,2.0502731526946487,0.3898864224044944,-0.8890898744578725,0.527620718573079,6,18,16,18,0.8888888888888888,0.527620718573079,High
Sint Maarten (Dutch part),SXM,2016,Latin America & Caribbean ,,,,0.1335234708108454,0.438159879906459,-0.154606392310016,1.5635615256695035,-0.40460198515684026,-0.9170578305757465,0.1098297780573675,6,18,4,18,0.2222222222222222,0.1098297780573675,Low
Slovak Republic,SVK,2016,Europe & Central Asia,,,,0.48972668290530613,0.4724818170713018,0.15177805516745546,1.699925120913444,0.23950687244682947,-0.8956916170966576,0.3596211552346132,6,18,15,18,0.8333333333333334,0.3596211552346132,High
Slovenia,SVN,2016,Europe & Central Asia,,,,0.41269149714319714,0.7622959583190155,0.17373034503177975,1.6816594609775635,0.056780570899538106,-0.8783200702268276,0.36813962702404446,6,18,15,18,0.8333333333333334,0.36813962702404446,High
Small states,SST,2016,Aggregates,,,,0.1842658418097307,0.19491869311084972,-0.26039270883212723,1.8454949199041082,-0.09322786117723998,-0.8851391486940807,0.1643199560202068,6,18,15,18,0.8333333333333334,0.1643199560202068,High
Solomon Islands,SLB,2016,East Asia & Pacific,East Asia & Pacific (excluding high income),,,-0.38489354882678045,0.438159879906459,-0.5958742580614159,-0.04772081949948518,-0.29224464676596645,-0.8721987510977002,-0.29246202405748156,6,18,12,18,0.6666666666666666,-0.29246202405748156,Medium
"Somalia, Fed. Rep.",SOM,2016,Sub-Saharan Africa ,Sub-Saharan Africa (excluding high income),,,-0.5231342121789601,0.438159879906459,-0.7082045525923425,0.4209670916820711,-0.34748607177762986,-0.9150952401854139,-0.2724655175243027,6,18,11,18,0.6111111111111112,-0.2724655175243027,Medium
South Africa,ZAF,2016,Sub-Saharan Africa ,Sub-Saharan Africa (excluding high income),,,0.30382474009751714,0.383684051077241,-0.20362155591930478,1.5374954375126946,-0.46667923777161474,-0.9472719994929649,0.10123857258392804,6,18,15,18,0.8333333333333334,0.10123857258392804,High
South Asia,SAS,2016,Aggregates,,,,-0.2427622785437288,0.15937278030752086,-0.37906032843076326,0.5639506409912906,-0.5162382342005326,-1.0379492432539623,-0.24211444385502925,6,18,15,18,0.8333333333333334,-0.24211444385502925,High
South Asia (IDA & IBRD),TSA,2016,Aggregates,,,,-0.2427622785437288,0.15937278030752086,-0.37906032843076326,0.5639506409912906,-0.5162382342005326,-1.0379492432539623,-0.24211444385502925,6,18,15,18,0.8333333333333334,-0.24211444385502925,High
South Sudan,SSD,2016,Sub-Saharan Africa ,Sub-Saharan Africa (excluding high income),,,-0.63512503268501,0.438159879906459,-0.8224236253479096,-0.3770794647238938,-0.3882795016411134,-1.1440603027823453,-0.48813467454563547,6,18,11,18,0.6111111111111112,-0.48813467454563547,Medium
Spain,ESP,2016,Europe & Central Asia,,,,0.41916977202916517,0.91622123548078,0.19647046038393512,1.7025245915337217,-0.40951783903510847,-0.8549702019055435,0.32831633641449165,6,18,16,18,0.8888888888888888,0.32831633641449165,High
Sri Lanka,LKA,2016,South Asia,South Asia,,,-0.0024253004454639626,0.32302134833382273,-0.34439497118785223,0.6610956722359935,-0.4953784975238296,-0.9528513672937144,-0.13515551931350733,6,18,16,18,0.8888888888888888,-0.13515551931350733,High
St. Kitts and Nevis,KNA,2016,Latin America & Caribbean ,,,,0.6314121851403036,0.5850563460228005,-0.08603553067633544,1.5635615256695035,-0.37698113151510465,-0.8484254160945636,0.24476466309110068,6,18,11,18,0.6111111111111112,0.24476466309110068,Medium
St. Lucia,LCA,2016,Latin America & Caribbean ,Latin America & Caribbean (excluding high income),,,0.17140592779963557,0.29573888420237354,-0.10560765285920237,1.4453488246676198,-0.3822787835279395,-0.8622966004094902,0.09371843331216613,6,18,12,18,0.6666666666666666,0.09371843331216613,Medium
St. Martin (French part),MAF,2016,Latin America & Caribbean ,,,,0.1335234708108454,0.438159879906459,-0.1330743205491165,1.6865416234674069,-0.3682831601617769,-0.9029576319268325,0.14231831025783087,6,18,5,18,0.2777777777777778,0.14231831025783087,Low
St. Vincent and the Grenadines,VCT,2016,Latin America & Caribbean ,Latin America & Caribbean (excluding high income),,,0.1836283591690516,0.31916598680742275,-0.12231649674790436,1.49782499067985,-0.37266240739114426,-0.8582657662564586,0.10789577771013618,6,18,11,18,0.6111111111111112,0.10789577771013618,Medium
Sub-Saharan Africa ,SSF,2016,Aggregates,,,,-0.2969620015116679,-0.1542950289529049,-0.6100188104735912,-0.11659932466920879,-0.47669737956924535,-1.2424455716466525,-0.4828363528038784,6,18,17,18,0.9444444444444444,-0.4828363528038784,High
Sub-Saharan Africa (IDA & IBRD countries),TSS,2016,Aggregates,,,,-0.297509473460839,-0.1542950289529049,-0.6100188104735912,-0.11659932466920879,-0.47669737956924535,-1.0179840254646824,-0.44551734043174523,6,18,16,18,0.8888888888888888,-0.44551734043174523,High
Sub-Saharan Africa (excluding high income),SSA,2016,Aggregates,,,,-0.28982559230864263,-0.1543089849515178,-0.6100674830425649,-0.12428898243441534,-0.47750821366028057,-1.0179980284875692,-0.44566621414749835,6,18,16,18,0.8888888888888888,-0.44566621414749835,High
Sudan,SDN,2016,Sub-Saharan Africa ,Sub-Saharan Africa (excluding high income),,,-0.34426695041494576,0.16920524193204856,-0.38550268687292816,0.423669884030854,-0.6852975594717585,-1.0404215678965558,-0.31043560644888096,6,18,12,18,0.6666666666666666,-0.31043560644888096,Medium
Suriname,SUR,2016,Latin America & Caribbean ,Latin America & Caribbean (excluding high income),,,0.2756834587624156,0.3371117743109234,-0.1290011292472835,1.2073656604781313,-0.43097598713374397,-0.8928450329504328,0.06122312403666835,6,18,13,18,0.7222222222222222,0.06122312403666835,Medium
Sweden,SWE,2016,Europe & Central Asia,,,,0.5950600796633934,0.8234787220868682,0.17992612513947182,1.7028781586841524,-0.3094209443186941,-0.8325666180560334,0.3598925871998597,6,18,15,18,0.8333333333333334,0.3598925871998597,High
Switzerland,CHE,2016,Europe & Central Asia,,,,0.6789421212005102,0.6013251417094511,0.17606711554653456,1.6867361282080777,-0.09350594219183232,-0.8562749315947923,0.36554827214632474,6,18,15,18,0.8333333333333334,0.36554827214632474,High
Syrian Arab Republic,SYR,2016,"Middle East, North Africa, Afghanistan & Pakistan","Middle East, North Africa, Afghanistan & Pakistan (excluding high income)",,,-0.20672464595277304,0.42916596860935147,-0.036420100901140486,0.4481457306583699,-0.43247239758338446,-0.9583130910686884,-0.12610308937304418,6,18,12,18,0.6666666666666666,-0.12610308937304418,Medium
Tajikistan,TJK,2016,Europe & Central Asia,Europe & Central Asia (excluding high income),,,-0.09787328813761603,0.34571619760035827,-0.08080912653993334,-0.26693508356721335,-0.4427719191103789,-0.9845306655637946,-0.2545339808864297,6,18,14,18,0.7777777777777778,-0.2545339808864297,Medium
Tanzania,TZA,2016,Sub-Saharan Africa ,Sub-Saharan Africa (excluding high income),,,-0.30630026614367784,-0.14278329869033954,-0.6489626129725377,0.16431704278854836,-0.5589775280432789,-0.9294624956866074,-0.4036948597913155,6,18,14,18,0.7777777777777778,-0.4036948597913155,Medium
Thailand,THA,2016,East Asia & Pacific,East Asia & Pacific (excluding high income),,,0.4496471391737826,0.6538103581953726,-0.11865586238613163,1.5428108684822088,-0.09461077079859774,-0.935452885467102,0.24959147453325548,6,18,16,18,0.8888888888888888,0.24959147453325548,High
Timor-Leste,TLS,2016,East Asia & Pacific,East Asia & Pacific (excluding high income),,,0.03839876834527878,0.2415815512487499,-0.6100592562644391,-0.10199742602111088,-0.43496392427555913,-0.8742699285867772,-0.2902183692589763,6,18,13,18,0.7222222222222222,-0.2902183692589763,Medium
Togo,TGO,2016,Sub-Saharan Africa ,Sub-Saharan Africa (excluding high income),,,-0.341913045654799,0.2557853020250321,-0.655680093788867,0.12451124920157745,-0.3943911190660949,-1.0089983376939806,-0.3367810074961886,6,18,13,18,0.7222222222222222,-0.3367810074961886,Medium
Tonga,TON,2016,East Asia & Pacific,East Asia & Pacific (excluding high income),,,-0.1414520827899757,0.48283361100784267,-0.21373883753998676,0.9854000508438548,-0.25114383923546596,-0.8183056434269668,0.007265543143217053,6,18,14,18,0.7777777777777778,0.007265543143217053,Medium
Trinidad and Tobago,TTO,2016,Latin America & Caribbean ,,,,0.5029087014105299,0.438159879906459,-0.07668470978449303,1.5366130544397378,-0.4414969193140843,-0.8801367514764843,0.17989387586361083,6,18,11,18,0.6111111111111112,0.17989387586361083,Medium
Tunisia,TUN,2016,"Middle East, North Africa, Afghanistan & Pakistan","Middle East, North Africa, Afghanistan & Pakistan (excluding high income)",,,0.1893944496778729,0.361806790479019,-0.047276469653203444,1.26746147480922,-0.2941287445728749,-0.9099474951142699,0.09455166760429394,6,18,15,18,0.8333333333333334,0.09455166760429394,High
Turkiye,TUR,2016,Europe & Central Asia,Europe & Central Asia (excluding high income),,,0.10233934903614288,0.8961060939022869,0.04463312117364119,1.909031968178689,-0.4927961716801059,-0.940323809533479,0.25316509184619584,6,18,16,18,0.8888888888888888,0.25316509184619584,High
Turkmenistan,TKM,2016,Europe & Central Asia,Europe & Central Asia (excluding high income),,,0.04986607933976517,0.438159879906459,0.1018275157035462,0.5207001331053229,-0.43093392721649454,-0.9634335169343392,-0.04730230601595673,6,18,12,18,0.6666666666666666,-0.04730230601595673,Medium
Turks and Caicos Islands,TCA,2016,Latin America & Caribbean ,,,,0.1335234708108454,0.16196606224802745,-0.14647643386482512,1.4158713139559655,-0.38516384124418407,-0.9308029381610347,0.0414862722907991,6,18,7,18,0.3888888888888889,0.0414862722907991,Low
Tuvalu,TUV,2016,East Asia & Pacific,East Asia & Pacific (excluding high income),,,-0.217849549965574,0.37164060958938266,-0.2848609184568045,0.9034385257045772,-0.3707747121896568,-0.8257540189978881,-0.0706933440526606,6,18,11,18,0.6111111111111112,-0.0706933440526606,Medium
Uganda,UGA,2016,Sub-Saharan Africa ,Sub-Saharan Africa (excluding high income),,,-0.43492066898836373,0.32926771255783055,-0.6643465747442456,-0.5171250787298303,-0.5926891092025103,-1.21494405712287,-0.5157929627049982,6,18,15,18,0.8333333333333334,-0.5157929627049982,High
Ukraine,UKR,2016,Europe & Central Asia,Europe & Central Asia (excluding high income),,,0.2943305989877424,0.6029482242307601,0.03857808141580871,1.641727998812681,-0.17718022541024636,-0.8833370087208081,0.2528446115526563,6,18,15,18,0.8333333333333334,0.2528446115526563,High
United Arab Emirates,ARE,2016,"Middle East, North Africa, Afghanistan & Pakistan",,,,0.9306819157912963,0.438159879906459,0.19026065965315422,2.0424737664875305,0.13765479834307645,-1.0586603387733418,0.44676178023469576,6,18,13,18,0.7222222222222222,0.44676178023469576,Medium
United Kingdom,GBR,2016,Europe & Central Asia,,,,0.5955334290880926,0.5075815347225751,0.15172464326997517,1.7042283632233535,-0.43572498744183913,-0.8556972713906937,0.27794095191191065,6,18,14,18,0.7777777777777778,0.27794095191191065,Medium
United States,USA,2016,North America,,,,0.415904983497594,0.7234982195224298,0.08812442634553719,1.6858331914785822,-0.6205638158024961,-0.842078819912246,0.24178636418823354,6,18,15,18,0.8333333333333334,0.24178636418823354,High
Uruguay,URY,2016,Latin America & Caribbean ,,,,0.551012806287242,0.6887003074215986,0.09256976504306284,1.909031968178689,-0.4982254493258183,-0.8534236182524776,0.3149442965587161,6,18,16,18,0.8888888888888888,0.3149442965587161,High
Uzbekistan,UZB,2016,Europe & Central Asia,Europe & Central Asia (excluding high income),,,-0.07941348456471788,0.3104277273420714,-0.11202597708166963,0.3813986934194968,-0.6035766798456157,-0.9771577908127336,-0.18005791859052808,6,18,16,18,0.8888888888888888,-0.18005791859052808,High
Vanuatu,VUT,2016,East Asia & Pacific,East Asia & Pacific (excluding high income),,,-0.05193542288024916,0.438159879906459,-0.55976300829409,0.7257008534221608,-0.25288573931138075,-0.8519748719889101,-0.09211638485766833,6,18,12,18,0.6666666666666666,-0.09211638485766833,Medium
"Venezuela, RB",VEN,2016,Latin America & Caribbean ,Latin America & Caribbean (excluding high income),,,0.07537136469107096,0.45562804941137264,-0.10478644493544576,1.203481221185385,-0.6408827161617482,-0.9295684982987268,0.009873829315317958,6,18,13,18,0.7222222222222222,0.009873829315317958,Medium
Viet Nam,VNM,2016,East Asia & Pacific,East Asia & Pacific (excluding high income),,,0.25476369734718246,0.3492165705818029,-0.15634735310838008,1.4552388348350629,0.054406221831695335,-0.9617319966140254,0.16592432914555635,6,18,15,18,0.8333333333333334,0.16592432914555635,High
Virgin Islands (U.S.),VIR,2016,Latin America & Caribbean ,,,,0.1696968378446377,0.438159879906459,-0.13699809206774907,1.696128019837593,-0.14093853939333204,-0.8329146364727928,0.19885557827580266,6,18,8,18,0.4444444444444444,0.19885557827580266,Low
West Bank and Gaza,PSE,2016,"Middle East, North Africa, Afghanistan & Pakistan","Middle East, North Africa, Afghanistan & Pakistan (excluding high income)",,,0.013855340291021997,0.47264001304159203,-0.05351764987375396,1.04307061763871,-0.37751960065244655,-0.9210711746983432,0.029576257624463347,6,18,16,18,0.8888888888888888,0.029576257624463347,High
World,WLD,2016,Aggregates,,,,0.05834729350037731,0.29656978039811926,-0.27019629121841154,1.5309320340467332,-0.46773366305370506,-1.0603646160911608,0.014592422930325403,6,18,17,18,0.9444444444444444,0.014592422930325403,High
"Yemen, Rep.",YEM,2016,"Middle East, North Africa, Afghanistan & Pakistan","Middle East, North Africa, Afghanistan & Pakistan (excluding high income)",,,-0.3713174124473752,0.18417908342452385,-0.35058492595479535,0.4234197359674141,-0.6668202339803622,-1.0481032703208162,-0.3048711705519018,6,18,12,18,0.6666666666666666,-0.3048711705519018,Medium
Zambia,ZMB,2016,Sub-Saharan Africa ,Sub-Saharan Africa (excluding high income),,,-0.34440598690451935,0.438159879906459,-0.6159774280349787,-0.20695366565490256,-0.36282892815520157,-0.9320705744326528,-0.3373461172126327,6,18,12,18,0.6666666666666666,-0.3373461172126327,Medium
Zimbabwe,ZWE,2016,Sub-Saharan Africa ,Sub-Saharan Africa (excluding high income),,,-0.17487495644954767,0.438159879906459,-0.5325919754567282,-0.35263324804030755,-0.494040095464971,-0.8925072263229903,-0.3347479369713476,6,18,13,18,0.7222222222222222,-0.3347479369713476,Medium
Afghanistan,AFG,2017,"Middle East, North Africa, Afghanistan & Pakistan","Middle East, North Africa, Afghanistan & Pakistan (excluding high income)",,,-0.3752499344986348,0.10919708319626775,-0.5103639008237639,-0.41121616037732495,-0.41756001128105363,-0.9287739463240973,-0.4223278116847678,6,18,13,18,0.7222222222222222,-0.4223278116847678,Medium
Africa Eastern and Southern,AFE,2017,Aggregates,,,,-0.37195533087069155,-0.1827589027624762,-0.5593588413338094,0.7977392101611335,-0.5028667229138015,-0.8720958674909149,-0.2818827425350934,6,18,16,18,0.8888888888888888,-0.2818827425350934,High
Africa Western and Central,AFW,2017,Aggregates,,,,-0.26220833601841675,-0.2471309578942941,-0.6157385396968498,-0.035294871837109755,-0.4181992300351361,-0.9487560230542331,-0.42122132642267324,6,18,15,18,0.8333333333333334,-0.42122132642267324,High
Albania,ALB,2017,Europe & Central Asia,Europe & Central Asia (excluding high income),,,0.15936434904535904,0.4163202240048949,-0.05637579795522909,1.5035398192691634,-0.36664157088738053,-0.820161389532673,0.13934093899068914,6,18,17,18,0.9444444444444444,0.13934093899068914,High
Algeria,DZA,2017,"Middle East, North Africa, Afghanistan & Pakistan","Middle East, North Africa, Afghanistan & Pakistan (excluding high income)",,,0.010845020448288367,0.292036383989973,-0.13478782611665333,0.06594022397713208,-0.5141742535318222,-0.8265192363472856,-0.18444328126339463,6,18,14,18,0.7777777777777778,-0.18444328126339463,Medium
American Samoa,ASM,2017,East Asia & Pacific,,,,0.05304919931823504,0.26888030817372593,-0.2191700590881326,1.6124315844197907,-0.029833008358469543,-0.7615135865916733,0.15397407297891272,6,18,7,18,0.3888888888888889,0.15397407297891272,Low
Andorra,AND,2017,Europe & Central Asia,,,,0.3824226569154993,0.15995570586940075,0.04726452801335682,1.6168670982075606,-0.42489387691185615,-0.801545985971531,0.16334502102040502,6,18,13,18,0.7222222222222222,0.16334502102040502,Medium
Angola,AGO,2017,Sub-Saharan Africa ,Sub-Saharan Africa (excluding high income),,,-0.42164311015379735,0.26888030817372593,-0.42946078420361816,-0.255268798458059,-0.5502425319054891,-0.8463117665214922,-0.3723411138447883,6,18,12,18,0.6666666666666666,-0.3723411138447883,Medium
Antigua and Barbuda,ATG,2017,Latin America & Caribbean ,,,,0.5505537680473833,0.39004692940872476,-0.0771867426222373,1.5434779370050016,-0.14744915095330927,-0.7925485298263176,0.24448236850987426,6,18,12,18,0.6666666666666666,0.24448236850987426,Medium
Arab World,ARB,2017,Aggregates,,,,-0.003997992115155423,0.051244884726422524,-0.21347866095589008,0.9382594652529627,-0.38051300977633606,-0.9367053979865423,-0.09086511847575644,6,18,14,18,0.7777777777777778,-0.09086511847575644,Medium
Argentina,ARG,2017,Latin America & Caribbean ,Latin America & Caribbean (excluding high income),,,0.3132182669949776,0.5649358044293686,-0.11219193554462058,2.129284911928635,-0.6146913527422533,-0.81176292030695,0.24479879579319289,6,18,15,18,0.8333333333333334,0.24479879579319289,High
Armenia,ARM,2017,Europe & Central Asia,Europe & Central Asia (excluding high income),,,0.14690014444368013,0.3773697181201916,-0.06221801223438076,1.5358482795340256,-0.30520562242233407,-0.8747363016174367,0.13632636763729097,6,18,15,18,0.8333333333333334,0.13632636763729097,High
Aruba,ABW,2017,Latin America & Caribbean ,,,,0.2352689413127643,0.26888030817372593,-0.2063328483624661,1.5434779370050016,-0.09101859217355335,-0.8329644264114661,0.15288521992400103,6,18,6,18,0.3333333333333333,0.15288521992400103,Low
Australia,AUS,2017,East Asia & Pacific,,,,0.2887007797332588,0.8557512259427059,0.06156806788186292,1.5434779370050016,-0.544326100247753,-0.7812120802485191,0.23732663834442622,6,18,13,18,0.7222222222222222,0.23732663834442622,Medium
Austria,AUT,2017,Europe & Central Asia,,,,0.3502484374384118,0.4942132920019842,0.05766955607201087,1.6545098446026199,-0.2507758897130006,-0.8053724817014541,0.25008212645009537,6,18,15,18,0.8333333333333334,0.25008212645009537,High
Azerbaijan,AZE,2017,Europe & Central Asia,Europe & Central Asia (excluding high income),,,0.16265858581110712,0.2483637097257616,-0.06687690045022272,1.4857255967082992,-0.3306608021219082,-0.8641199567343115,0.10584837215645425,6,18,16,18,0.8888888888888888,0.10584837215645425,High
"Bahamas, The",BHS,2017,Latin America & Caribbean ,,,,0.13845867301682116,0.2780609505567971,-0.1393416433304406,1.5434779370050016,-0.4149773129482169,-0.7776243774874203,0.104675704468757,6,18,12,18,0.6666666666666666,0.104675704468757,Medium
Bahrain,BHR,2017,"Middle East, North Africa, Afghanistan & Pakistan",,,,0.48063988908111693,0.3369898224794012,0.0019449391017452577,1.5062799501017523,-0.11939002527536828,-0.9609602218584969,0.2075840589383585,6,18,15,18,0.8333333333333334,0.2075840589383585,High
Bangladesh,BGD,2017,South Asia,South Asia,,,-0.1999563171617027,-0.04203845167633102,-0.5119577368485896,0.19344887310712425,-0.5760711733948122,-0.9407311277179268,-0.34621765561537304,6,18,16,18,0.8888888888888888,-0.34621765561537304,High
Barbados,BRB,2017,Latin America & Caribbean ,,,,0.2626924806647846,0.38782588715591615,-0.10812082295549473,1.5434779370050016,-0.41462567578876913,-0.8034912868075398,0.1446264198789831,6,18,12,18,0.6666666666666666,0.1446264198789831,Medium
Belarus,BLR,2017,Europe & Central Asia,Europe & Central Asia (excluding high income),,,0.2959148224976222,0.5296162329098422,0.04439684492450857,1.6260216106447933,-0.11920614397792022,-0.8085628394959642,0.2613634212504803,6,18,15,18,0.8333333333333334,0.2613634212504803,High
Belgium,BEL,2017,Europe & Central Asia,,,,0.2869874577173967,0.7458888917167581,0.06153474726810365,2.243675014328072,0.026405929764718856,-0.7986455032264118,0.4276410895947729,6,18,16,18,0.8888888888888888,0.4276410895947729,High
Belize,BLZ,2017,Latin America & Caribbean ,Latin America & Caribbean (excluding high income),,,-0.20424580907364498,0.16123102481822102,-0.22390147517325767,1.5456129300168293,-0.3121677120310689,-0.8254095882388454,0.02351989505303892,6,18,14,18,0.7777777777777778,0.02351989505303892,Medium
Benin,BEN,2017,Sub-Saharan Africa ,Sub-Saharan Africa (excluding high income),,,-0.32411831954000964,-0.10095696302426922,-0.6361767628062805,0.03154725789455152,-0.4464687139053705,-0.946972430128565,-0.40385765525165723,6,18,14,18,0.7777777777777778,-0.40385765525165723,Medium
Bermuda,BMU,2017,North America,,,,0.3346875750232656,0.1674060575188717,-0.18326321035741944,1.5434779370050016,-0.3934321982489171,-0.7693728087744928,0.11658389202771825,6,18,10,18,0.5555555555555556,0.11658389202771825,Low
Bhutan,BTN,2017,South Asia,South Asia,,,-0.043593841854741223,0.0226581581190326,-0.22412461221673327,0.7148738503835244,-0.38338577733691565,-0.8978849815469193,-0.13524286740879207,6,18,16,18,0.8888888888888888,-0.13524286740879207,High
Bolivia,BOL,2017,Latin America & Caribbean ,Latin America & Caribbean (excluding high income),,,-0.08724954713042654,0.2634056864760293,-0.24041361639045059,0.40512598488792945,-0.518815997427521,-0.9042286258210946,-0.18036268590092233,6,18,14,18,0.7777777777777778,-0.18036268590092233,Medium
Bosnia and Herzegovina,BIH,2017,Europe & Central Asia,Europe & Central Asia (excluding high income),,,0.10323880166234577,0.2848269893389031,-0.2335875948297634,2.194548741932795,-0.2776243090015517,-0.8757438582415334,0.1992764618101992,6,18,15,18,0.8333333333333334,0.1992764618101992,High
Botswana,BWA,2017,Sub-Saharan Africa ,Sub-Saharan Africa (excluding high income),,,0.11379742245984366,0.165889265139499,-0.34476889166160124,0.6358055475497503,-0.3534667888089153,-0.8188934048713176,-0.10027280836545686,6,18,14,18,0.7777777777777778,-0.10027280836545686,Medium
Brazil,BRA,2017,Latin America & Caribbean ,Latin America & Caribbean (excluding high income),,,0.1216132537266883,0.3817110730541711,-0.15094476959117079,2.170172896157657,-0.6251587292850074,-0.839328193985526,0.17634425501280204,6,18,17,18,0.9444444444444444,0.17634425501280204,High
British Virgin Islands,VGB,2017,Latin America & Caribbean ,,,,0.2947081300714409,0.26058007146600026,-0.20610515750177674,1.5434779370050016,-0.40676189589271017,-0.8168006905353972,0.11151639910209311,6,18,7,18,0.3888888888888889,0.11151639910209311,Low
Brunei Darussalam,BRN,2017,East Asia & Pacific,,,,0.3062336560435802,0.20162010439045927,-0.12312109685771021,2.129284911928635,-0.35020476174805054,-0.7819402825396993,0.23031208853620244,6,18,14,18,0.7777777777777778,0.23031208853620244,Medium
Bulgaria,BGR,2017,Europe & Central Asia,,,,0.21138068508542285,0.4965286957067836,-0.052210721235301495,1.6448357668542164,-0.12951092350806445,-0.8454578883369571,0.2209276024276833,6,18,14,18,0.7777777777777778,0.2209276024276833,Medium
Burkina Faso,BFA,2017,Sub-Saharan Africa ,Sub-Saharan Africa (excluding high income),,,-0.29563027831950117,-0.14869560322371972,-0.6122692224338969,0.28589884475713223,-0.4540363782294421,-0.9481484539836721,-0.36214684857218327,6,18,13,18,0.7222222222222222,-0.36214684857218327,Medium
Burundi,BDI,2017,Sub-Saharan Africa ,Sub-Saharan Africa (excluding high income),,,-0.495600159784127,-0.19158033395697646,-0.651582326440523,0.2972171382811637,-0.41020408193178853,-0.9060971412216109,-0.39297448417564373,6,18,13,18,0.7222222222222222,-0.39297448417564373,Medium
Cabo Verde,CPV,2017,Sub-Saharan Africa ,Sub-Saharan Africa (excluding high income),,,0.07504281159789505,0.22027883902821235,-0.2377997253097367,1.6860832145117073,-0.2625521922523775,-0.8584939104586732,0.10375983951950457,6,18,14,18,0.7777777777777778,0.10375983951950457,Medium
Cambodia,KHM,2017,East Asia & Pacific,East Asia & Pacific (excluding high income),,,-0.062373791813584156,-0.06461547163428542,-0.49039085852409264,0.306456219843298,-0.15684410804012283,-0.8373889859354945,-0.21752616601738026,6,18,14,18,0.7777777777777778,-0.21752616601738026,Medium
Cameroon,CMR,2017,Sub-Saharan Africa ,Sub-Saharan Africa (excluding high income),,,-0.2492849164824944,0.12720699079784573,-0.5440120562164387,-0.2362646927145191,-0.5571309694494454,-0.949766268409222,-0.40154198541237895,6,18,13,18,0.7222222222222222,-0.40154198541237895,Medium
Canada,CAN,2017,North America,,,,0.24431956037516064,0.48540653081256363,0.031093034537497843,1.648490409255191,-0.43388488162157907,-0.7809225927819926,0.19908367676280694,6,18,15,18,0.8333333333333334,0.19908367676280694,High
Caribbean small states,CSS,2017,Aggregates,,,,0.055769240526921414,0.25476369021676765,-0.1623050792151274,1.5434779370050016,-0.4226556825464563,-0.8130942754082131,0.07599263842981563,6,18,10,18,0.5555555555555556,0.07599263842981563,Low
Cayman Islands,CYM,2017,Latin America & Caribbean ,,,,0.5294096205241813,0.3214313629899758,-0.1926941658071731,1.5434779370050016,-0.19974647008749583,-0.843171063906127,0.19311787011972714,6,18,9,18,0.5,0.19311787011972714,Low
Central African Republic,CAF,2017,Sub-Saharan Africa ,Sub-Saharan Africa (excluding high income),,,-0.6122450888915245,-0.07172147787861828,-0.7226856284165987,-0.6348067575432995,-0.46567377927122927,-0.914891102827304,-0.5703373058047624,6,18,14,18,0.7777777777777778,-0.5703373058047624,Medium
Central Europe and the Baltics,CEB,2017,Aggregates,,,,0.18473947357850642,0.4643752830083474,0.031648526636728715,2.129284911928635,-0.15215157099087165,-0.8348324251505189,0.30384403316847114,6,18,14,18,0.7777777777777778,0.30384403316847114,Medium
Chad,TCD,2017,Sub-Saharan Africa ,Sub-Saharan Africa (excluding high income),,,-0.5276097875367066,-0.04996275614545484,-0.6719378893861525,-0.6684144795121426,-0.563384093724065,-0.9519129280779969,-0.5722036557304198,6,18,14,18,0.7777777777777778,-0.5722036557304198,Medium
Channel Islands,CHI,2017,Europe & Central Asia,,,,0.05304919931823504,0.26888030817372593,-0.18183331175229026,1.5434779370050016,-0.4096731639701352,-0.8341408257672711,0.07329335716787766,6,18,3,18,0.16666666666666666,0.07329335716787766,Low
Chile,CHL,2017,Latin America & Caribbean ,,,,0.2725430593620412,0.5721275438802459,0.02563845006508079,2.2322305066257067,-0.48452025429057954,-0.8503077034113303,0.2946186003718607,6,18,17,18,0.9444444444444444,0.2946186003718607,High
China,CHN,2017,East Asia & Pacific,East Asia & Pacific (excluding high income),,,0.1061194676813305,0.30064396940950383,-0.14956966723538698,1.8088332799631577,-0.541870831102557,-0.9418892895660823,0.09704448819166102,6,18,14,18,0.7777777777777778,0.09704448819166102,Medium
Colombia,COL,2017,Latin America & Caribbean ,Latin America & Caribbean (excluding high income),,,0.18992024967340712,0.4076707458686771,-0.1753759989431398,1.9617941239858185,-0.5783714902351978,-0.8761022187341245,0.1549225686025734,6,18,17,18,0.9444444444444444,0.1549225686025734,High
Comoros,COM,2017,Sub-Saharan Africa ,Sub-Saharan Africa (excluding high income),,,-0.42037930193274936,0.0005434765943179709,-0.6052153595697404,-0.3147232887449886,-0.5476318966177532,-0.8061124060685323,-0.44891979605657434,6,18,14,18,0.7777777777777778,-0.44891979605657434,Medium
"Congo, Dem. Rep.",COD,2017,Sub-Saharan Africa ,Sub-Saharan Africa (excluding high income),,,-0.29691440895581234,0.26888030817372593,-0.6422470011522591,-0.6379034854018085,-0.4361335314745909,-0.9129190768064342,-0.4428728659361965,6,18,12,18,0.6666666666666666,-0.4428728659361965,Medium
"Congo, Rep.",COG,2017,Sub-Saharan Africa ,Sub-Saharan Africa (excluding high income),,,-0.22732176248676664,0.12340170049538413,-0.5037745273154137,-0.35628288937329233,-0.3435128865963198,-0.9079231656589778,-0.36923558848923105,6,18,13,18,0.7222222222222222,-0.36923558848923105,Medium
Costa Rica,CRI,2017,Latin America & Caribbean ,,,,0.4721253141857314,0.4568129592416581,-0.06778766389298028,2.0552377251919647,-0.4277813989711525,-0.837801880090954,0.2751341759440445,6,18,16,18,0.8888888888888888,0.2751341759440445,High
Cote d'Ivoire,CIV,2017,Sub-Saharan Africa ,Sub-Saharan Africa (excluding high income),,,0.0006800802993901234,-0.07759091619252138,-0.5242120589708913,0.14577162979824906,-0.4968471128661032,-0.8576496008686506,-0.3016413298000879,6,18,14,18,0.7777777777777778,-0.3016413298000879,Medium
Croatia,HRV,2017,Europe & Central Asia,,,,0.16747187695388388,0.45511808053339786,0.04893955526704304,2.184991882871601,-0.27317224824228814,-0.8233371430966283,0.29333533404783485,6,18,16,18,0.8888888888888888,0.29333533404783485,High
Cuba,CUB,2017,Latin America & Caribbean ,Latin America & Caribbean (excluding high income),,,-0.2937850920061355,0.29332039447580605,-0.14107679813167368,0.316296308736654,-0.6101958522820284,-0.7899799144789729,-0.20423682561439174,6,18,13,18,0.7222222222222222,-0.20423682561439174,Medium
Curacao,CUW,2017,Latin America & Caribbean ,,,,0.20723995513125162,0.26888030817372593,-0.2026761331397949,1.5434779370050016,-0.10914801599029411,-0.8343860299243427,0.14556467020925792,6,18,8,18,0.4444444444444444,0.14556467020925792,Low
Cyprus,CYP,2017,Europe & Central Asia,,,,0.3887046655583992,0.47218978788348376,0.0298871615255444,2.240965374925046,-0.042455187877880905,-0.8292006476614873,0.37668185905885093,6,18,16,18,0.8888888888888888,0.37668185905885093,High
Czechia,CZE,2017,Europe & Central Asia,,,,0.29808752642956615,0.42928387440791144,0.05919119743369098,1.6510669935434208,-0.04346330915179534,-0.818302269222213,0.2626440022400969,6,18,15,18,0.8333333333333334,0.2626440022400969,High
Denmark,DNK,2017,Europe & Central Asia,,,,0.4624463195142199,0.6193033905939737,0.059757647867601404,1.6555225892046996,-0.25309426574673116,-0.7842374021783353,0.2932830465425713,6,18,15,18,0.8333333333333334,0.2932830465425713,High
Djibouti,DJI,2017,"Middle East, North Africa, Afghanistan & Pakistan","Middle East, North Africa, Afghanistan & Pakistan (excluding high income)",,,-0.31703984541162417,0.26888030817372593,-0.6007389572485875,-0.13710897328821942,0.5444958576652129,-1.0549952539515497,-0.21608447734350697,6,18,13,18,0.7222222222222222,-0.21608447734350697,Medium
Dominica,DMA,2017,Latin America & Caribbean ,Latin America & Caribbean (excluding high income),,,0.17754273518629282,0.26888030817372593,-0.21566817365073013,1.5434779370050016,-0.4442022122143385,-0.7963682867731697,0.08894371795446367,6,18,10,18,0.5555555555555556,0.08894371795446367,Low
Dominican Republic,DOM,2017,Latin America & Caribbean ,Latin America & Caribbean (excluding high income),,,-0.0250763033431713,0.31926625951062154,-0.18515759831835502,0.7692157616575716,-0.4946397182290035,-0.8178028572103511,-0.07236574265544796,6,18,17,18,0.9444444444444444,-0.07236574265544796,High
Early-demographic dividend,EAR,2017,Aggregates,,,,-0.026435147022113168,0.08900145348529509,-0.34067518860175355,1.3542556208304355,-0.49401219620444053,-0.9425985754559202,-0.06007733882808284,6,18,14,18,0.7777777777777778,-0.06007733882808284,Medium
East Asia & Pacific,EAS,2017,Aggregates,,,,0.14717983150106487,0.3006495689790573,-0.24147846034938683,1.5074394578655488,-0.472543384960227,-0.9182117502733921,0.053839210460444174,6,18,16,18,0.8888888888888888,0.053839210460444174,High
East Asia & Pacific (IDA & IBRD countries),TEA,2017,Aggregates,,,,0.12395536371074943,0.2819555781437089,-0.2529921443495955,2.129284911928635,-0.507936478258442,-0.9155033966751228,0.1431273057499888,6,18,15,18,0.8333333333333334,0.1431273057499888,High
East Asia & Pacific (excluding high income),EAP,2017,Aggregates,,,,0.11764015183097269,0.28167971977061995,-0.2567187128254746,2.129284911928635,-0.5079298549338062,-0.9148619147957496,0.14151571682919953,6,18,15,18,0.8333333333333334,0.14151571682919953,High
Ecuador,ECU,2017,Latin America & Caribbean ,Latin America & Caribbean (excluding high income),,,-0.041649187390971565,0.3192525345341377,-0.1544193321252905,1.465167960540256,-0.5200918076482028,-0.8519611641598733,0.03604983395834258,6,18,16,18,0.8888888888888888,0.03604983395834258,High
"Egypt, Arab Rep.",EGY,2017,"Middle East, North Africa, Afghanistan & Pakistan","Middle East, North Africa, Afghanistan & Pakistan (excluding high income)",,,-0.06235969047605192,0.08071984186425986,-0.06088863081409234,0.22362248815402921,-0.5338779831597965,-0.9550631795969616,-0.21797452567143558,6,18,17,18,0.9444444444444444,-0.21797452567143558,High
El Salvador,SLV,2017,Latin America & Caribbean ,Latin America & Caribbean (excluding high income),,,0.13953869376040876,0.08765395499107574,-0.2050259028221092,0.5654541372119621,-0.390931604462601,-0.8976061312316778,-0.11681947542549022,6,18,15,18,0.8333333333333334,-0.11681947542549022,High
Equatorial Guinea,GNQ,2017,Sub-Saharan Africa ,Sub-Saharan Africa (excluding high income),,,-0.45713421061657195,0.26888030817372593,-0.5434929210540669,-0.2998641357913105,-0.3128564902820626,-0.9369053267175768,-0.3802287960479771,6,18,12,18,0.6666666666666666,-0.3802287960479771,Medium
Eritrea,ERI,2017,Sub-Saharan Africa ,Sub-Saharan Africa (excluding high income),,,-0.6302072945502051,0.06081109027067249,-0.578416145266602,0.2774295680950969,-0.40676189589271017,-0.9235513027245377,-0.36678266334471427,6,18,10,18,0.5555555555555556,-0.36678266334471427,Low
Estonia,EST,2017,Europe & Central Asia,,,,0.46540547899209944,0.4997216347752447,0.046051768741226684,2.234799916253105,-0.054860952572135635,-0.7734167982933432,0.4029501746493662,6,18,16,18,0.8888888888888888,0.4029501746493662,High
Eswatini,SWZ,2017,Sub-Saharan Africa ,Sub-Saharan Africa (excluding high income),,,-0.17119321146980826,0.26888030817372593,-0.4522207626381272,0.30588555877673035,-0.3304486684601446,-0.8256228986592805,-0.20078661237948406,6,18,13,18,0.7222222222222222,-0.20078661237948406,Medium
Ethiopia,ETH,2017,Sub-Saharan Africa ,Sub-Saharan Africa (excluding high income),,,-0.5063326248343536,0.26888030817372593,-0.6132346316832199,-0.010610501066704359,-0.5668021678483534,-0.8740299760017717,-0.38368826554344615,6,18,12,18,0.6666666666666666,-0.38368826554344615,Medium
Euro area,EMU,2017,Aggregates,,,,0.24130655416051258,0.48060242597664277,0.058139136524047376,1.5434779370050016,-0.3343216025842373,-0.8060788656443205,0.19718759757294105,6,18,12,18,0.6666666666666666,0.19718759757294105,Medium
Europe & Central Asia,ECS,2017,Aggregates,,,,0.27832976725814024,0.5058026095013094,-0.0021961874370327226,2.2069571754091113,-0.35737713232997176,-0.8228463063575603,0.3014449876739993,6,18,17,18,0.9444444444444444,0.3014449876739993,High
Europe & Central Asia (IDA & IBRD countries),TEC,2017,Aggregates,,,,0.206834837001679,0.48500469479957165,-0.04412342859151928,1.8690824116526865,-0.42660076450352163,-0.8429213661635903,0.20787939736588443,6,18,16,18,0.8888888888888888,0.20787939736588443,High
Europe & Central Asia (excluding high income),ECA,2017,Aggregates,,,,0.09644157879723082,0.4700177679955244,-0.07991075263808407,1.6258187244650468,-0.41322374299695436,-0.8627126409376688,0.13940515578084917,6,18,16,18,0.8888888888888888,0.13940515578084917,High
European Union,EUU,2017,Aggregates,,,,0.23005365162847483,0.4715617410559876,0.054419263248548067,1.5434779370050016,-0.32243334716794697,-0.8108954898622968,0.19436395931796135,6,18,12,18,0.6666666666666666,0.19436395931796135,Medium
Faroe Islands,FRO,2017,Europe & Central Asia,,,,0.3788770201694133,0.26888030817372593,-0.1767954570892912,1.5434779370050016,-0.2409690438259039,-0.8394755294012252,0.1556658725052867,6,18,8,18,0.4444444444444444,0.1556658725052867,Low
Fiji,FJI,2017,East Asia & Pacific,East Asia & Pacific (excluding high income),,,0.020593125251234887,0.4430676557570159,-0.39080813413577126,0.7750878240358144,-0.27217280323039733,-0.7797128827151453,-0.03399086917287477,6,18,13,18,0.7222222222222222,-0.03399086917287477,Medium
Finland,FIN,2017,Europe & Central Asia,,,,0.38942396997360845,0.7679202129805874,0.04850638728817055,1.6578201372005177,-0.37883086790072157,-0.7653077378347901,0.2865886836178954,6,18,15,18,0.8333333333333334,0.2865886836178954,High
France,FRA,2017,Europe & Central Asia,,,,0.3044918454998682,0.427641752744935,0.052804746463135786,1.655439040894531,-0.4326404582596692,-0.7918594506064275,0.20264624612272888,6,18,15,18,0.8333333333333334,0.20264624612272888,High
French Polynesia,PYF,2017,East Asia & Pacific,,,,0.15067095251584084,0.26888030817372593,-0.1737548400150315,1.615996021304441,-0.4720391418437349,-0.8344112296504904,0.09255701174745852,6,18,9,18,0.5,0.09255701174745852,Low
Gabon,GAB,2017,Sub-Saharan Africa ,Sub-Saharan Africa (excluding high income),,,0.0582169608683292,0.26888030817372593,-0.2282093862575005,0.3998837376901942,-0.40658588845361043,-0.8990946219477927,-0.1344848149877757,6,18,12,18,0.6666666666666666,-0.1344848149877757,Medium
"Gambia, The",GMB,2017,Sub-Saharan Africa ,Sub-Saharan Africa (excluding high income),,,-0.062204431941553597,0.26888030817372593,-0.6330801671009052,0.3348648803205163,-0.4747267849160169,-0.9482006247945766,-0.25241113670980164,6,18,12,18,0.6666666666666666,-0.25241113670980164,Medium
Georgia,GEO,2017,Europe & Central Asia,Europe & Central Asia (excluding high income),,,0.2835321638268729,0.49836222414401066,-0.14774814034987216,2.09445625519477,-0.2479992870059202,-0.8796534566663835,0.2668249598572463,6,18,17,18,0.9444444444444444,0.2668249598572463,High
Germany,DEU,2017,Europe & Central Asia,,,,0.4253553126678078,0.427671631611545,0.06381165587499736,1.659048861037288,-0.37487237921555,-0.7989854432297044,0.23367160645773058,6,18,15,18,0.8333333333333334,0.23367160645773058,High
Ghana,GHA,2017,Sub-Saharan Africa ,Sub-Saharan Africa (excluding high income),,,-0.011086807531810508,-0.07125533965435644,-0.5323451765147155,0.05371076886260775,-0.3909927601721852,-0.8908727663130186,-0.3071403468872464,6,18,16,18,0.8888888888888888,-0.3071403468872464,High
Gibraltar,GIB,2017,Europe & Central Asia,,,,0.2947894533109849,0.45947059871336665,-0.17337231936907335,1.659490813923307,-0.40676189589271017,-0.8408043798070365,0.16546871181313977,6,18,7,18,0.3888888888888889,0.16546871181313977,Low
Greece,GRC,2017,Europe & Central Asia,,,,0.28394797562345353,0.7464290043449721,0.060601770082839845,1.6506374664796184,-0.4081733756186096,-0.8163544260280097,0.25284806914737734,6,18,15,18,0.8333333333333334,0.25284806914737734,High
Greenland,GRL,2017,Europe & Central Asia,,,,0.1793073294624233,0.26888030817372593,-0.2262041517214588,1.5434779370050016,-0.35476436871819317,-0.7549827729017361,0.10928571354996043,6,18,9,18,0.5,0.10928571354996043,Low
Grenada,GRD,2017,Latin America & Caribbean ,Latin America & Caribbean (excluding high income),,,0.03881171125169542,0.5805324201110842,-0.18375957643372232,1.373181679695409,-0.39772543916513486,-0.8025305680515359,0.10141837123463261,6,18,13,18,0.7222222222222222,0.10141837123463261,Medium
Guam,GUM,2017,East Asia & Pacific,,,,0.15938169752051876,0.26888030817372593,-0.20249398045124342,1.6529884910504256,-0.4170137952818384,-0.762388452720606,0.11655904471516372,6,18,8,18,0.4444444444444444,0.11655904471516372,Low
Guatemala,GTM,2017,Latin America & Caribbean ,Latin America & Caribbean (excluding high income),,,-0.0056334284376661214,0.10240300174354673,-0.4177984583191088,0.46399349126162287,-0.5232259879111996,-0.891827157968434,-0.2120147566052065,6,18,14,18,0.7777777777777778,-0.2120147566052065,Medium
Guinea,GIN,2017,Sub-Saharan Africa ,Sub-Saharan Africa (excluding high income),,,-0.2268106520056318,0.26888030817372593,-0.6603711936631327,-0.3477577165877545,-0.24327502397978762,-0.897992293366256,-0.35122109523813944,6,18,12,18,0.6666666666666666,-0.35122109523813944,Medium
Guinea-Bissau,GNB,2017,Sub-Saharan Africa ,Sub-Saharan Africa (excluding high income),,,-0.3264863188913207,0.26888030817372593,-0.6483809929392307,0.053271838392423866,-0.46964183062958503,-0.9241300849676698,-0.3410811801436094,6,18,12,18,0.6666666666666666,-0.3410811801436094,Medium
Guyana,GUY,2017,Latin America & Caribbean ,,,,-0.12824313083608319,0.26888030817372593,-0.1643329921997055,0.3867938806588345,-0.4026943419644411,-0.826139271367381,-0.14428925792250838,6,18,11,18,0.6111111111111112,-0.14428925792250838,Medium
Haiti,HTI,2017,Latin America & Caribbean ,Latin America & Caribbean (excluding high income),,,-0.35160803703294446,0.18090056099306936,-0.6224970958960634,-0.37399555665239187,-0.5418644544172696,-0.8244195878256724,-0.42224736180521205,6,18,13,18,0.7222222222222222,-0.42224736180521205,Medium
Heavily indebted poor countries (HIPC),HPC,2017,Aggregates,,,,-0.18342750049309928,-0.2334457812168456,-0.58676366809812,-0.22612952895230873,-0.49076429644676384,-0.9001707974612486,-0.436783595444731,6,18,14,18,0.7777777777777778,-0.436783595444731,Medium
Honduras,HND,2017,Latin America & Caribbean ,Latin America & Caribbean (excluding high income),,,-0.19530005469804512,-0.0003611096944896401,-0.39083075277906015,0.40993722261979054,-0.26164216185034567,-0.9694694046508102,-0.2346110435088267,6,18,16,18,0.8888888888888888,-0.2346110435088267,High
"Hong Kong SAR, China",HKG,2017,East Asia & Pacific,,,,0.9527418582630385,0.47388235105152265,-0.1650041804295326,1.6587336929376404,0.5411340653607888,-0.8364305929375656,0.4375095323743153,6,18,11,18,0.6111111111111112,0.4375095323743153,Medium
Hungary,HUN,2017,Europe & Central Asia,,,,0.20771566228295738,0.3637869841769628,-0.005295297062039017,2.2140062167059753,0.03333639225150745,-0.8303699659750591,0.3305299987300508,6,18,16,18,0.8888888888888888,0.3305299987300508,High
IBRD only,IBD,2017,Aggregates,,,,0.015574514022610819,0.2378489685164061,-0.2552412030892914,2.073485057943294,-0.5019155082951956,-0.9233605687951644,0.10773187671710992,6,18,16,18,0.8888888888888888,0.10773187671710992,High
IDA & IBRD total,IBT,2017,Aggregates,,,,-0.07094801303934861,0.11417038580006413,-0.32972680161954615,1.2580751506924817,-0.5041519121183482,-0.9295649966593361,-0.07702436449067222,6,18,16,18,0.8888888888888888,-0.07702436449067222,High
IDA blend,IDB,2017,Aggregates,,,,-0.3077465081562902,-0.2016892145869628,-0.5184422348244156,0.23669681854095218,-0.41298090807723026,-0.9458671149355645,-0.35833819367325187,6,18,15,18,0.8333333333333334,-0.35833819367325187,High
IDA only,IDX,2017,Aggregates,,,,-0.32505101356868205,-0.16933758514003036,-0.5537785466718416,-0.3060264171340204,-0.48988674014518274,-0.9216728243304461,-0.4609588544983672,6,18,16,18,0.8888888888888888,-0.4609588544983672,High
IDA total,IDA,2017,Aggregates,,,,-0.3191310511907585,-0.17942788685028002,-0.5413002291430014,-0.11024657497897387,-0.5195738812271088,-1.099649619107859,-0.4615548737496636,6,18,17,18,0.9444444444444444,-0.4615548737496636,High
Iceland,ISL,2017,Europe & Central Asia,,,,0.41558030795346745,0.5074249972151781,0.07596257302593218,1.656093484477208,-0.3403761346678886,-0.7765266111459376,0.25635976947632666,6,18,15,18,0.8333333333333334,0.25635976947632666,High
India,IND,2017,South Asia,South Asia,,,-0.2618275079714058,0.12265038167343283,-0.3609440504049739,0.7840157457997764,-0.5277239870931173,-0.9421495453656034,-0.1976631605603152,6,18,14,18,0.7777777777777778,-0.1976631605603152,Medium
Indonesia,IDN,2017,East Asia & Pacific,East Asia & Pacific (excluding high income),,,0.15694030277519005,0.23344075687271104,-0.2703913951088126,1.921577402171689,-0.5411444792658986,-0.8953033227839207,0.10085321077682637,6,18,16,18,0.8888888888888888,0.10085321077682637,High
"Iran, Islamic Rep.",IRN,2017,"Middle East, North Africa, Afghanistan & Pakistan","Middle East, North Africa, Afghanistan & Pakistan (excluding high income)",,,0.06172441869667913,0.32821536833041015,-0.04409870674685843,1.338944622194222,-0.5349771906473801,-0.9436008660651103,0.03436794096032706,6,18,16,18,0.8888888888888888,0.03436794096032706,High
Iraq,IRQ,2017,"Middle East, North Africa, Afghanistan & Pakistan","Middle East, North Africa, Afghanistan & Pakistan (excluding high income)",,,-0.18740648637631785,0.2610021891070118,-0.16367268870370635,0.24924517797178147,-0.4845002309392073,-0.9470137248978596,-0.212057627306383,6,18,13,18,0.7222222222222222,-0.212057627306383,Medium
Ireland,IRL,2017,Europe & Central Asia,,,,0.2370521156759343,0.5778629312968523,0.06910963346274485,1.6208955827542122,0.3631529201989325,-0.7820079725959469,0.3476775351321215,6,18,15,18,0.8333333333333334,0.3476775351321215,High
Isle of Man,IMN,2017,Europe & Central Asia,,,,0.05304919931823504,0.26888030817372593,-0.1840828974559012,1.6504465462019293,-0.4045477524449825,-0.8337104466001534,0.09167249286547553,6,18,5,18,0.2777777777777778,0.09167249286547553,Low
Israel,ISR,2017,"Middle East, North Africa, Afghanistan & Pakistan",,,,0.33087616218971944,0.37695524343354175,0.07546276381954081,1.6574579318131466,-0.47085254211554467,-0.8469199604554319,0.18716326644749529,6,18,15,18,0.8333333333333334,0.18716326644749529,High
Italy,ITA,2017,Europe & Central Asia,,,,0.30257917093514836,0.4009905680749728,0.05449299089361311,2.228990189651851,-0.4681859721727671,-0.8270165661208678,0.2819750635436584,6,18,16,18,0.8888888888888888,0.2819750635436584,High
Jamaica,JAM,2017,Latin America & Caribbean ,Latin America & Caribbean (excluding high income),,,0.047209723228956196,0.23989397276475563,-0.18989812203790765,0.9259500771749504,-0.407194991782275,-0.842412281871522,-0.03774193708717375,6,18,11,18,0.6111111111111112,-0.03774193708717375,Medium
Japan,JPN,2017,East Asia & Pacific,,,,0.44004250824428254,0.4002732147049038,0.07340688195058477,1.6524583837747269,-0.5773977544738473,-0.8000686050099551,0.19811910486511594,6,18,15,18,0.8333333333333334,0.19811910486511594,High
Jordan,JOR,2017,"Middle East, North Africa, Afghanistan & Pakistan","Middle East, North Africa, Afghanistan & Pakistan (excluding high income)",,,-0.0019330578741585485,0.19056353724922748,-0.11434133726952823,0.7554441126838961,-0.41564285415896757,-0.8952261313653671,-0.08018928845581631,6,18,13,18,0.7222222222222222,-0.08018928845581631,Medium
Kazakhstan,KAZ,2017,Europe & Central Asia,Europe & Central Asia (excluding high income),,,0.3204570531051913,0.3225354104666047,-0.03726798092617754,1.613173754471756,-0.4684675526057067,-0.8418302593359828,0.1514334041959475,6,18,15,18,0.8333333333333334,0.1514334041959475,High
Kenya,KEN,2017,Sub-Saharan Africa ,Sub-Saharan Africa (excluding high income),,,-0.262027823137927,0.12184763534506378,-0.5728923649862779,0.8832668047977643,-0.5673598305090501,-0.839570601527265,-0.20612269666961533,6,18,13,18,0.7222222222222222,-0.20612269666961533,Medium
Kiribati,KIR,2017,East Asia & Pacific,East Asia & Pacific (excluding high income),,,-0.4518755427302761,0.26888030817372593,-0.5944683509452023,0.11324578539873469,-0.2711139457987163,-0.7715260324265825,-0.2844762963880528,6,18,12,18,0.6666666666666666,-0.2844762963880528,Medium
"Korea, Dem. People's Rep.",PRK,2017,East Asia & Pacific,East Asia & Pacific (excluding high income),,,-0.36951119542530364,0.26888030817372593,-0.5541807300548257,0.24163891965913153,-0.40676189589271017,-0.8634830787893866,-0.2805696120548948,6,18,8,18,0.4444444444444444,-0.2805696120548948,Low
"Korea, Rep.",KOR,2017,East Asia & Pacific,,,,0.4412634611063668,0.5336104189947644,0.062145625187026245,1.653610122400793,-0.39096627910126364,-0.8449659092058011,0.24244957323031432,6,18,15,18,0.8333333333333334,0.24244957323031432,High
Kuwait,KWT,2017,"Middle East, North Africa, Afghanistan & Pakistan",,,,0.49946080046759217,0.3578311707093942,0.04069370297999936,1.9354140722212465,-0.330235985841362,-0.953682261401124,0.2582469165226244,6,18,15,18,0.8333333333333334,0.2582469165226244,High
Kyrgyz Republic,KGZ,2017,Europe & Central Asia,Europe & Central Asia (excluding high income),,,0.12801267833412486,0.25430740693965354,-0.2551497688942664,0.48826303404598476,-0.268738647112496,-0.8810999444724891,-0.08906754019324807,6,18,16,18,0.8888888888888888,-0.08906754019324807,High
Lao PDR,LAO,2017,East Asia & Pacific,East Asia & Pacific (excluding high income),,,-0.3833990768097389,-0.035554077577600575,-0.5937488478254239,-0.46335561618051235,-0.39286611675073985,-0.8740258975692744,-0.45715827211888166,6,18,15,18,0.8333333333333334,-0.45715827211888166,High
Late-demographic dividend,LTE,2017,Aggregates,,,,0.14002628108988333,0.33585187681461764,-0.16227183336402723,2.129284911928635,-0.4770425160190556,-0.9046576081440995,0.17686518538432558,6,18,14,18,0.7777777777777778,0.17686518538432558,Medium
Latin America & Caribbean ,LCN,2017,Aggregates,,,,0.07614028296598241,0.3608503953611247,-0.19057726884918216,1.8943925224713807,-0.5337531846045512,-0.8537018010561758,0.12555849104809644,6,18,17,18,0.9444444444444444,0.12555849104809644,High
Latin America & Caribbean (excluding high income),LAC,2017,Aggregates,,,,0.06906774648503027,0.3499590447114403,-0.1947859845411939,1.733757992580088,-0.544489501634425,-0.8303989681284536,0.09718505491208096,6,18,16,18,0.8888888888888888,0.09718505491208096,High
Latin America & the Caribbean (IDA & IBRD countries),TLA,2017,Aggregates,,,,0.08206024534390595,0.36008789363389915,-0.1914119383928881,1.8974894677542327,-0.5374610505046084,-0.8315693178092499,0.1298658833375485,6,18,16,18,0.8888888888888888,0.1298658833375485,High
Latvia,LVA,2017,Europe & Central Asia,,,,0.3236388410882693,0.5607150675797855,-0.051688698286404246,2.225180133433667,-0.13277287719651945,-0.8038918357059824,0.353530105152136,6,18,16,18,0.8888888888888888,0.353530105152136,High
Least developed countries: UN classification,LDC,2017,Aggregates,,,,-0.3563775720258467,-0.19343155140003357,-0.5679638715445486,-0.19805227852202303,-0.5154237490552319,-0.9236933711109172,-0.4591570656097668,6,18,15,18,0.8333333333333334,-0.4591570656097668,High
Lebanon,LBN,2017,"Middle East, North Africa, Afghanistan & Pakistan","Middle East, North Africa, Afghanistan & Pakistan (excluding high income)",,,-0.015768637839892092,0.14425605069396466,-0.07326135218395263,1.2049771903071391,-0.4105833901088857,-0.8531849729458495,-0.0005941853462460197,6,18,13,18,0.7222222222222222,-0.0005941853462460197,Medium
Lesotho,LSO,2017,Sub-Saharan Africa ,Sub-Saharan Africa (excluding high income),,,-0.06095888731067275,-0.02722354072750895,-0.4925220449801451,-0.34971685907303135,-0.09180286993483959,-1.0676734022133025,-0.34831626737325005,6,18,16,18,0.8888888888888888,-0.34831626737325005,High
Liberia,LBR,2017,Sub-Saharan Africa ,Sub-Saharan Africa (excluding high income),,,-0.41729710891231003,0.26888030817372593,-0.6528027494538181,-0.29358740200549865,-0.4144680246779902,-0.8413733724395956,-0.39177472488591447,6,18,11,18,0.6111111111111112,-0.39177472488591447,Medium
Libya,LBY,2017,"Middle East, North Africa, Afghanistan & Pakistan","Middle East, North Africa, Afghanistan & Pakistan (excluding high income)",,,-0.09757521945749033,0.26888030817372593,-0.21953436446523558,1.5434779370050016,-0.38363963788238054,-0.8389409592513468,0.04544467735371238,6,18,10,18,0.5555555555555556,0.04544467735371238,Low
Liechtenstein,LIE,2017,Europe & Central Asia,,,,0.4649525144130367,0.3509461243383678,-0.16932697472125455,1.659490813923307,-0.40676189589271017,-0.8358914724436087,0.17723485160285635,6,18,9,18,0.5,0.17723485160285635,Low
Lithuania,LTU,2017,Europe & Central Asia,,,,0.4417897134528344,0.49232425277508224,0.011387223560177259,1.6343741378627854,-0.051834435953391066,-0.7991574105074343,0.288147246865009,6,18,15,18,0.8333333333333334,0.288147246865009,High
Low & middle income,LMY,2017,Aggregates,,,,0.0019401747681269167,0.1095862554338185,-0.33778573784867216,1.2517736038179903,-0.5118784544060226,-0.9933290385159942,-0.07994886612512554,6,18,15,18,0.8333333333333334,-0.07994886612512554,High
Luxembourg,LUX,2017,Europe & Central Asia,,,,0.4711871805209074,0.2310309498997513,0.018739972329755567,1.6579043944839604,0.5223830000030304,-0.803894438687105,0.3495585097583834,6,18,15,18,0.8333333333333334,0.3495585097583834,High
"Macao SAR, China",MAC,2017,East Asia & Pacific,,,,1.033631049574028,0.46921438361148815,-0.17032659313403728,1.6594800822252385,-0.1644906590042974,-0.8300604911418752,0.33290796202175743,6,18,11,18,0.6111111111111112,0.33290796202175743,Medium
Madagascar,MDG,2017,Sub-Saharan Africa ,Sub-Saharan Africa (excluding high income),,,-0.5641711301231868,-0.163043496825962,-0.6379755206057266,-0.49993861798873634,-0.4352719826293551,-0.8182489759299303,-0.5197749540171496,6,18,15,18,0.8333333333333334,-0.5197749540171496,High
Malawi,MWI,2017,Sub-Saharan Africa ,Sub-Saharan Africa (excluding high income),,,-0.513827386657734,-0.029349763938431177,-0.6312313173121075,-0.572267775955347,-0.5267311992897636,-0.832566403339249,-0.517662307748772,6,18,15,18,0.8333333333333334,-0.517662307748772,High
Malaysia,MYS,2017,East Asia & Pacific,East Asia & Pacific (excluding high income),,,0.2564762410902272,0.24262593372830987,-0.11629492485424298,2.2183527721813854,-0.11417655861598526,-0.8213696596287977,0.2776023006501495,6,18,16,18,0.8888888888888888,0.2776023006501495,High
Maldives,MDV,2017,South Asia,South Asia,,,0.48432868209490326,0.15756899469929675,-0.11681406001661476,1.6113301538354523,-0.07606202690808102,-0.8284712793627761,0.20531341072369677,6,18,15,18,0.8333333333333334,0.20531341072369677,High
Mali,MLI,2017,Sub-Saharan Africa ,Sub-Saharan Africa (excluding high income),,,-0.14932817143340887,0.03183752041985535,-0.6606125459754634,0.310066810579735,-0.503783503420907,-0.947628081836605,-0.31990799527779895,6,18,12,18,0.6666666666666666,-0.31990799527779895,Medium
Malta,MLT,2017,"Middle East, North Africa, Afghanistan & Pakistan",,,,0.39177565286203914,0.3552369206688484,0.055625891761433066,1.6590539759249572,0.2767882104911553,-0.8076875468283776,0.32179885081334253,6,18,15,18,0.8333333333333334,0.32179885081334253,High
Marshall Islands,MHL,2017,East Asia & Pacific,East Asia & Pacific (excluding high income),,,-0.39956260978365954,0.26888030817372593,-0.33769681352858943,0.8646526608485186,-0.1405310807688379,-0.755246744350444,-0.08325071323488108,6,18,11,18,0.6111111111111112,-0.08325071323488108,Medium
Mauritania,MRT,2017,Sub-Saharan Africa ,Sub-Saharan Africa (excluding high income),,,-0.20448023534768014,-0.17640207108701111,-0.41914183439717606,-0.007661127205656222,-0.36536369228786647,-0.9504620457379528,-0.35391850101055716,6,18,14,18,0.7777777777777778,-0.35391850101055716,Medium
Mauritius,MUS,2017,Sub-Saharan Africa ,Sub-Saharan Africa (excluding high income),,,0.2459423910896288,0.2575289092176713,-0.14305922420757886,2.126768195567958,-0.14283032606267462,-0.8140229432348981,0.25505450039501776,6,18,15,18,0.8333333333333334,0.25505450039501776,High
Mexico,MEX,2017,Latin America & Caribbean ,Latin America & Caribbean (excluding high income),,,-0.01603871433173006,0.35264466841921543,-0.2079676687422158,0.9846111833544754,-0.38395146462614593,-0.8280830940652977,-0.01646418166528311,6,18,15,18,0.8333333333333334,-0.01646418166528311,High
"Micronesia, Fed. Sts.",FSM,2017,East Asia & Pacific,East Asia & Pacific (excluding high income),,,-0.46956440167101104,0.26888030817372593,-0.5736391910093391,1.0261321726399226,-0.2653852309955795,-0.7651595558780423,-0.12978931645672057,6,18,11,18,0.6111111111111112,-0.12978931645672057,Medium
"Middle East, North Africa, Afghanistan & Pakistan",MEA,2017,Aggregates,,,,-0.053188125905578,-0.02118289501407722,-0.2646408965724655,1.199063552018561,-0.41423476878650495,-0.9899725116822999,-0.09069260765706073,6,18,17,18,0.9444444444444444,-0.09069260765706073,High
"Middle East, North Africa, Afghanistan & Pakistan (IDA & IBRD)",TMN,2017,Aggregates,,,,-0.11603080345584325,0.26888030817372593,-0.2795905935340925,0.2295902762687796,-0.5126103005569754,-0.9444886350035283,-0.22570829135132234,6,18,13,18,0.7222222222222222,-0.22570829135132234,Medium
"Middle East, North Africa, Afghanistan & Pakistan (excluding high income)",MNA,2017,Aggregates,,,,-0.1079253823613403,0.26888030817372593,-0.2794226000709524,0.3874053375544102,-0.5118154745629869,-0.9444982767731456,-0.1978960146733815,6,18,13,18,0.7222222222222222,-0.1978960146733815,Medium
Middle income,MIC,2017,Aggregates,,,,0.028627286404333655,0.1524025844238715,-0.31086993796238244,1.4987427544233956,-0.5111338734834602,-0.9363910573049652,-0.01310370724986785,6,18,14,18,0.7777777777777778,-0.01310370724986785,Medium
Moldova,MDA,2017,Europe & Central Asia,Europe & Central Asia (excluding high income),,,0.20221561454694156,0.32173979345565384,-0.07015109502693583,1.2525373894408103,-0.3077285297414782,-0.8175272675525941,0.09684765085373294,6,18,16,18,0.8888888888888888,0.09684765085373294,High
Monaco,MCO,2017,Europe & Central Asia,,,,0.3311127590697693,0.26888030817372593,0.08150467964382387,1.659490813923307,-0.4359726489100653,-0.8202705504014135,0.18079089358319123,6,18,11,18,0.6111111111111112,0.18079089358319123,Medium
Mongolia,MNG,2017,East Asia & Pacific,East Asia & Pacific (excluding high income),,,-0.022304504503054656,0.3613813706150181,-0.39566501849198943,1.3677514797204797,-0.1941512891542021,-0.945625850618848,0.028564364594567276,6,18,13,18,0.7222222222222222,0.028564364594567276,Medium
Montenegro,MNE,2017,Europe & Central Asia,Europe & Central Asia (excluding high income),,,0.4504575561418451,0.3454641861448981,-0.14342034796608635,1.7098469348219172,-0.23846253295851672,-0.8634787473616146,0.21006784147040714,6,18,16,18,0.8888888888888888,0.21006784147040714,High
Morocco,MAR,2017,"Middle East, North Africa, Afghanistan & Pakistan","Middle East, North Africa, Afghanistan & Pakistan (excluding high income)",,,0.1209796158685011,0.1641167076382821,-0.1503755424394473,1.5084564874462394,-0.38358024403214896,-0.8497750914452199,0.0683036555060344,6,18,14,18,0.7777777777777778,0.0683036555060344,Medium
Mozambique,MOZ,2017,Sub-Saharan Africa ,Sub-Saharan Africa (excluding high income),,,-0.5136831376957273,-0.26336080376836873,-0.6356303047406261,-0.45282596122242236,-0.2587835371109291,-0.8237188622069299,-0.4913337677908339,6,18,16,18,0.8888888888888888,-0.4913337677908339,High
Myanmar,MMR,2017,East Asia & Pacific,East Asia & Pacific (excluding high income),,,-0.21290022367430095,0.18574361258418215,-0.5042025861335097,-0.4292908064562258,-0.39244505549446035,-0.9452492036155332,-0.3830573771316413,6,18,14,18,0.7777777777777778,-0.3830573771316413,Medium
Namibia,NAM,2017,Sub-Saharan Africa ,Sub-Saharan Africa (excluding high income),,,-0.07561052551351963,0.12005564776711003,-0.4443107821377787,1.3845856370250285,-0.3855617847481187,-0.8298410602706995,-0.03844714464632968,6,18,14,18,0.7777777777777778,-0.03844714464632968,Medium
Naoero,NRU,2017,East Asia & Pacific,,,,-0.01075905339600454,0.26888030817372593,-0.19822249990471089,0.42516787133056083,-0.1270924594598906,-0.7751067668417683,-0.06952210001634791,6,18,11,18,0.6111111111111112,-0.06952210001634791,Medium
Nepal,NPL,2017,South Asia,South Asia,,,-0.03651965441863705,-0.04675582078895951,-0.46672011664682617,0.7509675138763189,-0.4953967361177887,-0.9377641913633652,-0.20536483424320962,6,18,15,18,0.8333333333333334,-0.20536483424320962,High
Netherlands,NLD,2017,Europe & Central Asia,,,,0.4139101567211208,0.5591009139256692,0.0627565031059489,1.6593566652011233,-0.0016759892058661647,-0.7982096907216413,0.31587309317105916,6,18,15,18,0.8333333333333334,0.31587309317105916,High
New Caledonia,NCL,2017,East Asia & Pacific,,,,0.1662141321312157,0.26888030817372593,-0.19775345673169076,1.6410794807425273,-0.4603267913826847,-0.8331285050403646,0.09749419464878811,6,18,6,18,0.3333333333333333,0.09749419464878811,Low
New Zealand,NZL,2017,East Asia & Pacific,,,,0.41253909757741786,0.539915485220379,0.04953932631471266,1.6420138930765427,-0.48603864196834784,-0.7869637466170682,0.22850090226727268,6,18,14,18,0.7777777777777778,0.22850090226727268,Medium
Nicaragua,NIC,2017,Latin America & Caribbean ,Latin America & Caribbean (excluding high income),,,0.0011497524339152965,0.26888030817372593,-0.35356231270142463,0.8405076512063564,-0.284897056720721,-0.8449924965871767,-0.06215235903255412,6,18,11,18,0.6111111111111112,-0.06215235903255412,Medium
Niger,NER,2017,Sub-Saharan Africa ,Sub-Saharan Africa (excluding high income),,,-0.5089357387243831,-0.21959110876428975,-0.6489456662737402,0.279554001248383,-0.5524636214696793,-0.953068115888072,-0.4339083749786303,6,18,13,18,0.7222222222222222,-0.4339083749786303,Medium
Nigeria,NGA,2017,Sub-Saharan Africa ,Sub-Saharan Africa (excluding high income),,,-0.29453491038125557,0.26888030817372593,-0.6490686193385126,0.43808707477922254,-0.42402773331649435,-0.9479297657827614,-0.2680989409776792,6,18,12,18,0.6666666666666666,-0.2680989409776792,Medium
North America,NAC,2017,Aggregates,,,,0.2674006059450506,0.5567954119382896,-0.005062072815997298,1.6440408267858515,-0.5922896444117934,-0.7852487175432352,0.18093940164969427,6,18,16,18,0.8888888888888888,0.18093940164969427,High
North Macedonia,MKD,2017,Europe & Central Asia,Europe & Central Asia (excluding high income),,,0.16126861666701006,0.23928675000037505,-0.06888213498626443,2.15682214877329,-0.16650168498700893,-0.8756725655201459,0.24105352165787597,6,18,16,18,0.8888888888888888,0.24105352165787597,High
Northern Mariana Islands,MNP,2017,East Asia & Pacific,,,,0.05304919931823504,0.26888030817372593,-0.19790828651695955,1.5742550805319315,-0.025510029555464664,-0.7543934880720745,0.15306213064656563,6,18,7,18,0.3888888888888889,0.15306213064656563,Low
Norway,NOR,2017,Europe & Central Asia,,,,0.37707049421864597,0.5709890200910618,0.08028314594340373,1.656113413426486,-0.42418938864001593,-0.773997007459123,0.2477116129300764,6,18,15,18,0.8333333333333334,0.2477116129300764,High
OECD members,OED,2017,Aggregates,,,,0.17572053349024763,0.4818703669496743,-0.01423961310134005,1.5434779370050016,-0.47904958406124026,-0.809750268715146,0.14967156192786615,6,18,12,18,0.6666666666666666,0.14967156192786615,Medium
Oman,OMN,2017,"Middle East, North Africa, Afghanistan & Pakistan",,,,0.3347306033559623,0.3545370035805087,0.012605425199221457,1.009908744531854,-0.34687112984022656,-0.9518037919775724,0.06885114247495794,6,18,15,18,0.8333333333333334,0.06885114247495794,High
Other small states,OSS,2017,Aggregates,,,,0.13186589272697194,0.06385992460777702,-0.30300762774204754,1.8476231600162623,-0.11878655797588884,-0.831958120564613,0.13159944517807695,6,18,14,18,0.7777777777777778,0.13159944517807695,Medium
Pacific island small states,PSS,2017,Aggregates,,,,-0.09616623919767724,0.08536571656229713,-0.4841614421016395,0.8823870192790678,-0.29620489439055503,-0.7883293928048424,-0.11618487210889154,6,18,12,18,0.6666666666666666,-0.11618487210889154,Medium
Pakistan,PAK,2017,"Middle East, North Africa, Afghanistan & Pakistan","Middle East, North Africa, Afghanistan & Pakistan (excluding high income)",,,-0.37993195683142383,-0.272797296469387,-0.4276347035008894,0.05918299575826776,-0.609079799605989,-0.9432957582809468,-0.42892608648839475,6,18,16,18,0.8888888888888888,-0.42892608648839475,High
Palau,PLW,2017,East Asia & Pacific,,,,0.05304919931823504,0.26888030817372593,-0.16216537520594274,1.9301653111993684,-0.1960048554719923,-0.7705971394035304,0.18722124143497734,6,18,10,18,0.5555555555555556,0.18722124143497734,Low
Panama,PAN,2017,Latin America & Caribbean ,,,,0.16648787845233556,0.20511627060591842,-0.12171837071308363,1.5434779370050016,-0.3378674385714315,-0.8367904819380049,0.10311763247345594,6,18,13,18,0.7222222222222222,0.10311763247345594,Medium
Papua New Guinea,PNG,2017,East Asia & Pacific,East Asia & Pacific (excluding high income),,,-0.4908987535008446,0.19023586543561263,-0.5938490318041273,0.4074151096439765,-0.41171975973952696,-0.8247129981661029,-0.28725492802183544,6,18,11,18,0.6111111111111112,-0.28725492802183544,Medium
Paraguay,PRY,2017,Latin America & Caribbean ,Latin America & Caribbean (excluding high income),,,0.09333576313471977,0.26888030817372593,-0.2913526157438757,1.7271357567179308,-0.3997340278087731,-0.8247333730722629,0.09558863523357747,6,18,14,18,0.7777777777777778,0.09558863523357747,Medium
Peru,PER,2017,Latin America & Caribbean ,Latin America & Caribbean (excluding high income),,,0.08687823996087159,0.47111585108618614,-0.2216427818352192,1.1697607532584233,-0.5175721633378766,-0.9244967553456597,0.010673857297787581,6,18,17,18,0.9444444444444444,0.010673857297787581,High
Philippines,PHL,2017,East Asia & Pacific,East Asia & Pacific (excluding high income),,,-0.03312335673954419,0.17740289570492088,-0.3923744968145341,0.5407058754729035,-0.40282681596501496,-0.8570531522982933,-0.16121150843992704,6,18,14,18,0.7777777777777778,-0.16121150843992704,Medium
Poland,POL,2017,Europe & Central Asia,,,,0.2953610913047715,0.47554049431620027,0.05816936527840233,2.207070412631543,-0.25722019219381836,-0.8420808882320356,0.32280671385084386,6,18,16,18,0.8888888888888888,0.32280671385084386,High
Portugal,PRT,2017,Europe & Central Asia,,,,0.2699800709738334,0.4817458137673645,0.024793217162717096,2.221495812717916,-0.33613983497852756,-0.7877134322137574,0.31236027457159105,6,18,16,18,0.8888888888888888,0.31236027457159105,High
Post-demographic dividend,PST,2017,Aggregates,,,,0.2047652494621606,0.4931767385308097,0.02836349853597797,1.5434779370050016,-0.4701554955989537,-0.8004463945048105,0.16653025557169757,6,18,12,18,0.6666666666666666,0.16653025557169757,Medium
Pre-demographic dividend,PRE,2017,Aggregates,,,,-0.165953777130009,-0.22447130317430372,-0.5842748645788897,-0.04582195207001305,-0.42184635041435464,-0.9393461698774305,-0.3969524028741667,6,18,13,18,0.7222222222222222,-0.3969524028741667,Medium
Puerto Rico (US),PRI,2017,Latin America & Caribbean ,,,,0.11774655954187165,0.5498813102407821,-0.07837073509782201,1.6472518047631202,-0.22751683556425317,-0.775284269710304,0.20561797236223253,6,18,13,18,0.7222222222222222,0.20561797236223253,Medium
Qatar,QAT,2017,"Middle East, North Africa, Afghanistan & Pakistan",,,,0.41551751331498094,0.19634799793210098,0.06593062477267118,2.1276286646279376,-0.34085854069190874,-0.9443058087355617,0.2533767418700367,6,18,16,18,0.8888888888888888,0.2533767418700367,High
Romania,ROU,2017,Europe & Central Asia,,,,0.176155846219895,0.2880072820033595,-0.02172235964543273,1.8589570888458395,-0.30151289318486957,-0.8541877140169647,0.19094954170363787,6,18,16,18,0.8888888888888888,0.19094954170363787,High
Russian Federation,RUS,2017,Europe & Central Asia,,,,0.4088889243635081,0.47166541879505647,-0.011514034276671739,1.549366245683646,-0.5177619676390472,-0.8074500269096968,0.18219909333613238,6,18,15,18,0.8333333333333334,0.18219909333613238,High
Rwanda,RWA,2017,Sub-Saharan Africa ,Sub-Saharan Africa (excluding high income),,,-0.33390839603424305,-0.13030202174062616,-0.6229160470797318,-0.231442876566241,-0.48136204962598345,-0.9077214510285098,-0.45127547367922255,6,18,14,18,0.7777777777777778,-0.45127547367922255,Medium
Samoa,WSM,2017,East Asia & Pacific,East Asia & Pacific (excluding high income),,,-0.2027933443299018,0.18483587471052487,-0.4551033289344546,1.3727222109867332,-0.39945289158413466,-0.7736760636730295,-0.04557792380404376,6,18,14,18,0.7777777777777778,-0.04557792380404376,Medium
San Marino,SMR,2017,Europe & Central Asia,,,,0.17432466844949193,0.26888030817372593,0.0680936879492202,2.2452977685967745,0.518869652230617,-0.8207088827954679,0.4091262004340603,6,18,13,18,0.7222222222222222,0.4091262004340603,Medium
Sao Tome and Principe,STP,2017,Sub-Saharan Africa ,Sub-Saharan Africa (excluding high income),,,-0.20763868705376856,0.26815783023060547,-0.6145643463096458,0.2644092778094039,-0.3043309992269598,-0.8704018708657634,-0.24406146590268804,6,18,15,18,0.8333333333333334,-0.24406146590268804,High
Saudi Arabia,SAU,2017,"Middle East, North Africa, Afghanistan & Pakistan",,,,0.37996760414933295,0.4979241235311758,0.0352515582033859,1.3816589539690867,-0.4624460831957779,-0.9371967519173768,0.1491932341233044,6,18,15,18,0.8333333333333334,0.1491932341233044,High
Senegal,SEN,2017,Sub-Saharan Africa ,Sub-Saharan Africa (excluding high income),,,-0.14018137234419079,-0.041568290341956714,-0.4971441694521393,0.0921007415455274,-0.45548623110242126,-0.9500062596106962,-0.3320475968843128,6,18,14,18,0.7777777777777778,-0.3320475968843128,Medium
Serbia,SRB,2017,Europe & Central Asia,Europe & Central Asia (excluding high income),,,0.23517258513003367,0.39313982638835676,-0.11266542146614193,2.130483502791778,-0.2574713854237784,-0.873329668425416,0.25255490649913864,6,18,16,18,0.8888888888888888,0.25255490649913864,High
Seychelles,SYC,2017,Sub-Saharan Africa ,,,,0.28189688046688427,0.35915736582558905,-0.13811666649993184,1.9465644082466123,0.1862760323111485,-0.7994399794810927,0.3060563401448682,6,18,15,18,0.8333333333333334,0.3060563401448682,High
Sierra Leone,SLE,2017,Sub-Saharan Africa ,Sub-Saharan Africa (excluding high income),,,-0.24581728091828584,-0.14811731876166112,-0.6656262987278433,-0.6596330272720402,-0.5459739765597383,-0.8638782697227305,-0.5215076953270499,6,18,14,18,0.7777777777777778,-0.5215076953270499,Medium
Singapore,SGP,2017,East Asia & Pacific,,,,0.443418146389728,0.575993602623016,0.0551705100400543,2.2452977888469405,0.5467485878546067,-0.8131649484526285,0.5089106145502862,6,18,16,18,0.8888888888888888,0.5089106145502862,High
Sint Maarten (Dutch part),SXM,2017,Latin America & Caribbean ,,,,0.05304919931823504,0.11297297656911602,-0.20708422820274106,1.5434779370050016,-0.45904930439437575,-0.8417387599233334,0.03360463672865042,6,18,5,18,0.2777777777777778,0.03360463672865042,Low
Slovak Republic,SVK,2017,Europe & Central Asia,,,,0.343582775998476,0.294765429972481,0.0418311576650335,1.655696954720516,0.12372790149780481,-0.82913385767885,0.2717450603625769,6,18,15,18,0.8333333333333334,0.2717450603625769,High
Slovenia,SVN,2017,Europe & Central Asia,,,,0.2893857282058185,0.5383342678052657,0.05942444173000679,1.6428275765199603,0.007369334173562077,-0.8159968654028624,0.28689074717195845,6,18,15,18,0.8333333333333334,0.28689074717195845,High
Small states,SST,2017,Aggregates,,,,0.08251562706528467,0.0837512675937998,-0.29454609311177765,1.8476231600162623,-0.15913877675179589,-0.8217861508547587,0.12306983899283576,6,18,15,18,0.8333333333333334,0.12306983899283576,High
Solomon Islands,SLB,2017,East Asia & Pacific,East Asia & Pacific (excluding high income),,,-0.3633786337237277,0.26888030817372593,-0.5759570839711567,-0.03283003762827639,-0.3662106099364217,-0.8134739679048254,-0.313828337498447,6,18,12,18,0.6666666666666666,-0.313828337498447,Medium
"Somalia, Fed. Rep.",SOM,2017,Sub-Saharan Africa ,Sub-Saharan Africa (excluding high income),,,-0.2615820932093046,0.26888030817372593,-0.6823433617196565,0.39282714933222596,-0.37863350751372593,-0.8529249196975554,-0.25229607077238175,6,18,10,18,0.5555555555555556,-0.25229607077238175,Low
South Africa,ZAF,2017,Sub-Saharan Africa ,Sub-Saharan Africa (excluding high income),,,0.22169914343298971,0.2325341302035586,-0.243209660159716,1.5208445224075862,-0.4925186730214361,-0.8811243188112677,0.05970419067528574,6,18,14,18,0.7777777777777778,0.05970419067528574,Medium
South Asia,SAS,2017,Aggregates,,,,-0.2631190994611743,0.048211128794093595,-0.37954289066200747,0.7797313271386148,-0.5295124003107056,-0.9419256145503678,-0.2143595915085911,6,18,15,18,0.8333333333333334,-0.2143595915085911,High
South Asia (IDA & IBRD),TSA,2017,Aggregates,,,,-0.2631190994611743,0.048211128794093595,-0.37954289066200747,0.7797313271386148,-0.5295124003107056,-0.9419256145503678,-0.2143595915085911,6,18,15,18,0.8333333333333334,-0.2143595915085911,High
South Sudan,SSD,2017,Sub-Saharan Africa ,Sub-Saharan Africa (excluding high income),,,-0.5997064208921415,0.26888030817372593,-0.7708650145384687,-0.398288440624926,-0.40676189589271017,-0.8378797182236511,-0.45743686366636194,6,18,10,18,0.5555555555555556,-0.45743686366636194,Low
Spain,ESP,2017,Europe & Central Asia,,,,0.29576538670697694,0.6264316890803351,0.0787948251954829,2.2433321956116696,-0.4252178587029105,-0.7977780013978591,0.3368880394156158,6,18,16,18,0.8888888888888888,0.3368880394156158,High
Sri Lanka,LKA,2017,South Asia,South Asia,,,-0.021443430178371765,0.1828635324742175,-0.36039318896488554,1.4226999742558657,-0.5000069183150146,-0.8631394102384768,-0.023236573494444263,6,18,15,18,0.8333333333333334,-0.023236573494444263,High
St. Kitts and Nevis,KNA,2017,Latin America & Caribbean ,,,,0.5938885940225764,0.40094810443134543,-0.1518509792167144,1.5434779370050016,-0.4154207961927681,-0.7920197112536268,0.1965038581326357,6,18,11,18,0.6111111111111112,0.1965038581326357,Medium
St. Lucia,LCA,2017,Latin America & Caribbean ,Latin America & Caribbean (excluding high income),,,0.06570625606778356,0.15482917399246002,-0.17080396646049734,1.1812619079945912,-0.40313639467210555,-0.8008010913294429,0.004509314265464803,6,18,12,18,0.6666666666666666,0.004509314265464803,Medium
St. Martin (French part),MAF,2017,Latin America & Caribbean ,,,,0.05304919931823504,0.26888030817372593,-0.19202475467674632,1.4908143539215077,-0.44925586536392165,-0.8287715932150325,0.05711527469296138,6,18,5,18,0.2777777777777778,0.05711527469296138,Low
St. Vincent and the Grenadines,VCT,2017,Latin America & Caribbean ,Latin America & Caribbean (excluding high income),,,0.08468058460806609,0.1852213752097589,-0.18359563901402595,1.0531856023565902,-0.40661738903522915,-0.7986174350038144,-0.010957150146442385,6,18,11,18,0.6111111111111112,-0.010957150146442385,Medium
Sub-Saharan Africa ,SSF,2017,Aggregates,,,,-0.326872540454197,-0.20876664951435697,-0.5823317431169893,0.7780694859230378,-0.4925621109556226,-1.1091584239737458,-0.32360366368197896,6,18,17,18,0.9444444444444444,-0.32360366368197896,High
Sub-Saharan Africa (IDA & IBRD countries),TSS,2017,Aggregates,,,,-0.32732792217557577,-0.20876664951435697,-0.5823317431169893,0.7780694859230378,-0.4925621109556224,-0.9245012863974491,-0.29290337103949265,6,18,16,18,0.8888888888888888,-0.29290337103949265,High
Sub-Saharan Africa (excluding high income),SSA,2017,Aggregates,,,,-0.3199235129278974,-0.2088234541037781,-0.5823711601998476,0.7842917679636129,-0.49329889559231627,-0.9245123876308153,-0.2907729404151736,6,18,16,18,0.8888888888888888,-0.2907729404151736,High
Sudan,SDN,2017,Sub-Saharan Africa ,Sub-Saharan Africa (excluding high income),,,-0.3517757953339485,0.05251980901595174,-0.3838133204526138,0.28585184141704195,-0.669767412671013,-0.9523077432028858,-0.3365487702045779,6,18,12,18,0.6666666666666666,-0.3365487702045779,Medium
Suriname,SUR,2017,Latin America & Caribbean ,Latin America & Caribbean (excluding high income),,,0.1457689517409425,0.26888030817372593,-0.18298542750737845,1.2460209684773678,-0.41417780508414315,-0.8247752555362547,0.03978862337737663,6,18,12,18,0.6666666666666666,0.03978862337737663,Medium
Sweden,SWE,2017,Europe & Central Asia,,,,0.4227120778029046,0.6258126059128206,0.06571093085928419,1.657975002333849,-0.34427418356664674,-0.7751866531848378,0.2754582966928956,6,18,15,18,0.8333333333333334,0.2754582966928956,High
Switzerland,CHE,2017,Europe & Central Asia,,,,0.47454311948824696,0.41307623956008266,0.0663551293919661,1.6444632261726113,-0.17651970610437132,-0.7950938785909593,0.2711373549862628,6,18,15,18,0.8333333333333334,0.2711373549862628,High
Syrian Arab Republic,SYR,2017,"Middle East, North Africa, Afghanistan & Pakistan","Middle East, North Africa, Afghanistan & Pakistan (excluding high income)",,,-0.19510827331849764,0.26888030817372593,-0.11511548619587203,0.33119988587274224,-0.46458713888571374,-0.8908989374238522,-0.17760494029624455,6,18,11,18,0.6111111111111112,-0.17760494029624455,Medium
Tajikistan,TJK,2017,Europe & Central Asia,Europe & Central Asia (excluding high income),,,-0.14549607505803766,0.205786087046645,-0.12867220004131694,-0.22912224915426047,-0.4731443282206125,-0.9087826764454349,-0.27990524031216957,6,18,14,18,0.7777777777777778,-0.27990524031216957,Medium
Tanzania,TZA,2017,Sub-Saharan Africa ,Sub-Saharan Africa (excluding high income),,,-0.3431460237294104,-0.2026297497447205,-0.6150698200203762,0.14903023874082133,-0.5730536159321927,-0.8471248464451473,-0.40533230285517097,6,18,14,18,0.7777777777777778,-0.40533230285517097,Medium
Thailand,THA,2017,East Asia & Pacific,East Asia & Pacific (excluding high income),,,0.3289234443428139,0.23353719415076124,-0.1771020461099453,2.129284911928635,-0.17104295937647065,-0.8487582131803991,0.24914038862589916,6,18,15,18,0.8333333333333334,0.24914038862589916,High
Timor-Leste,TLS,2017,East Asia & Pacific,East Asia & Pacific (excluding high income),,,-0.06444603713943124,0.22591205471064169,-0.5807568073144886,-0.15171327273993437,-0.49430174472673816,-0.8141911954054585,-0.31324950043590155,6,18,13,18,0.7222222222222222,-0.31324950043590155,Medium
Togo,TGO,2017,Sub-Saharan Africa ,Sub-Saharan Africa (excluding high income),,,-0.33997229751216823,-0.13183236814969018,-0.6210717511081479,0.04044161074508038,-0.4632449638575779,-0.9174474535975632,-0.4055212039133445,6,18,15,18,0.8333333333333334,-0.4055212039133445,High
Tonga,TON,2017,East Asia & Pacific,East Asia & Pacific (excluding high income),,,-0.05228178506717545,0.26888030817372593,-0.2461969642519605,1.0231727619490358,-0.32231633787211744,-0.7693999339441588,-0.01635699183544174,6,18,13,18,0.7222222222222222,-0.01635699183544174,Medium
Trinidad and Tobago,TTO,2017,Latin America & Caribbean ,,,,0.32210699944520005,0.26888030817372593,-0.144109489953276,1.5196131548222214,-0.43973331585465497,-0.8160005180453932,0.11845952309797053,6,18,11,18,0.6111111111111112,0.11845952309797053,Medium
Tunisia,TUN,2017,"Middle East, North Africa, Afghanistan & Pakistan","Middle East, North Africa, Afghanistan & Pakistan (excluding high income)",,,0.10217076535384821,0.20892949147084638,-0.1179570681372753,1.6137144861706387,-0.29689590643565134,-0.8272684515294189,0.11378221948216465,6,18,14,18,0.7777777777777778,0.11378221948216465,Medium
Turkiye,TUR,2017,Europe & Central Asia,Europe & Central Asia (excluding high income),,,0.04416457474041338,0.7134989495719776,-0.04026894647006333,2.129284911928635,-0.45363965314469556,-0.8744327456372689,0.25310118183149966,6,18,16,18,0.8888888888888888,0.25310118183149966,High
Turkmenistan,TKM,2017,Europe & Central Asia,Europe & Central Asia (excluding high income),,,0.013121583521374311,0.26888030817372593,0.005055196258762061,0.3783442929906447,-0.5043130526120381,-0.8986237471652124,-0.12292256980545725,6,18,10,18,0.5555555555555556,-0.12292256980545725,Low
Turks and Caicos Islands,TCA,2017,Latin America & Caribbean ,,,,0.05304919931823504,0.0964755675440065,-0.197748902914477,1.4190361255700195,-0.10884051144075609,-0.8515381011146221,0.06840556282706763,6,18,7,18,0.3888888888888889,0.06840556282706763,Low
Tuvalu,TUV,2017,East Asia & Pacific,East Asia & Pacific (excluding high income),,,-0.22785414109324567,0.26888030817372593,-0.3080514634668339,1.2426390932665603,-0.39914815866388853,-0.7672038157855563,-0.03178969626153969,6,18,10,18,0.5555555555555556,-0.03178969626153969,Low
Uganda,UGA,2017,Sub-Saharan Africa ,Sub-Saharan Africa (excluding high income),,,-0.3804306730450415,0.26888030817372593,-0.6300473248365228,-0.4420692623875777,-0.5726839149223696,-0.889702655040253,-0.4410089203430065,6,18,12,18,0.6666666666666666,-0.4410089203430065,Medium
Ukraine,UKR,2017,Europe & Central Asia,Europe & Central Asia (excluding high income),,,0.180420575844805,0.4159357808163769,-0.045023131641257375,1.6067194192982963,-0.25180100881474915,-0.8225607208183,0.18061515244752857,6,18,15,18,0.8333333333333334,0.18061515244752857,High
United Arab Emirates,ARE,2017,"Middle East, North Africa, Afghanistan & Pakistan",,,,0.803519512869029,0.26888030817372593,0.07471949199528082,2.2389301390746392,-0.003940899121586609,-0.9513091011213272,0.4051332419782936,6,18,13,18,0.7222222222222222,0.4051332419782936,Medium
United Kingdom,GBR,2017,Europe & Central Asia,,,,0.3911744263972352,0.4991352967609586,0.04224211190139956,1.6589720088131148,-0.43960608994254824,-0.7936807437278471,0.22637283503371886,6,18,15,18,0.8333333333333334,0.22637283503371886,High
United States,USA,2017,North America,,,,0.2697947090108122,0.5076132340748003,-0.011115297598684312,1.6444374872851244,-0.6070888370770978,-0.7862905349626553,0.1695584601220499,6,18,15,18,0.8333333333333334,0.1695584601220499,High
Uruguay,URY,2017,Latin America & Caribbean ,,,,0.39124524245837417,0.5094120385085437,-0.006201839893720307,2.129284911928635,-0.5207121449255036,-0.7936303940034541,0.28489963567881244,6,18,16,18,0.8888888888888888,0.28489963567881244,High
Uzbekistan,UZB,2017,Europe & Central Asia,Europe & Central Asia (excluding high income),,,-0.12561611257768052,0.12238465452154819,-0.17324040911265368,0.944814290146421,-0.5382807540106292,-0.90265546563595,-0.11209896611149071,6,18,15,18,0.8333333333333334,-0.11209896611149071,High
Vanuatu,VUT,2017,East Asia & Pacific,East Asia & Pacific (excluding high income),,,-0.06388849195073072,0.26888030817372593,-0.5434063985270049,0.6160214344007816,-0.32013722581930387,-0.7977147280247578,-0.14004085029121496,6,18,11,18,0.6111111111111112,-0.14004085029121496,Medium
"Venezuela, RB",VEN,2017,Latin America & Caribbean ,Latin America & Caribbean (excluding high income),,,-0.07813028327839706,0.28346763385886325,-0.16952434382342307,1.5434779370050016,-0.6134949371978683,-0.8450884124274349,0.020117932356123597,6,18,12,18,0.6666666666666666,0.020117932356123597,Medium
Viet Nam,VNM,2017,East Asia & Pacific,East Asia & Pacific (excluding high income),,,0.15072700008981696,0.18841534014884798,-0.1912779286536853,1.4543392818382594,0.020074177349757433,-0.8774816654140339,0.12413270089316043,6,18,14,18,0.7777777777777778,0.12413270089316043,Medium
Virgin Islands (U.S.),VIR,2017,Latin America & Caribbean ,,,,0.08593786436381688,0.26888030817372593,-0.18926380862064093,1.6524741300856671,-0.022820292206508053,-0.7817600724022912,0.1689080215656283,6,18,8,18,0.4444444444444444,0.1689080215656283,Low
West Bank and Gaza,PSE,2017,"Middle East, North Africa, Afghanistan & Pakistan","Middle East, North Africa, Afghanistan & Pakistan (excluding high income)",,,-0.035668554034076476,0.3150816155719452,-0.11413641549490773,1.5036094957449404,-0.42951019043640165,-0.8501904642958902,0.06486424784260163,6,18,15,18,0.8333333333333334,0.06486424784260163,High
World,WLD,2017,Aggregates,,,,-0.008105335489083335,0.16365718913146884,-0.297801607301763,1.5153628890961697,-0.47564880100684004,-0.9605120723372046,-0.010507956317875433,6,18,17,18,0.9444444444444444,-0.010507956317875433,High
"Yemen, Rep.",YEM,2017,"Middle East, North Africa, Afghanistan & Pakistan","Middle East, North Africa, Afghanistan & Pakistan (excluding high income)",,,-0.26548016367112615,0.26888030817372593,-0.3757348487153551,0.2903654068436168,-0.5788286969833979,-0.9505733408875806,-0.26856188920668617,6,18,10,18,0.5555555555555556,-0.26856188920668617,Low
Zambia,ZMB,2017,Sub-Saharan Africa ,Sub-Saharan Africa (excluding high income),,,-0.33481479485948107,0.26888030817372593,-0.5932069435769832,-0.11043871550438594,-0.4107801830235373,-0.8513941254501223,-0.338625742373464,6,18,12,18,0.6666666666666666,-0.338625742373464,Medium
Zimbabwe,ZWE,2017,Sub-Saharan Africa ,Sub-Saharan Africa (excluding high income),,,-0.19207397733257334,0.26888030817372593,-0.521261185416357,-0.30499508052097846,-0.4732661062324617,-1.0094498489281278,-0.37202764837612873,6,18,14,18,0.7777777777777778,-0.37202764837612873,Medium
Afghanistan,AFG,2018,"Middle East, North Africa, Afghanistan & Pakistan","Middle East, North Africa, Afghanistan & Pakistan (excluding high income)",,,-0.39597424141363596,-0.06725824284627169,-0.49501831708210225,-0.36878673090996766,-0.42272885841519875,-0.9075740544510439,-0.44289007418637,6,18,14,18,0.7777777777777778,-0.44289007418637,Medium
Africa Eastern and Southern,AFE,2018,Aggregates,,,,-0.35957168458288374,-0.19670552153615192,-0.5416273436633621,0.8664521932810589,-0.4921944728484693,-0.8396163662417023,-0.26054386593191836,6,18,16,18,0.8888888888888888,-0.26054386593191836,High
Africa Western and Central,AFW,2018,Aggregates,,,,-0.23999157597645115,-0.24439772340434282,-0.5902353795898524,0.4394394589496824,-0.41409615844715447,-0.906667630085709,-0.32599150142563793,6,18,14,18,0.7777777777777778,-0.32599150142563793,Medium
Albania,ALB,2018,Europe & Central Asia,Europe & Central Asia (excluding high income),,,0.004258782068807869,0.3013723473152935,-0.07393522656727895,1.474000315548713,-0.3819888851987721,-0.7920480310822334,0.08860988368075497,6,18,16,18,0.8888888888888888,0.08860988368075497,High
Algeria,DZA,2018,"Middle East, North Africa, Afghanistan & Pakistan","Middle East, North Africa, Afghanistan & Pakistan (excluding high income)",,,-0.014759064113286735,0.2595190164600682,-0.15349078999460347,0.05279514587578376,-0.5044637998963556,-0.7991455364184974,-0.19325750468114852,6,18,14,18,0.7777777777777778,-0.19325750468114852,Medium
American Samoa,ASM,2018,East Asia & Pacific,,,,0.03769578591287456,0.23063052531804537,-0.2301127434691063,1.6341686883761177,0.017559563933388794,-0.7355224059153415,0.15906990235932977,6,18,7,18,0.3888888888888889,0.15906990235932977,Low
Andorra,AND,2018,Europe & Central Asia,,,,0.33754145599755997,0.11943778652814323,0.010714016511021107,1.6373724377151284,-0.4167851232703466,-0.7707610175721541,0.15291992598489204,6,18,13,18,0.7222222222222222,0.15291992598489204,Medium
Angola,AGO,2018,Sub-Saharan Africa ,Sub-Saharan Africa (excluding high income),,,-0.4163766765773083,0.23063052531804537,-0.4222639263563787,-0.27965274156414105,-0.493954396049308,-0.9826547813186858,-0.3940453327579627,6,18,13,18,0.7222222222222222,-0.3940453327579627,Medium
Antigua and Barbuda,ATG,2018,Latin America & Caribbean ,,,,0.08000905178385541,0.3552825709112928,-0.10343446040166863,1.5676777460009979,-0.14682035070576116,-0.7624487947648803,0.16504429380397265,6,18,10,18,0.5555555555555556,0.16504429380397265,Low
Arab World,ARB,2018,Aggregates,,,,-0.02570658708351169,0.021467522073812233,-0.2257589899446286,0.9076670668329098,-0.3834229392968392,-0.8970158563212212,-0.10046163062324642,6,18,14,18,0.7777777777777778,-0.10046163062324642,Medium
Argentina,ARG,2018,Latin America & Caribbean ,Latin America & Caribbean (excluding high income),,,0.24085579503246193,0.49444036434038896,-0.13485371288128833,2.188297701837031,-0.6078043780918329,-0.7859341654383045,0.2325002674664094,6,18,15,18,0.8333333333333334,0.2325002674664094,High
Armenia,ARM,2018,Europe & Central Asia,Europe & Central Asia (excluding high income),,,0.13679099410805093,0.29383877372083395,-0.08790794248687168,1.6034327660848025,-0.31013997555373457,-0.8460633763851533,0.13165853991465462,6,18,16,18,0.8888888888888888,0.13165853991465462,High
Aruba,ABW,2018,Latin America & Caribbean ,,,,0.03769578591287456,0.42326023684787123,-0.21711893307616792,1.5676777460009979,-0.1255828886148979,-0.8070649420860012,0.14647783416411275,6,18,6,18,0.3333333333333333,0.14647783416411275,Low
Australia,AUS,2018,East Asia & Pacific,,,,0.2648131647874946,0.6572703336155257,0.029690118630635903,1.5676777460009979,-0.5338126831444683,-0.7530492275717006,0.2054315753864142,6,18,14,18,0.7777777777777778,0.2054315753864142,Medium
Austria,AUT,2018,Europe & Central Asia,,,,0.29274784055372544,0.43467806486535343,0.016822214466786795,1.6721705610169524,-0.25825473596706777,-0.7816189337031506,0.22942416853876657,6,18,15,18,0.8333333333333334,0.22942416853876657,High
Azerbaijan,AZE,2018,Europe & Central Asia,Europe & Central Asia (excluding high income),,,0.13020768609232294,0.2279341066552468,-0.08750167410002281,1.6367779066290205,-0.33432609374228434,-0.8289547686892901,0.1240228604741655,6,18,15,18,0.8333333333333334,0.1240228604741655,High
"Bahamas, The",BHS,2018,Latin America & Caribbean ,,,,0.1345695869945846,0.1834730860478262,-0.15851399666951457,1.5676777460009979,-0.4114940605528183,-0.7486647978861964,0.09450792732247988,6,18,12,18,0.6666666666666666,0.09450792732247988,Medium
Bahrain,BHR,2018,"Middle East, North Africa, Afghanistan & Pakistan",,,,0.32049601163472075,0.28479129060373415,-0.026465291904288757,1.5246627677302433,-0.10823376178170137,-0.8965989844112893,0.1831086719785698,6,18,15,18,0.8333333333333334,0.1831086719785698,High
Bangladesh,BGD,2018,South Asia,South Asia,,,-0.1738072519175898,-0.05029482106397134,-0.49510673899339563,0.36141616012107053,-0.5589213452650404,-0.8995020563680715,-0.30270267558116637,6,18,16,18,0.8888888888888888,-0.30270267558116637,High
Barbados,BRB,2018,Latin America & Caribbean ,,,,0.20705003470810146,0.2979586936736309,-0.13187263130053645,1.5676777460009979,-0.4173823911862502,-0.7687788285245231,0.12577543722857007,6,18,12,18,0.6666666666666666,0.12577543722857007,Medium
Belarus,BLR,2018,Europe & Central Asia,Europe & Central Asia (excluding high income),,,0.2727326921084716,0.43359724225765683,0.00917130576601454,1.6460680243552934,-0.12183448562809385,-0.7856509508388068,0.24234730467008933,6,18,15,18,0.8333333333333334,0.24234730467008933,High
Belgium,BEL,2018,Europe & Central Asia,,,,0.24216917689528397,0.6412949330534266,0.024832561831353517,2.2958447502955073,-0.008447049816128685,-0.7724649721390499,0.4038715666867321,6,18,16,18,0.8888888888888888,0.4038715666867321,High
Belize,BLZ,2018,Latin America & Caribbean ,Latin America & Caribbean (excluding high income),,,-0.19300649342945875,0.11597693208856301,-0.23615685591960675,1.5328255896130007,-0.3021097244492352,-0.8032495189506547,0.019046654825434717,6,18,15,18,0.8333333333333334,0.019046654825434717,High
Benin,BEN,2018,Sub-Saharan Africa ,Sub-Saharan Africa (excluding high income),,,-0.31609192160647215,0.08558878438904453,-0.6172637147289528,0.05738632062552992,-0.44702298131038526,-1.034843394994601,-0.37870781793763947,6,18,14,18,0.7777777777777778,-0.37870781793763947,Medium
Bermuda,BMU,2018,North America,,,,0.03769578591287456,0.13092332786405533,-0.19561977693023672,1.5676777460009979,-0.3998830904464848,-0.7430019644201646,0.0662986713301736,6,18,7,18,0.3888888888888889,0.0662986713301736,Low
Bhutan,BTN,2018,South Asia,South Asia,,,-0.055523143811018714,0.08073855675017656,-0.22862415119084237,0.9419437831347488,-0.37556767130844443,-0.8680308848326593,-0.08417725187633991,6,18,14,18,0.7777777777777778,-0.08417725187633991,Medium
Bolivia,BOL,2018,Latin America & Caribbean ,Latin America & Caribbean (excluding high income),,,-0.09505124725662761,0.21648817310209767,-0.24678011697643873,0.4318084243102258,-0.51945271519706,-0.8559875699053543,-0.17816250865385955,6,18,14,18,0.7777777777777778,-0.17816250865385955,Medium
Bosnia and Herzegovina,BIH,2018,Europe & Central Asia,Europe & Central Asia (excluding high income),,,0.09583117752190455,0.2194223252649591,-0.24802533820254533,2.250517024460772,-0.28699350526756584,-0.8446164474545221,0.1976892060538337,6,18,15,18,0.8333333333333334,0.1976892060538337,High
Botswana,BWA,2018,Sub-Saharan Africa ,Sub-Saharan Africa (excluding high income),,,0.1020396684519466,0.23063052531804537,-0.3420568316787753,0.9078790647417091,-0.3432594124354154,-0.7968106410324277,-0.04026293777248622,6,18,13,18,0.7222222222222222,-0.04026293777248622,Medium
Brazil,BRA,2018,Latin America & Caribbean ,Latin America & Caribbean (excluding high income),,,0.06944513389140747,0.3343534276076685,-0.16789935096823774,2.231120081088078,-0.5967743220760249,-0.8067976305588899,0.17724122316400023,6,18,17,18,0.9444444444444444,0.17724122316400023,High
British Virgin Islands,VGB,2018,Latin America & Caribbean ,,,,0.07983225960391391,0.0014543332997041247,-0.21354837208679275,1.5676777460009979,-0.4070635918222207,-0.8308822130914143,0.032911693650697994,6,18,7,18,0.3888888888888889,0.032911693650697994,Low
Brunei Darussalam,BRN,2018,East Asia & Pacific,,,,0.2731228234643597,0.14224542580989227,-0.1461296118548104,2.188297701837031,-0.33221389738089585,-0.7639215222786356,0.2269001532661569,6,18,14,18,0.7777777777777778,0.2269001532661569,Medium
Bulgaria,BGR,2018,Europe & Central Asia,,,,0.17087532134425656,0.43727311216691084,-0.07777156950068835,1.6628799148608382,-0.163325368261423,-0.8137318162677182,0.20269993239036274,6,18,14,18,0.7777777777777778,0.20269993239036274,Medium
Burkina Faso,BFA,2018,Sub-Saharan Africa ,Sub-Saharan Africa (excluding high income),,,-0.2842510781846881,-0.35958807916646746,-0.5896339727333398,0.2804386125647042,-0.45194453489820186,-1.053997325344224,-0.4098293962937028,6,18,15,18,0.8333333333333334,-0.4098293962937028,High
Burundi,BDI,2018,Sub-Saharan Africa ,Sub-Saharan Africa (excluding high income),,,-0.47735651547766195,-0.1366086253506342,-0.6303333153315714,-0.3330163453816584,-0.40620974847314456,-0.8713335861139254,-0.47580968935476603,6,18,13,18,0.7222222222222222,-0.47580968935476603,Medium
Cabo Verde,CPV,2018,Sub-Saharan Africa ,Sub-Saharan Africa (excluding high income),,,0.04517217258338533,0.1509924141659726,-0.24408114339838508,1.7496661447349202,-0.2620239742006805,-0.7950435246769204,0.1074470148680487,6,18,14,18,0.7777777777777778,0.1074470148680487,Medium
Cambodia,KHM,2018,East Asia & Pacific,East Asia & Pacific (excluding high income),,,0.06161628611092568,-0.08362680550239047,-0.4657548750111618,0.4109225303662117,-0.19296907975038338,-0.8191819348438812,-0.18149897977177995,6,18,14,18,0.7777777777777778,-0.18149897977177995,Medium
Cameroon,CMR,2018,Sub-Saharan Africa ,Sub-Saharan Africa (excluding high income),,,-0.2736965141872452,0.035697980942025254,-0.5272459984649767,-0.24500559359676977,-0.5473585143492147,-0.9077099452423704,-0.41088643081642523,6,18,14,18,0.7777777777777778,-0.41088643081642523,Medium
Canada,CAN,2018,North America,,,,0.21779312920048297,0.41203328801375044,-0.007973918496991231,1.6661270550636047,-0.4371342840156062,-0.7565065006960664,0.18238979484486237,6,18,15,18,0.8333333333333334,0.18238979484486237,High
Caribbean small states,CSS,2018,Aggregates,,,,0.050923300546670464,0.2088504206040659,-0.17963256013553316,1.5676777460009979,-0.41401462015133417,-0.7819111591457815,0.07531552128651424,6,18,10,18,0.5555555555555556,0.07531552128651424,Low
Cayman Islands,CYM,2018,Latin America & Caribbean ,,,,0.03769578591287456,0.2177184357823461,-0.20467670698701268,1.5676777460009979,-0.22121453741369382,-0.8154704682725198,0.09695504250383206,6,18,6,18,0.3333333333333333,0.09695504250383206,Low
Central African Republic,CAF,2018,Sub-Saharan Africa ,Sub-Saharan Africa (excluding high income),,,-0.5867989715437775,0.23063052531804537,-0.6682663152764782,-0.012338685434306051,-0.5055245096470601,-0.8784014822558103,-0.4034499064732311,6,18,12,18,0.6666666666666666,-0.4034499064732311,Medium
Central Europe and the Baltics,CEB,2018,Aggregates,,,,0.14817281489318376,0.39851892916015097,-0.0030358513986691684,2.188297701837031,-0.1796040520425617,-0.8053108473306505,0.29117311585308076,6,18,14,18,0.7777777777777778,0.29117311585308076,Medium
Chad,TCD,2018,Sub-Saharan Africa ,Sub-Saharan Africa (excluding high income),,,-0.5074203925473456,-0.07286108681439658,-0.6457397807326607,-0.6486694149789627,-0.51669139902114,-1.0782400780652814,-0.5782703586932979,6,18,15,18,0.8333333333333334,-0.5782703586932979,High
Channel Islands,CHI,2018,Europe & Central Asia,,,,0.03769578591287456,0.23063052531804537,-0.19513977226892923,1.5676777460009979,-0.41241396343189995,-0.8080068101909186,0.07007391855669502,6,18,3,18,0.16666666666666666,0.07007391855669502,Low
Chile,CHL,2018,Latin America & Caribbean ,,,,0.272336768858068,0.46755436068834627,-0.004793502502975093,2.285615296840876,-0.4689401489889124,-0.8176189670165691,0.28902563464647235,6,18,15,18,0.8333333333333334,0.28902563464647235,High
China,CHN,2018,East Asia & Pacific,East Asia & Pacific (excluding high income),,,0.1667341995340664,0.2616952890696813,-0.1494264859758962,2.188297701837031,-0.5412476026518145,-0.8857806882635408,0.1733787355915879,6,18,14,18,0.7777777777777778,0.1733787355915879,Medium
Colombia,COL,2018,Latin America & Caribbean ,Latin America & Caribbean (excluding high income),,,0.1627269811868768,0.34563042471068767,-0.18960061433998265,1.917852004482951,-0.5661912639765402,-0.845156005983466,0.13754358768008781,6,18,17,18,0.9444444444444444,0.13754358768008781,High
Comoros,COM,2018,Sub-Saharan Africa ,Sub-Saharan Africa (excluding high income),,,-0.18977592792893136,0.10271683074204324,-0.5861434125208492,-0.3084294234543099,-0.5350147506081094,-0.7766274886268826,-0.3822123620661732,6,18,12,18,0.6666666666666666,-0.3822123620661732,Medium
"Congo, Dem. Rep.",COD,2018,Sub-Saharan Africa ,Sub-Saharan Africa (excluding high income),,,-0.4989137587834423,0.1724405038995229,-0.6214069128581334,-0.6215606959992893,-0.40657241242019554,-0.8784899782226612,-0.47575054239736647,6,18,14,18,0.7777777777777778,-0.47575054239736647,Medium
"Congo, Rep.",COG,2018,Sub-Saharan Africa ,Sub-Saharan Africa (excluding high income),,,-0.23681469593630636,0.23063052531804537,-0.48584349114360165,-0.31411632068161705,-0.3190517722794074,-0.8811894920633949,-0.33439754113104697,6,18,12,18,0.6666666666666666,-0.33439754113104697,Medium
Costa Rica,CRI,2018,Latin America & Caribbean ,,,,0.3830662526880529,0.4010606986776768,-0.09813756685846815,2.0465120589464356,-0.43362512712273754,-0.8064158159988253,0.24874341672202238,6,18,16,18,0.8888888888888888,0.24874341672202238,High
Cote d'Ivoire,CIV,2018,Sub-Saharan Africa ,Sub-Saharan Africa (excluding high income),,,-0.039631394968009125,0.05796332652109951,-0.5036415587168196,0.16394158428562064,-0.5204609684635898,-0.9051635531518807,-0.29116542741559653,6,18,14,18,0.7777777777777778,-0.29116542741559653,Medium
Croatia,HRV,2018,Europe & Central Asia,,,,0.17535672437756492,0.3978782947265948,0.0177772943448698,2.2419075773769523,-0.2877735810983847,-0.7982266328484592,0.29115327947985636,6,18,16,18,0.8888888888888888,0.29115327947985636,High
Cuba,CUB,2018,Latin America & Caribbean ,Latin America & Caribbean (excluding high income),,,-0.2495940754041133,0.24675517305105785,-0.1603023810649954,0.338394379018091,-0.5986543199438282,-0.763592098896933,-0.19783222054012017,6,18,13,18,0.7222222222222222,-0.19783222054012017,Medium
Curacao,CUW,2018,Latin America & Caribbean ,,,,0.08953835246922352,0.23063052531804537,-0.21453785537983894,1.5676777460009979,-0.0758698266595496,-0.8041842626796057,0.13220911317821207,6,18,7,18,0.3888888888888889,0.13220911317821207,Low
Cyprus,CYP,2018,Europe & Central Asia,,,,0.3529100899014917,0.4323792336907479,-0.009016701409040281,2.2942166244560105,-0.08010400446905504,-0.7913542279386988,0.36650516903857605,6,18,16,18,0.8888888888888888,0.36650516903857605,High
Czechia,CZE,2018,Europe & Central Asia,,,,0.25673377151298554,0.35780418152436927,0.02244999697420021,1.6689920083851597,-0.1013501695120587,-0.7946218294118994,0.23500132657879277,6,18,15,18,0.8333333333333334,0.23500132657879277,High
Denmark,DNK,2018,Europe & Central Asia,,,,0.3997553442275265,0.5375322323666921,0.022131637014839462,1.6744750636004373,-0.25907180256230183,-0.7650315121953932,0.2682984937419666,6,18,15,18,0.8333333333333334,0.2682984937419666,High
Djibouti,DJI,2018,"Middle East, North Africa, Afghanistan & Pakistan","Middle East, North Africa, Afghanistan & Pakistan (excluding high income)",,,-0.31327244913406527,0.23063052531804537,-0.5823370597680247,-0.1747653151486556,0.5549880371483624,-0.9025406905887813,-0.1978828253621865,6,18,12,18,0.6666666666666666,-0.1978828253621865,Medium
Dominica,DMA,2018,Latin America & Caribbean ,Latin America & Caribbean (excluding high income),,,0.08270624997364552,0.23063052531804537,-0.21823668189745962,1.5676777460009979,-0.4009851787640491,-0.7731911707806987,0.0814335816417469,6,18,9,18,0.5,0.0814335816417469,Low
Dominican Republic,DOM,2018,Latin America & Caribbean ,Latin America & Caribbean (excluding high income),,,-0.02105129406009402,0.2062147663844276,-0.19749121728112537,0.770822158532415,-0.4775238965379918,-0.7867098861019411,-0.08428989484405162,6,18,16,18,0.8888888888888888,-0.08428989484405162,High
Early-demographic dividend,EAR,2018,Aggregates,,,,-0.04284312311375276,0.057263406731451694,-0.33444043838206844,1.4201559076637311,-0.48378431809506717,-0.9011818311633729,-0.04747173272651308,6,18,14,18,0.7777777777777778,-0.04747173272651308,Medium
East Asia & Pacific,EAS,2018,Aggregates,,,,0.14695955011267414,0.2514769192864787,-0.24210328642140666,1.5392173307214525,-0.47326630419336474,-0.8673383119680115,0.059157649589637075,6,18,16,18,0.8888888888888888,0.059157649589637075,High
East Asia & Pacific (IDA & IBRD countries),TEA,2018,Aggregates,,,,0.12759094097219562,0.23572462044888867,-0.25150934432754185,1.7342133775552233,-0.5084382043618864,-0.8670676239988842,0.07841896104799921,6,18,15,18,0.8333333333333334,0.07841896104799921,High
East Asia & Pacific (excluding high income),EAP,2018,Aggregates,,,,0.12750558586539743,0.2353181223607755,-0.2550577940582711,1.7342133775552233,-0.5084370597119628,-0.8664213938071456,0.0778534730340028,6,18,15,18,0.8333333333333334,0.0778534730340028,High
Ecuador,ECU,2018,Latin America & Caribbean ,Latin America & Caribbean (excluding high income),,,-0.03885201543443923,0.24833313349271557,-0.167836192460171,1.5484969502558528,-0.5236444469694653,-0.8240956411208361,0.040400297960609455,6,18,16,18,0.8888888888888888,0.040400297960609455,High
"Egypt, Arab Rep.",EGY,2018,"Middle East, North Africa, Afghanistan & Pakistan","Middle East, North Africa, Afghanistan & Pakistan (excluding high income)",,,-0.12110756728175724,0.12537878883828915,-0.08346795071815792,0.2294735357519265,-0.5155269005592721,-0.9040333977211826,-0.2115472486150257,6,18,15,18,0.8333333333333334,-0.2115472486150257,High
El Salvador,SLV,2018,Latin America & Caribbean ,Latin America & Caribbean (excluding high income),,,0.1376250846537316,0.05658776743104155,-0.21231662440800034,0.664129270855591,-0.39476754199564007,-0.8625257019372251,-0.10187795756675022,6,18,15,18,0.8333333333333334,-0.10187795756675022,High
Equatorial Guinea,GNQ,2018,Sub-Saharan Africa ,Sub-Saharan Africa (excluding high income),,,-0.44051457064821237,0.23063052531804537,-0.5309260342016676,-0.2593698690092539,-0.3259984269382264,-0.8898807881962904,-0.3693431939459342,6,18,12,18,0.6666666666666666,-0.3693431939459342,Medium
Eritrea,ERI,2018,Sub-Saharan Africa ,Sub-Saharan Africa (excluding high income),,,-0.19588794907960969,0.03733055365491319,-0.5622358119339715,0.27145671388279824,-0.4070635918222207,-0.8767725388556897,-0.28886210402563,6,18,8,18,0.4444444444444444,-0.28886210402563,Low
Estonia,EST,2018,Europe & Central Asia,,,,0.41084849329528716,0.42736505054096324,0.010722026858385691,2.2885107990779967,-0.10473576602289854,-0.7561536312951457,0.3794261620757647,6,18,16,18,0.8888888888888888,0.3794261620757647,High
Eswatini,SWZ,2018,Sub-Saharan Africa ,Sub-Saharan Africa (excluding high income),,,-0.1694544696623568,0.23063052531804537,-0.4404325238435884,0.5599999100745313,-0.36657131392727216,-0.7956503958704801,-0.16357971131852014,6,18,13,18,0.7222222222222222,-0.16357971131852014,Medium
Ethiopia,ETH,2018,Sub-Saharan Africa ,Sub-Saharan Africa (excluding high income),,,-0.15128456971047402,0.23063052531804537,-0.5930655850049681,0.010672364616743146,-0.5748506040962367,-0.8355034904279147,-0.3189002265508008,6,18,10,18,0.5555555555555556,-0.3189002265508008,Low
Euro area,EMU,2018,Aggregates,,,,0.208649564598936,0.4179827958303169,0.021769439212957598,1.5676777460009979,-0.34589174261891636,-0.7772486403351819,0.18215652711485172,6,18,12,18,0.6666666666666666,0.18215652711485172,Medium
Europe & Central Asia,ECS,2018,Aggregates,,,,0.24338153909462154,0.44109020759704193,-0.029722650188197364,2.262766488568056,-0.36449009336886634,-0.7915790523350982,0.29357440656125955,6,18,17,18,0.9444444444444444,0.29357440656125955,High
Europe & Central Asia (IDA & IBRD countries),TEC,2018,Aggregates,,,,0.18443359823229558,0.4246554327137783,-0.07249971118946917,1.8875781373574567,-0.4179689972194131,-0.810190471826032,0.19933466467810276,6,18,16,18,0.8888888888888888,0.19933466467810276,High
Europe & Central Asia (excluding high income),ECA,2018,Aggregates,,,,0.0738968631835127,0.4123838420193227,-0.10104551068451013,1.8084312438444066,-0.4072659602700947,-0.8299001235816682,0.15941672575182814,6,18,16,18,0.8888888888888888,0.15941672575182814,High
European Union,EUU,2018,Aggregates,,,,0.19695560901406564,0.4090223302691036,0.018243952893158555,1.5676777460009979,-0.33428796227773744,-0.7819614075819921,0.17927504471959932,6,18,12,18,0.6666666666666666,0.17927504471959932,Medium
Faroe Islands,FRO,2018,Europe & Central Asia,,,,0.1557029709304147,0.23063052531804537,-0.19030350450821967,1.5676777460009979,-0.26825148532696624,-0.813204132344247,0.1137086866783375,6,18,7,18,0.3888888888888889,0.1137086866783375,Low
Fiji,FJI,2018,East Asia & Pacific,East Asia & Pacific (excluding high income),,,0.0012058982831409382,0.37010739064116355,-0.3912983084684285,0.8346989758554971,-0.27146640379567494,-0.750388591670314,-0.03452350652576932,6,18,14,18,0.7777777777777778,-0.03452350652576932,Medium
Finland,FIN,2018,Europe & Central Asia,,,,0.3339541947218439,0.6850971098024904,0.012786231756177843,1.6752445792831656,-0.3852529163427172,-0.7443297657875219,0.2629165722389064,6,18,15,18,0.8333333333333334,0.2629165722389064,High
France,FRA,2018,Europe & Central Asia,,,,0.2662863958346137,0.37048528997031016,0.012539759529576033,1.673594070999983,-0.4362767010163435,-0.7644988884663824,0.18702165447529287,6,18,15,18,0.8333333333333334,0.18702165447529287,High
French Polynesia,PYF,2018,East Asia & Pacific,,,,0.0825600055905926,0.23063052531804537,-0.18720285308853746,1.6365670187667813,-0.4411774875140943,-0.8059864649228308,0.08589845735832613,6,18,8,18,0.4444444444444444,0.08589845735832613,Low
Gabon,GAB,2018,Sub-Saharan Africa ,Sub-Saharan Africa (excluding high income),,,0.07638468776199453,0.23063052531804537,-0.23522632056742285,0.3767192436967303,-0.40569062107661374,-0.853963827347746,-0.1351910520358354,6,18,11,18,0.6111111111111112,-0.1351910520358354,Medium
"Gambia, The",GMB,2018,Sub-Saharan Africa ,Sub-Saharan Africa (excluding high income),,,-0.04052813571124001,0.08658702510863674,-0.6137942073524845,0.23781102456541828,-0.43039912189020696,-0.8984811442086528,-0.27646742658142154,6,18,13,18,0.7222222222222222,-0.27646742658142154,Medium
Georgia,GEO,2018,Europe & Central Asia,Europe & Central Asia (excluding high income),,,0.24619073064251454,0.45186626903665256,-0.14489591566390608,2.16254618153935,-0.2347304861710673,-0.8434712285950839,0.2729175917980767,6,18,17,18,0.9444444444444444,0.2729175917980767,High
Germany,DEU,2018,Europe & Central Asia,,,,0.363163077747112,0.364943693701302,0.026085462316580838,1.676388034826857,-0.38628458710195307,-0.7720936886513113,0.21203366547309788,6,18,15,18,0.8333333333333334,0.21203366547309788,High
Ghana,GHA,2018,Sub-Saharan Africa ,Sub-Saharan Africa (excluding high income),,,0.025737189894692158,0.003365795601138588,-0.5148290357790481,-0.30549009680267153,-0.41988477750071923,-0.8408327812671117,-0.34198895097562,6,18,15,18,0.8333333333333334,-0.34198895097562,High
Gibraltar,GIB,2018,Europe & Central Asia,,,,0.26226225374786905,0.23063052531804537,-0.18702179869874602,1.676783333732379,-0.4070635918222207,-0.8138176728729588,0.12696217490072798,6,18,6,18,0.3333333333333333,0.12696217490072798,Low
Greece,GRC,2018,Europe & Central Asia,,,,0.21844303648045837,0.6800679247080895,0.02564386624391879,1.6677734675663427,-0.3797476663064409,-0.7836766330889741,0.23808399926723248,6,18,15,18,0.8333333333333334,0.23808399926723248,High
Greenland,GRL,2018,Europe & Central Asia,,,,0.09945224126854509,0.23063052531804537,-0.2361465889698469,1.5676777460009979,-0.3411896784740811,-0.7285874593147272,0.09863946430482218,6,18,8,18,0.4444444444444444,0.09863946430482218,Low
Grenada,GRD,2018,Latin America & Caribbean ,Latin America & Caribbean (excluding high income),,,0.07020275072411401,0.5349153430207748,-0.2023249484318361,1.5676777460009979,-0.39810984357274143,-0.7676599226092872,0.1341168541886703,6,18,13,18,0.7222222222222222,0.1341168541886703,Medium
Guam,GUM,2018,East Asia & Pacific,,,,0.03769578591287456,0.23063052531804537,-0.21425153680993614,1.6705261330145265,-0.41714015024042567,-0.736129580176391,0.09522186283644891,6,18,7,18,0.3888888888888889,0.09522186283644891,Low
Guatemala,GTM,2018,Latin America & Caribbean ,Latin America & Caribbean (excluding high income),,,0.015836110664122032,0.04300380790215284,-0.41226803981301,0.4106566366386602,-0.5178538241832135,-0.8488287760919828,-0.2182423474805452,6,18,14,18,0.7777777777777778,-0.2182423474805452,Medium
Guinea,GIN,2018,Sub-Saharan Africa ,Sub-Saharan Africa (excluding high income),,,-0.22864587393431504,0.02957594130546941,-0.6390197154743557,-0.34378772085289433,-0.3327527758484418,-0.9002416641946903,-0.4024786348332046,6,18,14,18,0.7777777777777778,-0.4024786348332046,Medium
Guinea-Bissau,GNB,2018,Sub-Saharan Africa ,Sub-Saharan Africa (excluding high income),,,-0.3280573867057463,0.23063052531804537,-0.6271922321970503,0.06340499318171178,-0.4856992127144341,-1.0329373491338107,-0.36330844370854737,6,18,13,18,0.7222222222222222,-0.36330844370854737,Medium
Guyana,GUY,2018,Latin America & Caribbean ,,,,-0.013545548384564288,0.23063052531804537,-0.18054789485041112,0.4338746366181141,-0.409634885701796,-0.8026431249037441,-0.12364438198405936,6,18,9,18,0.5,-0.12364438198405936,Low
Haiti,HTI,2018,Latin America & Caribbean ,Latin America & Caribbean (excluding high income),,,-0.32719418435715547,0.23063052531804537,-0.6047709618333442,0.2927994186282089,-0.5315162446457973,-0.7951719476660264,-0.2892038990926782,6,18,11,18,0.6111111111111112,-0.2892038990926782,Medium
Heavily indebted poor countries (HIPC),HPC,2018,Aggregates,,,,-0.15683641006406138,-0.23747533787333583,-0.5677749673587509,-0.23071978514781502,-0.4910634460519616,-0.8602405759835716,-0.4240184204132494,6,18,14,18,0.7777777777777778,-0.4240184204132494,Medium
Honduras,HND,2018,Latin America & Caribbean ,Latin America & Caribbean (excluding high income),,,-0.22447947915424193,0.1472732343452434,-0.3874046404707217,0.3385732333460602,-0.2786806269330531,-0.9351288451492433,-0.2233078540026594,6,18,16,18,0.8888888888888888,-0.2233078540026594,High
"Hong Kong SAR, China",HKG,2018,East Asia & Pacific,,,,0.9367893852561257,0.43403727978432793,-0.17926696087575653,1.6764478221894261,0.5831246443458991,-0.8097649877832082,0.44022786381946905,6,18,11,18,0.6111111111111112,0.44022786381946905,Medium
Hungary,HUN,2018,Europe & Central Asia,,,,0.1668243931329074,0.3067296113480577,-0.036343898746499265,2.2741874093834493,-0.013376191812661586,-0.7993958221543034,0.31643758352515833,6,18,15,18,0.8333333333333334,0.31643758352515833,High
IBRD only,IBD,2018,Aggregates,,,,0.005905548763537022,0.1949134523917797,-0.2553986667733568,1.9913084453497827,-0.4954578366624607,-0.8826549113569638,0.093102671952053,6,18,16,18,0.8888888888888888,0.093102671952053,High
IDA & IBRD total,IBT,2018,Aggregates,,,,-0.07367417140060296,0.07942525428140172,-0.3259120798383374,1.343184048229009,-0.4972798312445989,-0.89040545015215,-0.06077703835421309,6,18,16,18,0.8888888888888888,-0.06077703835421309,High
IDA blend,IDB,2018,Aggregates,,,,-0.2854657017845312,-0.20542689962834024,-0.5006122420293821,0.24515603948502487,-0.40776740566897923,-0.9044724928232548,-0.3430981170749104,6,18,15,18,0.8333333333333334,-0.3430981170749104,High
IDA only,IDX,2018,Aggregates,,,,-0.30525536764545486,-0.1766632086327088,-0.5361098966801914,-0.2651847706198741,-0.4850873712363429,-0.8928841602660088,-0.4435307958467634,6,18,16,18,0.8888888888888888,-0.4435307958467634,High
IDA total,IDA,2018,Aggregates,,,,-0.2985184601183319,-0.18846126230293583,-0.5235965396836338,-0.0823162015601279,-0.5064982544341876,-1.0437243265454317,-0.44051917410744146,6,18,17,18,0.9444444444444444,-0.44051917410744146,High
Iceland,ISL,2018,Europe & Central Asia,,,,0.3536924019019776,0.4238449261536283,0.03437309093607499,1.6758955352835267,-0.3405049224472534,-0.7499392241127228,0.2328936346192052,6,18,15,18,0.8333333333333334,0.2328936346192052,High
India,IND,2018,South Asia,South Asia,,,-0.2683996078008808,0.031685242227577924,-0.34650319064667645,1.0152222010779917,-0.51701574935125,-0.9006656208008189,-0.1642794542156761,6,18,15,18,0.8333333333333334,-0.1642794542156761,High
Indonesia,IDN,2018,East Asia & Pacific,East Asia & Pacific (excluding high income),,,-0.03863319326898871,0.22705112967446187,-0.2649655567324663,1.5452151651284165,-0.524070470310827,-0.8611945659046311,0.013900418097660905,6,18,17,18,0.9444444444444444,0.013900418097660905,High
"Iran, Islamic Rep.",IRN,2018,"Middle East, North Africa, Afghanistan & Pakistan","Middle East, North Africa, Afghanistan & Pakistan (excluding high income)",,,0.05858990472834468,0.2910058327958482,-0.06853306884396726,1.6499502271658448,-0.5054845092903192,-0.9102570718444681,0.08587855245188053,6,18,15,18,0.8333333333333334,0.08587855245188053,High
Iraq,IRQ,2018,"Middle East, North Africa, Afghanistan & Pakistan","Middle East, North Africa, Afghanistan & Pakistan (excluding high income)",,,-0.14693464201128323,0.23063052531804537,-0.1747078381378364,0.25157841641124534,-0.44476045707554795,-0.9058659181622115,-0.19834331894293142,6,18,12,18,0.6666666666666666,-0.19834331894293142,Medium
Ireland,IRL,2018,Europe & Central Asia,,,,0.20077887349771553,0.6214644182144052,0.027399980858458423,1.6477894044415808,0.23954557496754425,-0.7580728208047235,0.3298175718624968,6,18,15,18,0.8333333333333334,0.3298175718624968,High
Isle of Man,IMN,2018,Europe & Central Asia,,,,0.03769578591287456,0.23063052531804537,-0.1971861079302928,1.6698442418563282,-0.407199918729989,-0.8073814681362775,0.08773384304844813,6,18,5,18,0.2777777777777778,0.08773384304844813,Low
Israel,ISR,2018,"Middle East, North Africa, Afghanistan & Pakistan",,,,0.28371779548759246,0.30994330415150295,0.038337185913924966,1.6748487258081426,-0.4663530192390735,-0.8224676137400655,0.16967106306367066,6,18,15,18,0.8333333333333334,0.16967106306367066,High
Italy,ITA,2018,Europe & Central Asia,,,,0.296505030364559,0.3481056652618433,0.023785054868294686,2.2825291213519114,-0.46900231631685124,-0.7910534828693723,0.28181151211006417,6,18,16,18,0.8888888888888888,0.28181151211006417,High
Jamaica,JAM,2018,Latin America & Caribbean ,Latin America & Caribbean (excluding high income),,,0.05369214260050181,0.19560256162745596,-0.20464497096148912,0.9435068968205522,-0.40558311483253845,-0.8096497935491906,-0.03784604638245137,6,18,12,18,0.6666666666666666,-0.03784604638245137,Medium
Japan,JPN,2018,East Asia & Pacific,,,,0.3893686976468522,0.3358373833474649,0.035846789457633164,1.670471304865212,-0.5681461432172723,-0.7746457355433632,0.1814553827594211,6,18,15,18,0.8333333333333334,0.1814553827594211,High
Jordan,JOR,2018,"Middle East, North Africa, Afghanistan & Pakistan","Middle East, North Africa, Afghanistan & Pakistan (excluding high income)",,,-0.07671160232243215,0.19403034686878562,-0.12802838344287196,0.6992118658814177,-0.4170566078382783,-0.8663592219858032,-0.09915226713986369,6,18,14,18,0.7777777777777778,-0.09915226713986369,Medium
Kazakhstan,KAZ,2018,Europe & Central Asia,Europe & Central Asia (excluding high income),,,0.2479247025936393,0.27265291456824037,-0.06033088392969504,1.6351568202250348,-0.4446995339595807,-0.8067288077449004,0.14066253529212303,6,18,15,18,0.8333333333333334,0.14066253529212303,High
Kenya,KEN,2018,Sub-Saharan Africa ,Sub-Saharan Africa (excluding high income),,,-0.21837284387995629,0.23063052531804537,-0.551094651110992,1.5408163439505922,-0.5632068844794526,-0.8154172743560778,-0.06277413075964018,6,18,12,18,0.6666666666666666,-0.06277413075964018,Medium
Kiribati,KIR,2018,East Asia & Pacific,East Asia & Pacific (excluding high income),,,-0.3955835973119552,0.2752204326556721,-0.5747496176656025,0.18874590781879344,-0.36448093495192174,-0.7460448050382679,-0.269482102415547,6,18,13,18,0.7222222222222222,-0.269482102415547,Medium
"Korea, Dem. People's Rep.",PRK,2018,East Asia & Pacific,East Asia & Pacific (excluding high income),,,0.03769578591287456,0.14936502242147495,-0.5389050590541039,1.535586302557561,-0.4070635918222207,-0.8145822410309953,-0.00631729683590158,6,18,7,18,0.3888888888888889,-0.00631729683590158,Low
"Korea, Rep.",KOR,2018,East Asia & Pacific,,,,0.4001682827884065,0.46029663190288844,0.02917663482521495,1.6717344719686082,-0.3968957496456215,-0.8118770583012896,0.22543386892303455,6,18,15,18,0.8333333333333334,0.22543386892303455,High
Kuwait,KWT,2018,"Middle East, North Africa, Afghanistan & Pakistan",,,,0.4022033397255614,0.2928446001051939,0.0059323526181798885,1.8968598688310836,-0.29549426976143717,-0.9128040787023571,0.2315903021360374,6,18,15,18,0.8333333333333334,0.2315903021360374,High
Kyrgyz Republic,KGZ,2018,Europe & Central Asia,Europe & Central Asia (excluding high income),,,0.14230294562020937,0.1995181235400404,-0.2631971185065965,0.7491262182358108,-0.3001195839112242,-0.8394651474463046,-0.05197242707801077,6,18,16,18,0.8888888888888888,-0.05197242707801077,High
Lao PDR,LAO,2018,East Asia & Pacific,East Asia & Pacific (excluding high income),,,-0.34699397679637634,-0.011274277439392985,-0.5756464684801508,-0.43841354312509834,-0.3961028970622742,-0.9014193569381236,-0.44497508664023605,6,18,15,18,0.8333333333333334,-0.44497508664023605,High
Late-demographic dividend,LTE,2018,Aggregates,,,,0.15407445111265541,0.2888513891878661,-0.1734432477221656,2.188297701837031,-0.47642056790858794,-0.8562759822191172,0.1875139573812803,6,18,14,18,0.7777777777777778,0.1875139573812803,Medium
Latin America & Caribbean ,LCN,2018,Aggregates,,,,0.04843227752850079,0.3091219075287747,-0.2039566510517329,1.9332007810764187,-0.5184732370922992,-0.8196984638794044,0.12477110235170961,6,18,17,18,0.9444444444444444,0.12477110235170961,High
Latin America & Caribbean (excluding high income),LAC,2018,Aggregates,,,,0.04391633673002143,0.29938453719342123,-0.2078016063193172,1.7253192630456688,-0.5275890291874631,-0.7986407787366754,0.08909812045427601,6,18,16,18,0.8888888888888888,0.08909812045427601,High
Latin America & the Caribbean (IDA & IBRD countries),TLA,2018,Aggregates,,,,0.053906014894288166,0.30852101058020504,-0.20476667122002276,1.9360593579214314,-0.5210994156332585,-0.7996186424082595,0.12883360902239732,6,18,16,18,0.8888888888888888,0.12883360902239732,High
Latvia,LVA,2018,Europe & Central Asia,,,,0.20027516596381098,0.5004374346918822,-0.07964085321959445,2.2799331555408204,-0.16143077741929926,-0.7890952336949929,0.3250798153104379,6,18,16,18,0.8888888888888888,0.3250798153104379,High
Least developed countries: UN classification,LDC,2018,Aggregates,,,,-0.31352941808266044,-0.2031481178941689,-0.5491269879796847,-0.17497983276333598,-0.49763824288792685,-0.8953288872003995,-0.4389585811346961,6,18,15,18,0.8333333333333334,-0.4389585811346961,High
Lebanon,LBN,2018,"Middle East, North Africa, Afghanistan & Pakistan","Middle East, North Africa, Afghanistan & Pakistan (excluding high income)",,,-0.0185556817905508,0.14082555696550783,-0.09756298120655071,1.430782997997021,-0.4313334578301396,-0.8245238686398609,0.033272094249237806,6,18,14,18,0.7777777777777778,0.033272094249237806,Medium
Lesotho,LSO,2018,Sub-Saharan Africa ,Sub-Saharan Africa (excluding high income),,,-0.24075181478354532,0.07394459616623299,-0.4744075906163103,-0.2695950693513511,-0.12606489036251592,-0.8437262296504052,-0.3134334997663158,6,18,15,18,0.8333333333333334,-0.3134334997663158,High
Liberia,LBR,2018,Sub-Saharan Africa ,Sub-Saharan Africa (excluding high income),,,-0.14542556346651267,0.23063052531804537,-0.6324680729042285,-0.2988145314796124,-0.41889112630519537,-0.8097349396287772,-0.3457839514110468,6,18,9,18,0.5,-0.3457839514110468,Low
Libya,LBY,2018,"Middle East, North Africa, Afghanistan & Pakistan","Middle East, North Africa, Afghanistan & Pakistan (excluding high income)",,,-0.01817254001184568,0.23063052531804537,-0.228609570977117,1.5676777460009979,-0.4282767124742282,-0.8288027369060189,0.04907445182497224,6,18,8,18,0.4444444444444444,0.04907445182497224,Low
Liechtenstein,LIE,2018,Europe & Central Asia,,,,0.243709447885093,0.28203636232688417,-0.18696511008662733,1.676783333732379,-0.4070635918222207,-0.8095338336556591,0.13316110139664153,6,18,8,18,0.4444444444444444,0.13316110139664153,Low
Lithuania,LTU,2018,Europe & Central Asia,,,,0.3010691835368884,0.42483386590727107,-0.016913671549370058,1.655459577996971,-0.07876429790342476,-0.7800853829168309,0.25093321251191747,6,18,15,18,0.8333333333333334,0.25093321251191747,High
Low & middle income,LMY,2018,Aggregates,,,,0.0033716405836880423,0.07524179979912222,-0.33300569458225204,1.3276765353391753,-0.5053540733598346,-0.9455567827019404,-0.06293776248700694,6,18,15,18,0.8333333333333334,-0.06293776248700694,High
Luxembourg,LUX,2018,Europe & Central Asia,,,,0.39821877804650674,0.18125311369489885,0.010937690056662416,1.6752196734723126,0.5732002612257361,-0.7735341491679056,0.3442158945547018,6,18,15,18,0.8333333333333334,0.3442158945547018,High
"Macao SAR, China",MAC,2018,East Asia & Pacific,,,,1.055020539147601,0.36285345214886133,-0.18428472462233017,1.6767802466446147,-0.21249129506367995,-0.8131594132046955,0.3141198008417285,6,18,11,18,0.6111111111111112,0.3141198008417285,Medium
Madagascar,MDG,2018,Sub-Saharan Africa ,Sub-Saharan Africa (excluding high income),,,-0.5225277207795579,-0.22851614510338658,-0.619027942387618,-0.3632021703927861,-0.43501522826593836,-0.788914445303214,-0.4928672753720835,6,18,16,18,0.8888888888888888,-0.4928672753720835,High
Malawi,MWI,2018,Sub-Saharan Africa ,Sub-Saharan Africa (excluding high income),,,-0.5206041092654349,-0.22505803580130565,-0.6119836634545702,-0.5413647693806564,-0.5327098727295878,-0.8136592134412002,-0.5408966106787926,6,18,16,18,0.8888888888888888,-0.5408966106787926,High
Malaysia,MYS,2018,East Asia & Pacific,East Asia & Pacific (excluding high income),,,0.20029058258136714,0.17663271491406815,-0.14447906951066533,2.272897293818143,-0.16093837890198714,-0.7939244928404318,0.25841310834341563,6,18,17,18,0.9444444444444444,0.25841310834341563,High
Maldives,MDV,2018,South Asia,South Asia,,,0.3856916570781829,0.13164895793990153,-0.1345884471474079,1.5740442710287104,-0.10121437033243912,-0.7926452243579464,0.17715614070150024,6,18,13,18,0.7222222222222222,0.17715614070150024,Medium
Mali,MLI,2018,Sub-Saharan Africa ,Sub-Saharan Africa (excluding high income),,,-0.1739040743608112,-0.2156786702527295,-0.6393144551786673,0.31153910027116644,-0.5025662091788824,-1.0109784569761109,-0.37181712761267244,6,18,14,18,0.7777777777777778,-0.37181712761267244,Medium
Malta,MLT,2018,"Middle East, North Africa, Afghanistan & Pakistan",,,,0.32692375360588105,0.31541099897814157,0.01074256621060258,1.6763329126475524,0.2520779410721369,-0.787235737741523,0.29904207246213194,6,18,15,18,0.8333333333333334,0.29904207246213194,High
Marshall Islands,MHL,2018,East Asia & Pacific,East Asia & Pacific (excluding high income),,,-0.0723527444544044,0.23063052531804537,-0.3407978720846441,1.0139722579126254,-0.14666206857629893,-0.7319985465257833,-0.007868074735076688,6,18,10,18,0.5555555555555556,-0.007868074735076688,Low
Mauritania,MRT,2018,Sub-Saharan Africa ,Sub-Saharan Africa (excluding high income),,,-0.17747746564961064,-0.17964532131463085,-0.4134343669286431,-0.020309062616371693,-0.34042367280066826,-0.9085657605232704,-0.33997594163886585,6,18,14,18,0.7777777777777778,-0.33997594163886585,Medium
Mauritius,MUS,2018,Sub-Saharan Africa ,Sub-Saharan Africa (excluding high income),,,0.24433659166796448,0.20420197806477805,-0.16207469876982583,1.9803489881939604,-0.1856869571020329,-0.7874085749976748,0.21561955450952822,6,18,14,18,0.7777777777777778,0.21561955450952822,Medium
Mexico,MEX,2018,Latin America & Caribbean ,Latin America & Caribbean (excluding high income),,,-0.01195490943154933,0.30436288593374755,-0.22150829261531876,1.0995087704472575,-0.380951527689626,-0.8079044252621751,-0.003074583102944043,6,18,16,18,0.8888888888888888,-0.003074583102944043,High
"Micronesia, Fed. Sts.",FSM,2018,East Asia & Pacific,East Asia & Pacific (excluding high income),,,-0.06400624345913929,0.23063052531804537,-0.5594399953102155,1.074639026909897,-0.2772492844595878,-0.7420583420264252,-0.056247385504570875,6,18,9,18,0.5,-0.056247385504570875,Low
"Middle East, North Africa, Afghanistan & Pakistan",MEA,2018,Aggregates,,,,-0.07156888779837701,-0.04858573678552595,-0.27158836859753516,1.4726634833994812,-0.411948455943094,-0.9448187024965574,-0.0459744447036014,6,18,17,18,0.9444444444444444,-0.0459744447036014,High
"Middle East, North Africa, Afghanistan & Pakistan (IDA & IBRD)",TMN,2018,Aggregates,,,,-0.130516828660703,0.23063052531804537,-0.2848959713489627,0.34347257324732233,-0.492981744451461,-0.9034453157434763,-0.20628946027320585,6,18,13,18,0.7222222222222222,-0.20628946027320585,Medium
"Middle East, North Africa, Afghanistan & Pakistan (excluding high income)",MNA,2018,Aggregates,,,,-0.1251204062814585,0.23063052531804537,-0.28474219108915694,0.5098691575176578,-0.4923569083208926,-0.9034675506946193,-0.17753122892507067,6,18,13,18,0.7222222222222222,-0.17753122892507067,Medium
Middle income,MIC,2018,Aggregates,,,,0.020960380443847338,0.11612927860447698,-0.30719820037316087,1.4898912177992998,-0.5047370040257987,-0.8970293380567093,-0.01366394426800747,6,18,14,18,0.7777777777777778,-0.01366394426800747,Medium
Moldova,MDA,2018,Europe & Central Asia,Europe & Central Asia (excluding high income),,,0.15546823536974178,0.27550070305870805,-0.09668071060572785,1.3076160013312328,-0.3298220765395317,-0.7836313408869616,0.08807513528791024,6,18,16,18,0.8888888888888888,0.08807513528791024,High
Monaco,MCO,2018,Europe & Central Asia,,,,0.11511077180235167,0.23063052531804537,0.039522717323880685,1.676783333732379,-0.39707394543374,-0.7836026943863142,0.14689511805943373,6,18,10,18,0.5555555555555556,0.14689511805943373,Low
Mongolia,MNG,2018,East Asia & Pacific,East Asia & Pacific (excluding high income),,,0.08161331930518655,0.34779528683445987,-0.38729485763312277,1.4112785337501663,-0.16669211850604618,-0.9033431753760502,0.06389283139576561,6,18,16,18,0.8888888888888888,0.06389283139576561,High
Montenegro,MNE,2018,Europe & Central Asia,Europe & Central Asia (excluding high income),,,0.46679924484477137,0.3261504156911241,-0.16089453058940698,1.9688315690394145,-0.23555394298915422,-0.8287944925221259,0.2560897105791038,6,18,17,18,0.9444444444444444,0.2560897105791038,High
Morocco,MAR,2018,"Middle East, North Africa, Afghanistan & Pakistan","Middle East, North Africa, Afghanistan & Pakistan (excluding high income)",,,0.09796306007030064,0.12826507334612192,-0.16700250015368956,1.500316504893212,-0.3896043853037974,-0.8057267410041377,0.06070183530800168,6,18,14,18,0.7777777777777778,0.06070183530800168,Medium
Mozambique,MOZ,2018,Sub-Saharan Africa ,Sub-Saharan Africa (excluding high income),,,-0.4676046414533335,0.06827973749235901,-0.6135584155890352,-0.41575560905157904,-0.19640613987059363,-0.8027241144141128,-0.40462819714771586,6,18,14,18,0.7777777777777778,-0.40462819714771586,Medium
Myanmar,MMR,2018,East Asia & Pacific,East Asia & Pacific (excluding high income),,,-0.101472266508864,0.0947727923965948,-0.4790644779444342,-0.42455569928806863,-0.3923473416712036,-0.878819430665121,-0.3635810706135161,6,18,15,18,0.8333333333333334,-0.3635810706135161,High
Namibia,NAM,2018,Sub-Saharan Africa ,Sub-Saharan Africa (excluding high income),,,-0.07738110137264428,0.08483724832504537,-0.4354977390799708,1.3968176030952364,-0.3860614267174371,-0.8046700165271207,-0.03699257204614853,6,18,15,18,0.8333333333333334,-0.03699257204614853,High
Naoero,NRU,2018,East Asia & Pacific,,,,0.03769578591287456,0.23063052531804537,-0.21251031049940514,0.4036234176081926,-0.13991015476914548,-0.7494276769998381,-0.07164973557154604,6,18,9,18,0.5,-0.07164973557154604,Low
Nepal,NPL,2018,South Asia,South Asia,,,0.0010480237672530108,0.08996687365837486,-0.4529421190080148,0.8147366459344205,-0.48796959271624063,-0.897072748913811,-0.15537215287966966,6,18,13,18,0.7222222222222222,-0.15537215287966966,Medium
Netherlands,NLD,2018,Europe & Central Asia,,,,0.35735865647779513,0.4834798404326051,0.02574656300500283,1.6766526709252485,-0.027270335693762842,-0.772838967548847,0.2905214045996736,6,18,15,18,0.8333333333333334,0.2905214045996736,High
New Caledonia,NCL,2018,East Asia & Pacific,,,,0.03769578591287456,0.23063052531804537,-0.21005781187430209,1.6607159362242168,-0.4724268333371106,-0.8063881381704355,0.07336157734554806,6,18,6,18,0.3333333333333333,0.07336157734554806,Low
New Zealand,NZL,2018,East Asia & Pacific,,,,0.34046159231743517,0.46457270010320323,0.016883832523437003,1.6647531251742917,-0.48128812693144923,-0.75888707240526,0.20774934179694302,6,18,14,18,0.7777777777777778,0.20774934179694302,Medium
Nicaragua,NIC,2018,Latin America & Caribbean ,Latin America & Caribbean (excluding high income),,,-0.07370861504148098,0.23063052531804537,-0.3504442815500434,0.5648739479894499,-0.3467141600477121,-0.8180500419532913,-0.13223543754750544,6,18,11,18,0.6111111111111112,-0.13223543754750544,Medium
Niger,NER,2018,Sub-Saharan Africa ,Sub-Saharan Africa (excluding high income),,,-0.17294541012125195,-0.17359642680930035,-0.6271374948233924,0.2722253668187457,-0.5479525439438597,-1.0786245879809064,-0.3880051828099942,6,18,12,18,0.6666666666666666,-0.3880051828099942,Medium
Nigeria,NGA,2018,Sub-Saharan Africa ,Sub-Saharan Africa (excluding high income),,,-0.24688089595526497,0.013398324051109162,-0.6170152912638901,0.2091155125003187,-0.41722604354415616,-1.0451507020501183,-0.35062651604366696,6,18,14,18,0.7777777777777778,-0.35062651604366696,Medium
North America,NAC,2018,Aggregates,,,,0.22906561059948524,0.48357921626914807,-0.03678843724737344,1.6631016050746752,-0.5837399434509214,-0.7581692475068981,0.1661748006230193,6,18,16,18,0.8888888888888888,0.1661748006230193,High
North Macedonia,MKD,2018,Europe & Central Asia,Europe & Central Asia (excluding high income),,,0.1403615766123849,0.18476278972573149,-0.08673206457245784,2.2152852639958867,-0.14770743582286214,-0.8418705443865245,0.2440165975920264,6,18,16,18,0.8888888888888888,0.2440165975920264,High
Northern Mariana Islands,MNP,2018,East Asia & Pacific,,,,0.03769578591287456,0.23063052531804537,-0.21025570853291134,1.5019076473619923,-0.3410020760020589,-0.7276425123712159,0.08188894361445437,6,18,7,18,0.3888888888888889,0.08188894361445437,Low
Norway,NOR,2018,Europe & Central Asia,,,,0.31589650802405184,0.5043232595877541,0.042362898948425286,1.673542697447509,-0.4340162052282115,-0.7509672912150087,0.2251903112607533,6,18,15,18,0.8333333333333334,0.2251903112607533,High
OECD members,OED,2018,Aggregates,,,,0.15507711599376814,0.4152084319231109,-0.04517709279513595,1.5676777460009979,-0.4782656190402153,-0.7810619123411078,0.13890977829023632,6,18,12,18,0.6666666666666666,0.13890977829023632,Medium
Oman,OMN,2018,"Middle East, North Africa, Afghanistan & Pakistan",,,,0.26922890167320984,0.31098474333467063,-0.020351548323424656,1.0299205816732206,-0.3472250877234804,-0.9016207481112174,0.05682280708716312,6,18,15,18,0.8333333333333334,0.05682280708716312,High
Other small states,OSS,2018,Aggregates,,,,0.09572676018287163,0.03241759243092196,-0.307331788332507,1.8893883824020443,-0.14385751898080976,-0.8004894690197691,0.1276423264471253,6,18,14,18,0.7777777777777778,0.1276423264471253,Medium
Pacific island small states,PSS,2018,Aggregates,,,,-0.09193016873797162,0.05008302469577006,-0.47445064972005285,0.9542284466129066,-0.30376632059861935,-0.7593756717605649,-0.10420188991808865,6,18,12,18,0.6666666666666666,-0.10420188991808865,Medium
Pakistan,PAK,2018,"Middle East, North Africa, Afghanistan & Pakistan","Middle East, North Africa, Afghanistan & Pakistan (excluding high income)",,,-0.3644153662185065,-0.2877249438204737,-0.417383878966419,0.005486925408720099,-0.5879259644819658,-0.9677248647090716,-0.436614682131286,6,18,17,18,0.9444444444444444,-0.436614682131286,High
Palau,PLW,2018,East Asia & Pacific,,,,0.03769578591287456,0.23063052531804537,-0.1798742040976988,1.615632819293518,-0.22886947596953264,-0.7467209607499995,0.12141574828453451,6,18,9,18,0.5,0.12141574828453451,Low
Panama,PAN,2018,Latin America & Caribbean ,,,,0.17417942331384298,0.2644835055587668,-0.14081277214199897,1.5676777460009979,-0.35105242471092435,-0.8038528862344293,0.11843709863104251,6,18,13,18,0.7222222222222222,0.11843709863104251,Medium
Papua New Guinea,PNG,2018,East Asia & Pacific,East Asia & Pacific (excluding high income),,,-0.42572934443918947,0.030499891875377716,-0.5772464840178424,0.462413283791661,-0.4263338191373984,-0.7928781226110869,-0.28821243242307976,6,18,10,18,0.5555555555555556,-0.28821243242307976,Low
Paraguay,PRY,2018,Latin America & Caribbean ,Latin America & Caribbean (excluding high income),,,0.06330859635827252,0.2586307875904265,-0.29466268722546524,1.9092913442745505,-0.41200513451670256,-0.7925207997833844,0.12200701778294955,6,18,15,18,0.8333333333333334,0.12200701778294955,High
Peru,PER,2018,Latin America & Caribbean ,Latin America & Caribbean (excluding high income),,,0.10361626309122564,0.29301992308098274,-0.2252262234568497,1.2138209977455985,-0.5093347210323316,-0.8830619156994203,-0.001194279378465779,6,18,16,18,0.8888888888888888,-0.001194279378465779,High
Philippines,PHL,2018,East Asia & Pacific,East Asia & Pacific (excluding high income),,,-0.0007414219255660048,0.10169118953147033,-0.3863098929975643,0.5374346445319352,-0.39790469827388003,-0.8521076149516258,-0.16632296568087176,6,18,15,18,0.8333333333333334,-0.16632296568087176,High
Poland,POL,2018,Europe & Central Asia,,,,0.22586268458434625,0.41363027232340177,0.02065280365522724,2.2613943434389276,-0.26531038201018636,-0.8127658646884734,0.30724397621720717,6,18,16,18,0.8888888888888888,0.30724397621720717,High
Portugal,PRT,2018,Europe & Central Asia,,,,0.2335868063804907,0.4213667462493031,-0.014202477056747783,2.2756914710492615,-0.3446442100795056,-0.7605286962881833,0.3018782733757697,6,18,16,18,0.8888888888888888,0.3018782733757697,High
Post-demographic dividend,PST,2018,Aggregates,,,,0.18127398267024172,0.42229073111640975,-0.005898019346005516,1.5676777460009979,-0.47010458793314625,-0.772521605916221,0.1537863744320461,6,18,12,18,0.6666666666666666,0.1537863744320461,Medium
Pre-demographic dividend,PRE,2018,Aggregates,,,,-0.15029121641220186,-0.22895192842981657,-0.5624399177368035,-0.06203724723990938,-0.4160613374253546,-0.8919613020540536,-0.3852904915496899,6,18,13,18,0.7222222222222222,-0.3852904915496899,Medium
Puerto Rico (US),PRI,2018,Latin America & Caribbean ,,,,0.08375844144124718,0.4760147844971028,-0.0814659827839313,1.6757125803901423,-0.280286864053883,-0.7428099255752804,0.18848717231923295,6,18,13,18,0.7222222222222222,0.18848717231923295,Medium
Qatar,QAT,2018,"Middle East, North Africa, Afghanistan & Pakistan",,,,0.3434526536996702,0.15273108160419166,0.029543673049329793,2.049708459872368,-0.33682597859117225,-0.9017806065445737,0.22280488051496894,6,18,15,18,0.8333333333333334,0.22280488051496894,High
Romania,ROU,2018,Europe & Central Asia,,,,0.17451192922025147,0.23252697362260433,-0.04353267202239255,1.877159080081504,-0.33091873581528514,-0.8108029809534342,0.1831572656888746,6,18,16,18,0.8888888888888888,0.1831572656888746,High
Russian Federation,RUS,2018,Europe & Central Asia,,,,0.3736730152649745,0.4102093283468638,-0.042254097346894635,1.575179727522732,-0.49433131278297465,-0.7732439256373734,0.17487212256122123,6,18,15,18,0.8333333333333334,0.17487212256122123,High
Rwanda,RWA,2018,Sub-Saharan Africa ,Sub-Saharan Africa (excluding high income),,,-0.3107032769705829,-0.2085780424519834,-0.6019204078359303,-0.14092661886783253,-0.49735102150631433,-0.8684930921220309,-0.43799540995911235,6,18,15,18,0.8333333333333334,-0.43799540995911235,High
Samoa,WSM,2018,East Asia & Pacific,East Asia & Pacific (excluding high income),,,-0.2565920239890363,0.09649181463736338,-0.446979955846511,1.4291815566962225,-0.3975254448945644,-0.7471365421424857,-0.05376009925650191,6,18,13,18,0.7222222222222222,-0.05376009925650191,Medium
San Marino,SMR,2018,Europe & Central Asia,,,,0.13902308267052518,0.0944095087186333,0.031147899154225927,2.297403289568412,0.5722511014572209,-0.7877588306075385,0.3910793418269131,6,18,14,18,0.7777777777777778,0.3910793418269131,Medium
Sao Tome and Principe,STP,2018,Sub-Saharan Africa ,Sub-Saharan Africa (excluding high income),,,-0.2298903739095319,0.23063052531804537,-0.5945603363625485,0.1936782871325975,-0.3777648044935296,-0.7841116271149701,-0.2603363882383229,6,18,13,18,0.7222222222222222,-0.2603363882383229,Medium
Saudi Arabia,SAU,2018,"Middle East, North Africa, Afghanistan & Pakistan",,,,0.3415817319514718,0.4052499915632293,0.00022128303752705358,1.195710480673321,-0.4492639389095152,-0.8852925564614669,0.10136783197576116,6,18,14,18,0.7777777777777778,0.10136783197576116,Medium
Senegal,SEN,2018,Sub-Saharan Africa ,Sub-Saharan Africa (excluding high income),,,-0.12853183437220986,-0.0824805133048887,-0.48644560225383815,0.1368607645278377,-0.44898599862098393,-0.9836270913566,-0.33220171256344716,6,18,15,18,0.8333333333333334,-0.33220171256344716,High
Serbia,SRB,2018,Europe & Central Asia,Europe & Central Asia (excluding high income),,,0.19380054577247022,0.3322914633251713,-0.1259262834402397,2.1913149224367685,-0.25647724933389193,-0.8311186931289796,0.25064745093854973,6,18,16,18,0.8888888888888888,0.25064745093854973,High
Seychelles,SYC,2018,Sub-Saharan Africa ,,,,0.299814221793398,0.2686541656343909,-0.16365314798768985,2.018826173515658,0.07558476364091331,-0.768283368030431,0.28849046809437323,6,18,16,18,0.8888888888888888,0.28849046809437323,High
Sierra Leone,SLE,2018,Sub-Saharan Africa ,Sub-Saharan Africa (excluding high income),,,-0.2555536046475515,-0.137865843983936,-0.6397944598399746,0.6443514858025221,-0.5634367662105673,-1.0027314343418645,-0.3258384372035619,6,18,14,18,0.7777777777777778,-0.3258384372035619,Medium
Singapore,SGP,2018,East Asia & Pacific,,,,0.4044281090381568,0.5106333663387231,0.01936909414167474,2.297403289568412,0.5859705330689499,-0.7928338259579912,0.5041617610329876,6,18,16,18,0.8888888888888888,0.5041617610329876,High
Sint Maarten (Dutch part),SXM,2018,Latin America & Caribbean ,,,,0.03769578591287456,0.23063052531804537,-0.2179063091434004,1.5676777460009979,-0.4514558389977609,-0.8140564089456693,0.058764250024181196,6,18,4,18,0.2222222222222222,0.058764250024181196,Low
Slovak Republic,SVK,2018,Europe & Central Asia,,,,0.2967916862353962,0.23691987709607232,0.006603886738909641,1.673518873251702,0.08821943633011793,-0.7980574334679057,0.2506660543640487,6,18,15,18,0.8333333333333334,0.2506660543640487,High
Slovenia,SVN,2018,Europe & Central Asia,,,,0.2434321046462912,0.4527636318895951,0.02812912786215614,1.6637679504768206,-0.021407941055843316,-0.7883714677006965,0.26305223435305386,6,18,15,18,0.8333333333333334,0.26305223435305386,High
Small states,SST,2018,Aggregates,,,,0.04843227752850074,0.04888625018588192,-0.3000990216360479,1.8893883824020443,-0.17694252356564963,-0.7907223955535182,0.11982382822686853,6,18,15,18,0.8333333333333334,0.11982382822686853,High
Solomon Islands,SLB,2018,East Asia & Pacific,East Asia & Pacific (excluding high income),,,-0.34379585006343194,0.23063052531804537,-0.5617010698990063,0.08361607153807586,-0.353069070956368,-0.7809116748511636,-0.28753851148564147,6,18,12,18,0.6666666666666666,-0.28753851148564147,Medium
"Somalia, Fed. Rep.",SOM,2018,Sub-Saharan Africa ,Sub-Saharan Africa (excluding high income),,,-0.2060827171727211,0.23063052531804537,-0.6481819097112428,0.287849437248011,-0.4183700267856379,-0.8230183002357824,-0.2628621652232213,6,18,9,18,0.5,-0.2628621652232213,Low
South Africa,ZAF,2018,Sub-Saharan Africa ,Sub-Saharan Africa (excluding high income),,,0.21593111857796307,0.17020674170529562,-0.2500348854254801,1.5489943732860416,-0.4941145962791292,-0.8473902885248986,0.05726541055663209,6,18,14,18,0.7777777777777778,0.05726541055663209,Medium
South Asia,SAS,2018,Aggregates,,,,-0.2635707523213815,0.025091672258035158,-0.3648733979754897,1.004966251081544,-0.5190184813110408,-0.9004786087809095,-0.16964721950820705,6,18,15,18,0.8333333333333334,-0.16964721950820705,High
South Asia (IDA & IBRD),TSA,2018,Aggregates,,,,-0.2635707523213815,0.025091672258035158,-0.3648733979754897,1.004966251081544,-0.5190184813110408,-0.9004786087809095,-0.16964721950820705,6,18,15,18,0.8333333333333334,-0.16964721950820705,High
South Sudan,SSD,2018,Sub-Saharan Africa ,Sub-Saharan Africa (excluding high income),,,-0.6188090086992559,0.23063052531804537,-0.6728642546637396,-0.3977817134884449,-0.4070635918222207,-0.8091120191503506,-0.4458333437509944,6,18,10,18,0.5555555555555556,-0.4458333437509944,Low
Spain,ESP,2018,Europe & Central Asia,,,,0.2637777238705252,0.5910420646785849,0.04098676234989703,2.295520344615316,-0.4326596279945079,-0.7690705900059095,0.3315994462523176,6,18,17,18,0.9444444444444444,0.3315994462523176,High
Sri Lanka,LKA,2018,South Asia,South Asia,,,0.0027905270530708868,0.1465709481565875,-0.35879272965006015,1.4584202161343371,-0.507811976901043,-0.8483961268811758,-0.017869857014713903,6,18,15,18,0.8333333333333334,-0.017869857014713903,High
St. Kitts and Nevis,KNA,2018,Latin America & Caribbean ,,,,0.3581354672577275,0.33523312081300344,-0.16999200286885033,1.5676777460009979,-0.40669331421226734,-0.7616663279132657,0.1537824481795576,6,18,11,18,0.6111111111111112,0.1537824481795576,Medium
St. Lucia,LCA,2018,Latin America & Caribbean ,Latin America & Caribbean (excluding high income),,,0.05103340733875927,0.08439632290245895,-0.18839107488589368,1.3643045412812203,-0.4050099724102976,-0.7675921193431581,0.02312351748051485,6,18,12,18,0.6666666666666666,0.02312351748051485,Medium
St. Martin (French part),MAF,2018,Latin America & Caribbean ,,,,0.03769578591287456,0.23063052531804537,-0.19964928974489715,1.6512856310322928,-0.4403232249523386,-0.796858393155142,0.08046350573513918,6,18,5,18,0.2777777777777778,0.08046350573513918,Low
St. Vincent and the Grenadines,VCT,2018,Latin America & Caribbean ,Latin America & Caribbean (excluding high income),,,0.06704964115765479,0.14638990603879992,-0.202072314399569,0.6714271416527174,-0.39909048398192454,-0.7639901528057121,-0.08004771038967226,6,18,11,18,0.6111111111111112,-0.08004771038967226,Medium
Sub-Saharan Africa ,SSF,2018,Aggregates,,,,-0.3111501617316874,-0.21595589559676168,-0.5614087281825649,0.826587802156502,-0.48424463169896975,-1.0456665148714401,-0.29863968832082033,6,18,17,18,0.9444444444444444,-0.29863968832082033,High
Sub-Saharan Africa (IDA & IBRD countries),TSS,2018,Aggregates,,,,-0.31072910501124223,-0.21595589559676168,-0.5614087281825653,0.826587802156502,-0.4842446316989701,-0.8776174605081509,-0.27056133647353137,6,18,16,18,0.8888888888888888,-0.27056133647353137,High
Sub-Saharan Africa (excluding high income),SSA,2018,Aggregates,,,,-0.27891096437652924,-0.2160074226185205,-0.5614434298659491,0.8323201112126105,-0.4848519695001945,-0.8776268575848817,-0.2644200887889107,6,18,16,18,0.8888888888888888,-0.2644200887889107,High
Sudan,SDN,2018,Sub-Saharan Africa ,Sub-Saharan Africa (excluding high income),,,-0.17602104512293482,0.020338056584453618,-0.37308871197558546,0.2885107182980604,-0.6562101026795631,-0.899244274383196,-0.29928589321312754,6,18,11,18,0.6111111111111112,-0.29928589321312754,Medium
Suriname,SUR,2018,Latin America & Caribbean ,Latin America & Caribbean (excluding high income),,,0.09301455851534535,0.15764161996614548,-0.19596278138590936,1.4984418260337395,-0.3989530918718465,-0.7914869942451471,0.06044918950205456,6,18,13,18,0.7222222222222222,0.06044918950205456,Medium
Sweden,SWE,2018,Europe & Central Asia,,,,0.34264391462140503,0.5511745253625305,0.02888908389417934,1.6754592826214398,-0.3397739804967302,-0.755346214152348,0.25050776864174606,6,18,15,18,0.8333333333333334,0.25050776864174606,High
Switzerland,CHE,2018,Europe & Central Asia,,,,0.3932193688116142,0.3587991606047498,0.029710657982852846,1.6628884500053216,-0.19212912155690764,-0.7667872116729608,0.24761688402911167,6,18,15,18,0.8333333333333334,0.24761688402911167,High
Syrian Arab Republic,SYR,2018,"Middle East, North Africa, Afghanistan & Pakistan","Middle East, North Africa, Afghanistan & Pakistan (excluding high income)",,,-0.17956193984836552,0.23063052531804537,-0.12642836790518028,0.33960487927328115,-0.5114824078893129,-0.8642839473681709,-0.18525354306995054,6,18,11,18,0.6111111111111112,-0.18525354306995054,Medium
Tajikistan,TJK,2018,Europe & Central Asia,Europe & Central Asia (excluding high income),,,-0.0808297245468134,0.23063052531804537,-0.1415190407659357,-0.17985850633059394,-0.4665831940510789,-0.8740698717640045,-0.2520383020233969,6,18,12,18,0.6666666666666666,-0.2520383020233969,Medium
Tanzania,TZA,2018,Sub-Saharan Africa ,Sub-Saharan Africa (excluding high income),,,-0.32832787303207817,-0.2124403451259119,-0.59293505742163,-0.38500984891795326,-0.5760662127736258,-0.9877934099624759,-0.5137621245389459,6,18,16,18,0.8888888888888888,-0.5137621245389459,High
Thailand,THA,2018,East Asia & Pacific,East Asia & Pacific (excluding high income),,,0.31267713384729195,0.20987092430190946,-0.19161215879729934,2.188297701837031,-0.19768464024937327,-0.8236379589827697,0.249651833659465,6,18,16,18,0.8888888888888888,0.249651833659465,High
Timor-Leste,TLS,2018,East Asia & Pacific,East Asia & Pacific (excluding high income),,,-0.11790684191448719,0.192796751230049,-0.5604463208720796,-0.12694401321954077,-0.45995642222905014,-0.7858735114010843,-0.3097217264010321,6,18,13,18,0.7222222222222222,-0.3097217264010321,Medium
Togo,TGO,2018,Sub-Saharan Africa ,Sub-Saharan Africa (excluding high income),,,-0.33887078088790795,0.09118568169103143,-0.5983245834433284,0.06928595882471443,-0.46825936198301604,-1.0052771869859984,-0.3750433787974175,6,18,14,18,0.7777777777777778,-0.3750433787974175,Medium
Tonga,TON,2018,East Asia & Pacific,East Asia & Pacific (excluding high income),,,-0.07266351384464301,0.23063052531804537,-0.24648537727212716,0.8003015267729564,-0.3590277677747992,-0.7433043383091453,-0.06509149085161883,6,18,12,18,0.6666666666666666,-0.06509149085161883,Medium
Trinidad and Tobago,TTO,2018,Latin America & Caribbean ,,,,0.2504295138635129,0.23063052531804537,-0.16442563302456495,1.4611935006969439,-0.4202794592087968,-0.7787173935060623,0.096471842356513,6,18,11,18,0.6111111111111112,0.096471842356513,Medium
Tunisia,TUN,2018,"Middle East, North Africa, Afghanistan & Pakistan","Middle East, North Africa, Afghanistan & Pakistan (excluding high income)",,,0.11640025491532673,0.13399163511966897,-0.14074850696752086,1.8671010604532012,-0.2788380634118849,-0.8073107198159802,0.14843261004880184,6,18,15,18,0.8333333333333334,0.14843261004880184,High
Turkiye,TUR,2018,Europe & Central Asia,Europe & Central Asia (excluding high income),,,0.04688984773583008,0.6073761145140157,-0.0633414394808781,2.188297701837031,-0.44967579145838793,-0.8395073222047387,0.24833985182381202,6,18,15,18,0.8333333333333334,0.24833985182381202,High
Turkmenistan,TKM,2018,Europe & Central Asia,Europe & Central Asia (excluding high income),,,-0.08607340136762427,0.23063052531804537,-0.027475828033357148,0.37538161526866015,-0.5314761336313151,-0.8719629459772594,-0.1518293614038084,6,18,11,18,0.6111111111111112,-0.1518293614038084,Medium
Turks and Caicos Islands,TCA,2018,Latin America & Caribbean ,,,,0.03769578591287456,0.09885478468212901,-0.20989359975332852,1.4543454539340939,-0.40488317288049397,-0.8234113152529453,0.025451322773721585,6,18,7,18,0.3888888888888889,0.025451322773721585,Low
Tuvalu,TUV,2018,East Asia & Pacific,East Asia & Pacific (excluding high income),,,-0.081718791150332,0.17446657390569378,-0.30458278355915386,0.38563333975424,-0.40498881780070334,-0.7411180104653844,-0.16205141488593997,6,18,10,18,0.5555555555555556,-0.16205141488593997,Low
Uganda,UGA,2018,Sub-Saharan Africa ,Sub-Saharan Africa (excluding high income),,,-0.38331898657439184,0.23063052531804537,-0.60941100689265,-0.2739807450153568,-0.5570905790488108,-0.8537735409260789,-0.40782405552320716,6,18,12,18,0.6666666666666666,-0.40782405552320716,Medium
Ukraine,UKR,2018,Europe & Central Asia,Europe & Central Asia (excluding high income),,,0.13647638500689055,0.35368938180057546,-0.07590998258616692,1.6277058821680732,-0.28800255372908284,-0.7908908724587039,0.16051137336693092,6,18,15,18,0.8333333333333334,0.16051137336693092,High
United Arab Emirates,ARE,2018,"Middle East, North Africa, Afghanistan & Pakistan",,,,0.7366547814179323,0.30344854489607415,0.036849007149053724,2.2916266759024966,-0.07055336361620217,-0.8970132470827069,0.4001687331111079,6,18,16,18,0.8888888888888888,0.4001687331111079,High
United Kingdom,GBR,2018,Europe & Central Asia,,,,0.3284593779150218,0.4122086533577512,0.006562808034475898,1.6762656708482941,-0.4451953474195964,-0.7671309001152373,0.20186171043678483,6,18,15,18,0.8333333333333334,0.20186171043678483,High
United States,USA,2018,North America,,,,0.23070827185634332,0.4389403197119551,-0.04235165926992451,1.6635302570767854,-0.5974345826062682,-0.7584974091497525,0.1558158662698564,6,18,15,18,0.8333333333333334,0.1558158662698564,High
Uruguay,URY,2018,Latin America & Caribbean ,,,,0.2955219594844636,0.44652957279484745,-0.038612778289132364,2.188297701837031,-0.52178566865063,-0.7657001739257253,0.26737510220847577,6,18,16,18,0.8888888888888888,0.26737510220847577,High
Uzbekistan,UZB,2018,Europe & Central Asia,Europe & Central Asia (excluding high income),,,-0.13059401838953463,0.14399136440158475,-0.1913637353322367,1.2846023801556672,-0.44796471642280505,-0.8681588700454214,-0.034914599272124314,6,18,16,18,0.8888888888888888,-0.034914599272124314,High
Vanuatu,VUT,2018,East Asia & Pacific,East Asia & Pacific (excluding high income),,,-0.043495941266740716,0.23063052531804537,-0.5287744343601927,0.6378057398270763,-0.3449725339349883,-0.7686648160360984,-0.13624524340881639,6,18,11,18,0.6111111111111112,-0.13624524340881639,Medium
"Venezuela, RB",VEN,2018,Latin America & Caribbean ,Latin America & Caribbean (excluding high income),,,-0.13322620502881788,0.23063052531804537,-0.18386582180751912,1.3939882770984637,-0.5670200745658037,-0.7969693883537315,-0.00941044788989387,6,18,10,18,0.5555555555555556,-0.00941044788989387,Low
Viet Nam,VNM,2018,East Asia & Pacific,East Asia & Pacific (excluding high income),,,0.2475427446744163,0.23381832506268194,-0.19330170291269577,1.4893300312533848,-0.003175786811849527,-0.8433328465050313,0.15514679412681773,6,18,14,18,0.7777777777777778,0.15514679412681773,Medium
Virgin Islands (U.S.),VIR,2018,Latin America & Caribbean ,,,,0.03769578591287456,0.23063052531804537,-0.201794522387185,1.670479391418296,-0.043427192303499486,-0.751779505019203,0.1569674138232214,6,18,7,18,0.3888888888888889,0.1569674138232214,Low
West Bank and Gaza,PSE,2018,"Middle East, North Africa, Afghanistan & Pakistan","Middle East, North Africa, Afghanistan & Pakistan (excluding high income)",,,-0.03615157216764656,0.26380566849257026,-0.12654431527479285,1.594879692460393,-0.4278048947871749,-0.828919317280037,0.07321087690721867,6,18,15,18,0.8333333333333334,0.07321087690721867,High
World,WLD,2018,Aggregates,,,,-0.01767362758139335,0.1240330707927383,-0.29783226339486935,1.606153491272793,-0.47380784480466404,-0.9162873053248037,0.0040975868266334885,6,18,17,18,0.9444444444444444,0.0040975868266334885,High
"Yemen, Rep.",YEM,2018,"Middle East, North Africa, Afghanistan & Pakistan","Middle East, North Africa, Afghanistan & Pakistan (excluding high income)",,,-0.2691157417105864,0.23063052531804537,-0.38608252236852386,0.283355715328241,-0.49603767835933005,-0.9085102439244981,-0.257626657619442,6,18,10,18,0.5555555555555556,-0.257626657619442,Low
Zambia,ZMB,2018,Sub-Saharan Africa ,Sub-Saharan Africa (excluding high income),,,-0.29441658473067017,0.16225090685045004,-0.5788296572867163,-0.14935518606744422,-0.4036124829984471,-0.8249254950423831,-0.34814808321253515,6,18,13,18,0.7222222222222222,-0.34814808321253515,Medium
Zimbabwe,ZWE,2018,Sub-Saharan Africa ,Sub-Saharan Africa (excluding high income),,,-0.24625125053213934,0.23063052531804537,-0.5082268664024677,0.16330161159081483,-0.47869633233455894,-0.8055345367703627,-0.27412947485511147,6,18,13,18,0.7222222222222222,-0.27412947485511147,Medium
Afghanistan,AFG,2019,"Middle East, North Africa, Afghanistan & Pakistan","Middle East, North Africa, Afghanistan & Pakistan (excluding high income)",,,-0.3977745262791532,0.18358894425679365,-0.47758723259736097,-0.47240937553635215,-0.43059356165685886,-0.8390941581665263,-0.40564498499657625,6,18,12,18,0.6666666666666666,-0.40564498499657625,Medium
Africa Eastern and Southern,AFE,2019,Aggregates,,,,-0.34910667854667415,-0.2141336289791614,-0.5234041676839469,0.9585997501526888,-0.5056318123053264,-0.8057290638728839,-0.2399009335392173,6,18,16,18,0.8888888888888888,-0.2399009335392173,High
Africa Western and Central,AFW,2019,Aggregates,,,,-0.2350496510377884,-0.2590585471352754,-0.5638220155795509,-0.30042432378106027,-0.4308134817731874,-0.8565459624193709,-0.4409523302877056,6,18,15,18,0.8333333333333334,-0.4409523302877056,High
Albania,ALB,2019,Europe & Central Asia,Europe & Central Asia (excluding high income),,,-0.02695966710834514,0.26442002832799166,-0.10400953213282942,1.4662245392237825,-0.4044292746856107,-0.7526856429888292,0.07376007510602661,6,18,16,18,0.8888888888888888,0.07376007510602661,High
Algeria,DZA,2019,"Middle East, North Africa, Afghanistan & Pakistan","Middle East, North Africa, Afghanistan & Pakistan (excluding high income)",,,-0.04918219209828386,0.21037001479178166,-0.17670099212800303,-0.037631616156326736,-0.5316600309532404,-0.7633040010234251,-0.22468480292791626,6,18,14,18,0.7777777777777778,-0.22468480292791626,Medium
American Samoa,ASM,2019,East Asia & Pacific,,,,0.0022983909850625636,0.18358894425679365,-0.24335190068046983,1.6011866612489722,-0.10622916601137289,-0.7069219788635128,0.12176182515591212,6,18,7,18,0.3888888888888889,0.12176182515591212,Low
Andorra,AND,2019,Europe & Central Asia,,,,0.27103828623460435,0.07896224412712438,-0.03355650624059059,1.6032691386801252,-0.4328402642405556,-0.736894987166162,0.12499631856575764,6,18,13,18,0.7222222222222222,0.12499631856575764,Medium
Angola,AGO,2019,Sub-Saharan Africa ,Sub-Saharan Africa (excluding high income),,,-0.39395504210766963,0.18358894425679365,-0.41671879891678554,0.24914926904637244,-0.4919178621717683,-0.7926449107977778,-0.2770830667818059,6,18,11,18,0.6111111111111112,-0.2770830667818059,Medium
Antigua and Barbuda,ATG,2019,Latin America & Caribbean ,,,,0.37759252271455074,0.18358894425679365,-0.1397435988513633,1.5434308393457092,-0.17181563264009703,-0.7290119846309367,0.17734018169910945,6,18,11,18,0.6111111111111112,0.17734018169910945,Medium
Arab World,ARB,2019,Aggregates,,,,-0.05090932232351152,-0.019882795671546123,-0.2405625814240051,0.7827247142962599,-0.4051917977570629,-0.8486194132149468,-0.1304068660158021,6,18,14,18,0.7777777777777778,-0.1304068660158021,Medium
Argentina,ARG,2019,Latin America & Caribbean ,Latin America & Caribbean (excluding high income),,,0.16301523480345645,0.43637737595537973,-0.15655180280525616,2.2918214285439076,-0.591088691735515,-0.7568055598799015,0.23112799748034515,6,18,15,18,0.8333333333333334,0.23112799748034515,High
Armenia,ARM,2019,Europe & Central Asia,Europe & Central Asia (excluding high income),,,0.08560114180865148,0.22239689517489755,-0.11520631579186624,1.572047612869594,-0.30310404447126277,-0.8114183261026842,0.10838616058122164,6,18,16,18,0.8888888888888888,0.10838616058122164,High
Aruba,ABW,2019,Latin America & Caribbean ,,,,0.12095796728739866,0.36219463532290225,-0.23092728848383517,1.5434308393457092,-0.17689673239844228,-0.7686315571240323,0.1416879773249501,6,18,8,18,0.4444444444444444,0.1416879773249501,Low
Australia,AUS,2019,East Asia & Pacific,,,,0.21283765366076793,0.6194888933595407,-0.01529977803733488,1.5434308393457092,-0.5273637208693036,-0.7365387452971582,0.18275919036037017,6,18,13,18,0.7222222222222222,0.18275919036037017,Medium
Austria,AUT,2019,Europe & Central Asia,,,,0.20898109269037202,0.36875710725117145,-0.026724026646355092,1.6346827926774328,-0.28855151278709457,-0.7376506122052756,0.19324914016337513,6,18,15,18,0.8333333333333334,0.19324914016337513,High
Azerbaijan,AZE,2019,Europe & Central Asia,Europe & Central Asia (excluding high income),,,0.09399026594943138,0.2230267333932472,-0.11950988217128695,1.7318893035887395,-0.3724853692831438,-0.7884300904144078,0.12808016017709659,6,18,16,18,0.8888888888888888,0.12808016017709659,High
"Bahamas, The",BHS,2019,Latin America & Caribbean ,,,,0.1423142174999632,0.1312145067245142,-0.19180974637201345,1.5434308393457092,-0.44843929473204,-0.716463700241694,0.0767078037040732,6,18,12,18,0.6666666666666666,0.0767078037040732,Medium
Bahrain,BHR,2019,"Middle East, North Africa, Afghanistan & Pakistan",,,,0.21446573564256521,0.2439247123259712,-0.07015740636819205,1.5313794254512747,-0.17719575037443605,-0.8423655799238605,0.1500085227922204,6,18,15,18,0.8333333333333334,0.1500085227922204,High
Bangladesh,BGD,2019,South Asia,South Asia,,,-0.1757949029489728,-0.07381861451465961,-0.47954901347051376,0.22780381987612264,-0.558334742471085,-0.8505058513780853,-0.3183665508178657,6,18,16,18,0.8888888888888888,-0.3183665508178657,High
Barbados,BRB,2019,Latin America & Caribbean ,,,,0.16528632997516746,0.24388275400642698,-0.15750988183633077,1.5434308393457092,-0.43360467752545145,-0.7359560922753895,0.10425487861502201,6,18,12,18,0.6666666666666666,0.10425487861502201,Medium
Belarus,BLR,2019,Europe & Central Asia,Europe & Central Asia (excluding high income),,,0.22114543277861554,0.3789609293085434,-0.03420728040242576,1.611384515527697,-0.2011420638132236,-0.7416436146244675,0.2057496531291232,6,18,16,18,0.8888888888888888,0.2057496531291232,High
Belgium,BEL,2019,Europe & Central Asia,,,,0.18427026525220805,0.5515250994392826,-0.014938133803770182,2.3857858291182628,-0.06862899481075517,-0.7337976862413341,0.38403606315898237,6,18,16,18,0.8888888888888888,0.38403606315898237,High
Belize,BLZ,2019,Latin America & Caribbean ,Latin America & Caribbean (excluding high income),,,-0.18787773549736098,0.08256646995378486,-0.2504768794216674,1.524188492523705,-0.3049998891319578,-0.7606183642797496,0.017130349024458997,6,18,14,18,0.7777777777777778,0.017130349024458997,Medium
Benin,BEN,2019,Sub-Saharan Africa ,Sub-Saharan Africa (excluding high income),,,-0.3037713347380148,-0.11478309222109812,-0.5948872815884161,0.008618628075265663,-0.4476509626112038,-0.8323842093848404,-0.3808097087447179,6,18,14,18,0.7777777777777778,-0.3808097087447179,Medium
Bermuda,BMU,2019,North America,,,,0.08660288605758498,0.18358894425679365,-0.21103574288628546,1.5434308393457092,-0.4104991284946178,-0.7146389099488433,0.07957481472172356,6,18,8,18,0.4444444444444444,0.07957481472172356,Low
Bhutan,BTN,2019,South Asia,South Asia,,,-0.042772750518943276,0.0596379312174374,-0.2389647234451039,1.489030467765281,-0.3962687938855225,-0.8186177660940807,0.008674060839844696,6,18,14,18,0.7777777777777778,0.008674060839844696,Medium
Bolivia,BOL,2019,Latin America & Caribbean ,Latin America & Caribbean (excluding high income),,,-0.10607605500600222,0.17020973107760143,-0.25639643914937865,0.5184856344366295,-0.530355721725883,-0.818757664969117,-0.17048175255602496,6,18,14,18,0.7777777777777778,-0.17048175255602496,Medium
Bosnia and Herzegovina,BIH,2019,Europe & Central Asia,Europe & Central Asia (excluding high income),,,0.08581614452772986,0.15714655148777454,-0.2670084301457782,2.2589352020547664,-0.32973966290148804,-0.7892625434182987,0.18598121026745104,6,18,15,18,0.8333333333333334,0.18598121026745104,High
Botswana,BWA,2019,Sub-Saharan Africa ,Sub-Saharan Africa (excluding high income),,,0.11277612229673291,0.0873102615626859,-0.34214071052964196,1.2209025321652158,-0.38299611421702623,-0.7579162753791601,-0.010344030683532271,6,18,14,18,0.7777777777777778,-0.010344030683532271,Medium
Brazil,BRA,2019,Latin America & Caribbean ,Latin America & Caribbean (excluding high income),,,0.019865435777886492,0.2633100738564647,-0.18914461382922254,2.3302606509210384,-0.5929224211756287,-0.773266274431441,0.17635047518651623,6,18,17,18,0.9444444444444444,0.17635047518651623,High
British Virgin Islands,VGB,2019,Latin America & Caribbean ,,,,0.027769326240110293,0.019931051885286582,-0.22778691832642387,1.5434308393457092,-0.4274464326876736,-0.7862064641293839,0.024948567054604114,6,18,7,18,0.3888888888888889,0.024948567054604114,Low
Brunei Darussalam,BRN,2019,East Asia & Pacific,,,,0.20972613855874536,0.09576338883976315,-0.1706112323961848,2.1763740240503306,-0.2819930993433638,-0.7435727270941751,0.21428108210251925,6,18,14,18,0.7777777777777778,0.21428108210251925,Medium
Bulgaria,BGR,2019,Europe & Central Asia,,,,0.11984880704963315,0.3670089324589638,-0.10535824870121684,2.374374994912344,-0.20864084874476166,-0.775650407441467,0.295263871588916,6,18,15,18,0.8333333333333334,0.295263871588916,High
Burkina Faso,BFA,2019,Sub-Saharan Africa ,Sub-Saharan Africa (excluding high income),,,-0.28683538595625413,-0.40027124742671544,-0.5671486124982551,0.20658879221337237,-0.46289975623579843,-0.8346518045006831,-0.39086966906738896,6,18,14,18,0.7777777777777778,-0.39086966906738896,Medium
Burundi,BDI,2019,Sub-Saharan Africa ,Sub-Saharan Africa (excluding high income),,,-0.46581173097815604,-0.008434988769479382,-0.6065134945924887,-0.30862568415336095,-0.42972426826468485,-0.8597100855776528,-0.44647004205597046,6,18,12,18,0.6666666666666666,-0.44647004205597046,Medium
Cabo Verde,CPV,2019,Sub-Saharan Africa ,Sub-Saharan Africa (excluding high income),,,-0.0006606361347742257,0.19479557458358487,-0.2536248533809127,1.7894711745050893,-0.2851436268104639,-0.766348088704811,0.11308159067628541,6,18,13,18,0.7222222222222222,0.11308159067628541,Medium
Cambodia,KHM,2019,East Asia & Pacific,East Asia & Pacific (excluding high income),,,0.005542378862040523,-0.12009750310852019,-0.4419025905907475,0.618170786759188,-0.23985442903886878,-0.7724033408161709,-0.15842411632217981,6,18,15,18,0.8333333333333334,-0.15842411632217981,High
Cameroon,CMR,2019,Sub-Saharan Africa ,Sub-Saharan Africa (excluding high income),,,-0.22776712956438994,0.06281200353894478,-0.5089377075586368,-0.21830824142759267,-0.5375602812351686,-0.8578634161061789,-0.38127079539217035,6,18,13,18,0.7222222222222222,-0.38127079539217035,Medium
Canada,CAN,2019,North America,,,,0.1559704622697787,0.3544082902078349,-0.04473205489206677,1.6287945770357546,-0.4516902759394504,-0.7232444780882763,0.15325108676559582,6,18,15,18,0.8333333333333334,0.15325108676559582,High
Caribbean small states,CSS,2019,Aggregates,,,,0.018410003066419742,0.1669531640735135,-0.20103016743003588,1.5434308393457092,-0.4336219977555395,-0.7486068480190534,0.057589165546835595,6,18,10,18,0.5555555555555556,0.057589165546835595,Low
Cayman Islands,CYM,2019,Latin America & Caribbean ,,,,0.3998907297507354,0.16754462953980517,-0.21939612300268682,1.5434308393457092,-0.26154216294172644,-0.775511437386407,0.14240274588423824,6,18,8,18,0.4444444444444444,0.14240274588423824,Low
Central African Republic,CAF,2019,Sub-Saharan Africa ,Sub-Saharan Africa (excluding high income),,,-0.5404108138508978,-0.00122147614036817,-0.7205705221013745,-0.06295739501360664,-0.5080051663069475,-0.8300243825155479,-0.44386495932145714,6,18,13,18,0.7222222222222222,-0.44386495932145714,Medium
Central Europe and the Baltics,CEB,2019,Aggregates,,,,0.11224593320420667,0.31590879330101507,-0.044323815864743495,2.2918214285439076,-0.22734485965643547,-0.7573993153574566,0.281818027361749,6,18,14,18,0.7777777777777778,0.281818027361749,Medium
Chad,TCD,2019,Sub-Saharan Africa ,Sub-Saharan Africa (excluding high income),,,-0.4880414635408295,-0.3204279815566702,-0.6169192974022158,-0.6396302776235546,-0.5196668904710234,-0.8595296634656334,-0.5740359290099878,6,18,15,18,0.8333333333333334,-0.5740359290099878,High
Channel Islands,CHI,2019,Europe & Central Asia,,,,0.0022983909850625636,0.18358894425679365,-0.21122963983305057,1.5434308393457092,-0.429476036359246,-0.7691901856061666,0.05323705213151706,6,18,3,18,0.16666666666666666,0.05323705213151706,Low
Chile,CHL,2019,Latin America & Caribbean ,,,,0.19561190984339008,0.4014712301376795,-0.04790488030120842,2.3770058605782602,-0.489505809586632,-0.7804496983806722,0.2760381020484695,6,18,15,18,0.8333333333333334,0.2760381020484695,High
China,CHN,2019,East Asia & Pacific,East Asia & Pacific (excluding high income),,,0.1383441450483411,0.22078946631941235,-0.16494259812899323,2.2918214285439076,-0.548466844637492,-0.8344466572188689,0.18384982332105118,6,18,14,18,0.7777777777777778,0.18384982332105118,Medium
Colombia,COL,2019,Latin America & Caribbean ,Latin America & Caribbean (excluding high income),,,0.11336792864044275,0.27366617654571007,-0.2070743785536194,1.9196526252813655,-0.5569357335266686,-0.8163332295672348,0.12105723146999929,6,18,17,18,0.9444444444444444,0.12105723146999929,High
Comoros,COM,2019,Sub-Saharan Africa ,Sub-Saharan Africa (excluding high income),,,-0.35072077109814614,0.18358894425679365,-0.5645709236765543,-0.3184844475212083,-0.544879282275392,-0.7430617399633098,-0.3896880367129694,6,18,12,18,0.6666666666666666,-0.3896880367129694,Medium
"Congo, Dem. Rep.",COD,2019,Sub-Saharan Africa ,Sub-Saharan Africa (excluding high income),,,-0.4902237249807766,0.18358894425679365,-0.5977234996724705,-0.03697501188930952,-0.48312597325681556,-0.8497369212917069,-0.3790326978057142,6,18,12,18,0.6666666666666666,-0.3790326978057142,Medium
"Congo, Rep.",COG,2019,Sub-Saharan Africa ,Sub-Saharan Africa (excluding high income),,,-0.24456274821243315,0.18358894425679365,-0.4752642711370966,-0.2795880281667738,-0.36160472597168686,-0.8397809032647947,-0.33620195541599857,6,18,12,18,0.6666666666666666,-0.33620195541599857,Medium
Costa Rica,CRI,2019,Latin America & Caribbean ,,,,0.2352948175354588,0.36876683883196537,-0.12176821131596294,1.983082331071497,-0.4491459258975184,-0.7691390684525072,0.20784846362882212,6,18,16,18,0.8888888888888888,0.20784846362882212,High
Cote d'Ivoire,CIV,2019,Sub-Saharan Africa ,Sub-Saharan Africa (excluding high income),,,-0.046735119283431936,-0.2313356925087029,-0.48240424105915286,0.2098610609762707,-0.5200413901502626,-0.7769526466384894,-0.3079346714439615,6,18,15,18,0.8333333333333334,-0.3079346714439615,High
Croatia,HRV,2019,Europe & Central Asia,,,,0.13921662634143775,0.33575292234402254,-0.029274082139439984,2.337387762309932,-0.30370217077658995,-0.7515678562509603,0.2879688669714003,6,18,16,18,0.8888888888888888,0.2879688669714003,High
Cuba,CUB,2019,Latin America & Caribbean ,Latin America & Caribbean (excluding high income),,,-0.2219700913885665,0.23181234618004087,-0.18988978640894727,0.33016120827733086,-0.6179355793851738,-0.729850784176508,-0.19961211448363728,6,18,14,18,0.7777777777777778,-0.19961211448363728,Medium
Curacao,CUW,2019,Latin America & Caribbean ,,,,0.029302567201234853,0.18358894425679365,-0.22912898935011175,1.5434308393457092,-0.4416091565745075,-0.7630543808135966,0.05375497067758698,6,18,6,18,0.3333333333333333,0.05375497067758698,Low
Cyprus,CYP,2019,Europe & Central Asia,,,,0.29688439948244894,0.3956611718394058,-0.05121253409896614,2.3323038694177733,-0.11570325563132207,-0.759845110711968,0.3496814233828953,6,18,16,18,0.8888888888888888,0.3496814233828953,High
Czechia,CZE,2019,Europe & Central Asia,,,,0.22240761764668923,0.28978676492663397,-0.021651734447382703,1.6318173447486055,-0.16764129296166533,-0.7441752935982224,0.2017572343857764,6,18,15,18,0.8333333333333334,0.2017572343857764,High
Denmark,DNK,2019,Europe & Central Asia,,,,0.3205705896963029,0.4567279580514298,-0.017005996985435406,1.6379994151739201,-0.2743762033891792,-0.7287141632183954,0.2325335998881072,6,18,15,18,0.8333333333333334,0.2325335998881072,High
Djibouti,DJI,2019,"Middle East, North Africa, Afghanistan & Pakistan","Middle East, North Africa, Afghanistan & Pakistan (excluding high income)",,,-0.3162839612450015,0.18358894425679365,-0.5627878321464986,-0.16318582519504574,0.530158296339283,-0.8532099519339046,-0.19695338832072898,6,18,12,18,0.6666666666666666,-0.19695338832072898,Medium
Dominica,DMA,2019,Latin America & Caribbean ,Latin America & Caribbean (excluding high income),,,0.11010573420657425,0.23408941606384934,-0.23706377298662243,1.5434308393457092,-0.4171271525392451,-0.7356798007686501,0.08295921055360254,6,18,11,18,0.6111111111111112,0.08295921055360254,Medium
Dominican Republic,DOM,2019,Latin America & Caribbean ,Latin America & Caribbean (excluding high income),,,-0.04385655703695082,0.1536920682172377,-0.2165068947286043,0.6840666851822838,-0.4968275493857324,-0.7498376598255687,-0.11154498459622246,6,18,16,18,0.8888888888888888,-0.11154498459622246,High
Early-demographic dividend,EAR,2019,Aggregates,,,,-0.06627265480021081,0.014056955276981142,-0.3312869002658015,1.426423838077473,-0.5031822300432682,-0.8519361826002362,-0.052032862392510426,6,18,14,18,0.7777777777777778,-0.052032862392510426,Medium
East Asia & Pacific,EAS,2019,Aggregates,,,,0.1432394902000164,0.1992570014833711,-0.2490281259038499,1.5172946186486092,-0.49017277239259266,-0.8220783961119538,0.049751969320600074,6,18,16,18,0.8888888888888888,0.049751969320600074,High
East Asia & Pacific (IDA & IBRD countries),TEA,2019,Aggregates,,,,0.128031886532165,0.18573510775158356,-0.2566767212153039,1.7425983011750719,-0.521573077661908,-0.8238328465651316,0.07571377500274613,6,18,15,18,0.8333333333333334,0.07571377500274613,High
East Asia & Pacific (excluding high income),EAP,2019,Aggregates,,,,0.12377128181486845,0.18516681824074097,-0.25995874468047425,1.7425983011750719,-0.5215763514240327,-0.8232945748170005,0.07445112171819562,6,18,15,18,0.8333333333333334,0.07445112171819562,High
Ecuador,ECU,2019,Latin America & Caribbean ,Latin America & Caribbean (excluding high income),,,-0.07311857266183623,0.19095314964296528,-0.18999243773370525,1.263962752499898,-0.5278449439067758,-0.7873510123895673,-0.020565177424836878,6,18,16,18,0.8888888888888888,-0.020565177424836878,High
"Egypt, Arab Rep.",EGY,2019,"Middle East, North Africa, Afghanistan & Pakistan","Middle East, North Africa, Afghanistan & Pakistan (excluding high income)",,,-0.110085141085282,0.07853960275430073,-0.11333939698305624,0.19281996392789344,-0.5344239810068337,-0.8577620192918856,-0.2240418286141439,6,18,16,18,0.8888888888888888,-0.2240418286141439,High
El Salvador,SLV,2019,Latin America & Caribbean ,Latin America & Caribbean (excluding high income),,,0.16764240965790167,0.0022135244164037116,-0.22520184212569835,0.5655684720226526,-0.4066866179924973,-0.8196080368228084,-0.11934534847400767,6,18,15,18,0.8333333333333334,-0.11934534847400767,High
Equatorial Guinea,GNQ,2019,Sub-Saharan Africa ,Sub-Saharan Africa (excluding high income),,,-0.3641782974646894,0.18358894425679365,-0.5180546659575137,-0.22189109039209867,-0.3765879824518703,-0.851856232608237,-0.35816322076960255,6,18,12,18,0.6666666666666666,-0.35816322076960255,Medium
Eritrea,ERI,2019,Sub-Saharan Africa ,Sub-Saharan Africa (excluding high income),,,-0.4948072046050545,0.18358894425679365,-0.5442535651763047,0.1975942257813672,-0.4274464326876736,-0.8274385701871152,-0.31879376710299784,6,18,9,18,0.5,-0.31879376710299784,Low
Estonia,EST,2019,Europe & Central Asia,,,,0.33913877388911806,0.3578310800638184,-0.03527366724498832,2.379938437836052,-0.1585899036921297,-0.720388710778647,0.3604426683455373,6,18,16,18,0.8888888888888888,0.3604426683455373,High
Eswatini,SWZ,2019,Sub-Saharan Africa ,Sub-Saharan Africa (excluding high income),,,-0.17068530249469482,0.18358894425679365,-0.4307896342104651,0.3434683616387975,-0.3548012728002525,-0.7683530485565844,-0.1995953253610676,6,18,13,18,0.7222222222222222,-0.1995953253610676,Medium
Ethiopia,ETH,2019,Sub-Saharan Africa ,Sub-Saharan Africa (excluding high income),,,-0.49265919239406536,0.046720496743029444,-0.5711139951546473,-0.041451868242138534,-0.5744881187267016,-0.7923462845774996,-0.40422316039200384,6,18,13,18,0.7222222222222222,-0.40422316039200384,Medium
Euro area,EMU,2019,Aggregates,,,,0.16066118041306093,0.3531902037583526,-0.021967927722764607,1.5434308393457092,-0.36454192877592834,-0.7393335283416285,0.15523980644613353,6,18,12,18,0.6666666666666666,0.15523980644613353,Medium
Europe & Central Asia,ECS,2019,Aggregates,,,,0.19722648322088907,0.3613768562165565,-0.06843299757861099,2.356711059012791,-0.38327125143820945,-0.7536820688067177,0.28498801343778307,6,18,17,18,0.9444444444444444,0.28498801343778307,High
Europe & Central Asia (IDA & IBRD countries),TEC,2019,Aggregates,,,,0.15616595331769015,0.3475157494547266,-0.10692299320928285,2.061866371538986,-0.4393820908012345,-0.7709563456392297,0.2080477741102759,6,18,16,18,0.8888888888888888,0.2080477741102759,High
Europe & Central Asia (excluding high income),ECA,2019,Aggregates,,,,0.05962762411028213,0.33972268215233403,-0.1327303949544096,1.7722926997964221,-0.4283260565182254,-0.7896449491293831,0.13682360090950332,6,18,16,18,0.8888888888888888,0.13682360090950332,High
European Union,EUU,2019,Aggregates,,,,0.1514021124256874,0.34392518772600567,-0.025110763981172513,1.5434308393457092,-0.35423404100558153,-0.7421259706665629,0.15288122730734757,6,18,12,18,0.6666666666666666,0.15288122730734757,Medium
Faroe Islands,FRO,2019,Europe & Central Asia,,,,0.08922736120238543,0.18358894425679365,-0.20670050018117606,1.5434308393457092,-0.2807565072564295,-0.7734695622081039,0.09255342919319648,6,18,7,18,0.3888888888888889,0.09255342919319648,Low
Fiji,FJI,2019,East Asia & Pacific,East Asia & Pacific (excluding high income),,,-0.01437367082145899,0.29866980155667616,-0.3840499498744799,0.8441081754703951,-0.2853148644609998,-0.7350212796362358,-0.04599696462768387,6,18,15,18,0.8333333333333334,-0.04599696462768387,High
Finland,FIN,2019,Europe & Central Asia,,,,0.2650489188118017,0.5639286735535878,-0.03019210211695041,1.637471582249676,-0.393896548255307,-0.7119129336717217,0.22174126509518102,6,18,15,18,0.8333333333333334,0.22174126509518102,High
France,FRA,2019,Europe & Central Asia,,,,0.21401958122282436,0.3077098422131324,-0.02698366866019632,1.636481532736294,-0.4459240495298193,-0.7291097207884696,0.15936558619896093,6,18,15,18,0.8333333333333334,0.15936558619896093,High
French Polynesia,PYF,2019,East Asia & Pacific,,,,0.07061146705801116,0.18358894425679365,-0.20364484750370973,1.6025418861874483,-0.45289927669003055,-0.7665404817183794,0.07227628193168889,6,18,8,18,0.4444444444444444,0.07227628193168889,Low
Gabon,GAB,2019,Sub-Saharan Africa ,Sub-Saharan Africa (excluding high income),,,0.04046585396069875,0.09964832051025496,-0.2475874347247756,0.2862838845962667,-0.4204779408716836,-0.8163730364371632,-0.17634005882773365,6,18,12,18,0.6666666666666666,-0.17634005882773365,Medium
"Gambia, The",GMB,2019,Sub-Saharan Africa ,Sub-Saharan Africa (excluding high income),,,-0.172597888107474,0.18358894425679365,-0.5916974867190842,0.15810834066264137,-0.47775080607375986,-0.8440026156246505,-0.2907252519342556,6,18,12,18,0.6666666666666666,-0.2907252519342556,Medium
Georgia,GEO,2019,Europe & Central Asia,Europe & Central Asia (excluding high income),,,0.20286369058401513,0.3782842681867806,-0.1591446992306248,2.2697003741329973,-0.23585350173607944,-0.7999134898415307,0.2759894403492597,6,18,17,18,0.9444444444444444,0.2759894403492597,High
Germany,DEU,2019,Europe & Central Asia,,,,0.29129453186308113,0.31549464274794126,-0.017608737374709787,1.6385102504562237,-0.4014196057970059,-0.7311340276251403,0.18252284237839833,6,18,15,18,0.8333333333333334,0.18252284237839833,High
Ghana,GHA,2019,Sub-Saharan Africa ,Sub-Saharan Africa (excluding high income),,,-0.11009775426507218,-0.008842520549463662,-0.49616332047764145,-0.23648047159351404,-0.396127645155456,-0.798321869997376,-0.3410055970064206,6,18,15,18,0.8333333333333334,-0.3410055970064206,High
Gibraltar,GIB,2019,Europe & Central Asia,,,,0.19590054550490368,0.21643948516721334,-0.20369047031471324,1.6388549141763884,-0.4274464326876736,-0.7745209729272892,0.10758951148647154,6,18,7,18,0.3888888888888889,0.10758951148647154,Low
Greece,GRC,2019,Europe & Central Asia,,,,0.1633242067914271,0.6068454379541653,-0.020093882364334414,1.6299755762838781,-0.3894376816704364,-0.7538478839097569,0.2061276288474905,6,18,15,18,0.8333333333333334,0.2061276288474905,High
Greenland,GRL,2019,Europe & Central Asia,,,,0.07004540938141894,0.18358894425679365,-0.2484530316888369,1.5434308393457092,-0.3450375140050617,-0.7038480576266042,0.08328776494390318,6,18,8,18,0.4444444444444444,0.08328776494390318,Low
Grenada,GRD,2019,Latin America & Caribbean ,Latin America & Caribbean (excluding high income),,,0.03790745086650776,0.18358894425679365,-0.22426657450012544,1.5434308393457092,-0.43223414083811545,-0.7371370345617746,0.06188158076149921,6,18,10,18,0.5555555555555556,0.06188158076149921,Low
Guam,GUM,2019,East Asia & Pacific,,,,-0.030253236819500585,0.18358894425679365,-0.22854729850981648,1.6329837886140728,-0.39641445771720935,-0.7058545266645123,0.07591720219330461,6,18,8,18,0.4444444444444444,0.07591720219330461,Low
Guatemala,GTM,2019,Latin America & Caribbean ,Latin America & Caribbean (excluding high income),,,-0.04584753779882376,-0.05991169065720255,-0.40763985952707826,0.38433688761161955,-0.5225429914875668,-0.8129315599014216,-0.24408945862674555,6,18,15,18,0.8333333333333334,-0.24408945862674555,High
Guinea,GIN,2019,Sub-Saharan Africa ,Sub-Saharan Africa (excluding high income),,,-0.22530828178633114,0.18358894425679365,-0.6143111933731794,-0.34034110667315615,-0.39557149698642363,-0.8062676884051734,-0.3663684704945784,6,18,12,18,0.6666666666666666,-0.3663684704945784,Medium
Guinea-Bissau,GNB,2019,Sub-Saharan Africa ,Sub-Saharan Africa (excluding high income),,,-0.3159982646107115,0.04607418054863432,-0.6033541149304925,0.0109467445142451,-0.5040296650598185,-0.8220062401379913,-0.3647278932793558,6,18,13,18,0.7222222222222222,-0.3647278932793558,Medium
Guyana,GUY,2019,Latin America & Caribbean ,,,,-0.0760682119259344,0.18358894425679365,-0.20070999641862355,0.3926244666727032,-0.42148699365028985,-0.7663583656906625,-0.14806835945933558,6,18,11,18,0.6111111111111112,-0.14806835945933558,Medium
Haiti,HTI,2019,Latin America & Caribbean ,Latin America & Caribbean (excluding high income),,,-0.3203355732328634,0.18358894425679365,-0.5829493127091527,-0.343012491647475,-0.5468104844047705,-0.758771368516332,-0.3947150477089667,6,18,12,18,0.6666666666666666,-0.3947150477089667,Medium
Heavily indebted poor countries (HIPC),HPC,2019,Aggregates,,,,-0.18629479747810854,-0.2543829649090364,-0.5476418679483761,-0.20524291442707052,-0.4977514786980404,-0.8194967123302982,-0.41846845596515503,6,18,14,18,0.7777777777777778,-0.41846845596515503,Medium
Honduras,HND,2019,Latin America & Caribbean ,Latin America & Caribbean (excluding high income),,,-0.2379349830828472,-0.014214117136925738,-0.38545576767659995,0.3317590204623089,-0.3240304389485423,-0.8819013984539293,-0.2519629474727559,6,18,17,18,0.9444444444444444,-0.2519629474727559,High
"Hong Kong SAR, China",HKG,2019,East Asia & Pacific,,,,0.8892869741358033,0.37277234051272484,-0.19618987618128939,1.6388083652643959,0.6308852456537002,-0.7704138078198574,0.42752487359424624,6,18,11,18,0.6111111111111112,0.42752487359424624,Medium
Hungary,HUN,2019,Europe & Central Asia,,,,0.1377643138543078,0.2500766216611559,-0.07073334799246679,2.371449427921281,-0.07707635349819013,-0.750821361357238,0.310109883431475,6,18,15,18,0.8333333333333334,0.310109883431475,High
IBRD only,IBD,2019,Aggregates,,,,-9.217436948345814e-05,0.13996349493143978,-0.26077744687390314,1.9468303979503931,-0.5097181593524892,-0.8350096731724816,0.0801994065189126,6,18,16,18,0.8888888888888888,0.0801994065189126,High
IDA & IBRD total,IBT,2019,Aggregates,,,,-0.076510382800437,0.03405442560720445,-0.3257227896142514,1.3853413998515347,-0.5110846141512907,-0.8404280932366283,-0.05572500905731137,6,18,16,18,0.8888888888888888,-0.05572500905731137,High
IDA blend,IDB,2019,Aggregates,,,,-0.2685063791070615,-0.2181673184568195,-0.4816484056444132,0.16038971621151296,-0.4298822389461551,-0.8548329692014329,-0.34877459919072823,6,18,15,18,0.8333333333333334,-0.34877459919072823,High
IDA only,IDX,2019,Aggregates,,,,-0.299681966626157,-0.19760888268177554,-0.5180606247094537,-0.2568363518106225,-0.49338456091876903,-0.8416139591246714,-0.4345310576452415,6,18,16,18,0.8888888888888888,-0.4345310576452415,High
IDA total,IDA,2019,Aggregates,,,,-0.28865645396696465,-0.20643422995478244,-0.5052534165410723,-0.11497597892401062,-0.5133879580735542,-0.9805658085037309,-0.4348789743273525,6,18,17,18,0.9444444444444444,-0.4348789743273525,High
Iceland,ISL,2019,Europe & Central Asia,,,,0.26920090801159346,0.34889835908232075,-0.010496400781269751,1.6388549029180899,-0.3903660284280852,-0.7191243754590916,0.189494560890593,6,18,15,18,0.8333333333333334,0.189494560890593,High
India,IND,2019,South Asia,South Asia,,,-0.25899867206608906,-0.008118469727801688,-0.3361375089817577,1.5169407516840205,-0.5425512928484929,-0.8512419096576357,-0.08001785026629275,6,18,15,18,0.8333333333333334,-0.08001785026629275,High
Indonesia,IDN,2019,East Asia & Pacific,East Asia & Pacific (excluding high income),,,-0.019826995217495796,0.15738177771135267,-0.2648404610859531,1.5699393501502872,-0.5464789584150859,-0.8277983014799078,0.011396068610532883,6,18,16,18,0.8888888888888888,0.011396068610532883,High
"Iran, Islamic Rep.",IRN,2019,"Middle East, North Africa, Afghanistan & Pakistan","Middle East, North Africa, Afghanistan & Pakistan (excluding high income)",,,0.13708969268167706,0.21257997155342492,-0.10101363421026265,1.615156176232949,-0.5331188623990193,-0.8617361369696018,0.07815953448152785,6,18,15,18,0.8333333333333334,0.07815953448152785,High
Iraq,IRQ,2019,"Middle East, North Africa, Afghanistan & Pakistan","Middle East, North Africa, Afghanistan & Pakistan (excluding high income)",,,-0.13748283144616805,0.18358894425679365,-0.19509078686335246,0.17881709263320078,-0.4306681286931089,-0.8559372466673123,-0.20946215946332455,6,18,12,18,0.6666666666666666,-0.20946215946332455,Medium
Ireland,IRL,2019,Europe & Central Asia,,,,0.1494855820269868,0.45868422333724923,-0.012248984374698624,1.6148543482287439,0.28728586642023285,-0.7306941000100721,0.29456115593807364,6,18,15,18,0.8333333333333334,0.29456115593807364,High
Isle of Man,IMN,2019,Europe & Central Asia,,,,0.0022983909850625636,0.18358894425679365,-0.21297851425485356,1.6338767302816446,-0.43357015878922983,-0.7682920645208743,0.06748722132642387,6,18,5,18,0.2777777777777778,0.06748722132642387,Low
Israel,ISR,2019,"Middle East, North Africa, Afghanistan & Pakistan",,,,0.2610527515846763,0.2450988528218133,-0.008057620436973908,1.637058415534687,-0.48382546935726545,-0.7882785491760128,0.14384139682848743,6,18,15,18,0.8333333333333334,0.14384139682848743,High
Italy,ITA,2019,Europe & Central Asia,,,,0.1793058778044733,0.32261807286948135,-0.0206317122501485,2.3739993844098235,-0.47917255539120224,-0.7515101392781132,0.2707681546940524,6,18,17,18,0.9444444444444444,0.2707681546940524,High
Jamaica,JAM,2019,Latin America & Caribbean ,Latin America & Caribbean (excluding high income),,,0.027686636029416734,0.15856962327786525,-0.22213370808570929,0.7677384610058872,-0.427404984378342,-0.7758284424648539,-0.07856206910262269,6,18,11,18,0.6111111111111112,-0.07856206910262269,Medium
Japan,JPN,2019,East Asia & Pacific,,,,0.3481095967724193,0.27444732807040223,-0.009762912092167916,1.633327392193172,-0.5749139506660028,-0.7416778837302299,0.1549215950912655,6,18,15,18,0.8333333333333334,0.1549215950912655,High
Jordan,JOR,2019,"Middle East, North Africa, Afghanistan & Pakistan","Middle East, North Africa, Afghanistan & Pakistan (excluding high income)",,,-0.13178281620950588,0.10929353703973284,-0.15306165776348427,0.6018545045325056,-0.4343966737744844,-0.8252872491451407,-0.1388967258867295,6,18,13,18,0.7222222222222222,-0.1388967258867295,Medium
Kazakhstan,KAZ,2019,Europe & Central Asia,Europe & Central Asia (excluding high income),,,0.17835878031239027,0.23953879255820287,-0.09605975731546003,1.6023527869782344,-0.44693154276596747,-0.7761364323157968,0.11685377124193387,6,18,15,18,0.8333333333333334,0.11685377124193387,High
Kenya,KEN,2019,Sub-Saharan Africa ,Sub-Saharan Africa (excluding high income),,,-0.19674213747425304,0.045493197198613666,-0.5258789780446232,1.5926255835889747,-0.5724823341639405,-0.7799218100081339,-0.07281774648389372,6,18,13,18,0.7222222222222222,-0.07281774648389372,Medium
Kiribati,KIR,2019,East Asia & Pacific,East Asia & Pacific (excluding high income),,,-0.3647520200017537,0.18358894425679365,-0.5523896331386052,-0.006495723689979416,-0.32419216639352505,-0.741497065679071,-0.3009562774410235,6,18,13,18,0.7222222222222222,-0.3009562774410235,Medium
"Korea, Dem. People's Rep.",PRK,2019,East Asia & Pacific,East Asia & Pacific (excluding high income),,,-0.34544608570411234,0.18358894425679365,-0.5228792782211396,1.51077423354952,-0.4274464326876736,-0.7800485524965671,-0.0635761952171965,6,18,7,18,0.3888888888888889,-0.0635761952171965,Low
"Korea, Rep.",KOR,2019,East Asia & Pacific,,,,0.33970165718877804,0.38591566806986394,-0.014057205542522563,1.634647050069346,-0.42582001402394126,-0.7773050972119111,0.19051367642493552,6,18,15,18,0.8333333333333334,0.19051367642493552,High
Kuwait,KWT,2019,"Middle East, North Africa, Afghanistan & Pakistan",,,,0.32112540199965317,0.197350624507849,-0.02644027501694256,1.833590404250683,-0.35811148424824796,-0.8575937431377113,0.18498682139254727,6,18,14,18,0.7777777777777778,0.18498682139254727,Medium
Kyrgyz Republic,KGZ,2019,Europe & Central Asia,Europe & Central Asia (excluding high income),,,0.07260153396193296,0.15823539822754204,-0.27434141147744334,1.1295147462317512,-0.3372132015873497,-0.8035139750032189,-0.009119484941130962,6,18,16,18,0.8888888888888888,-0.009119484941130962,High
Lao PDR,LAO,2019,East Asia & Pacific,East Asia & Pacific (excluding high income),,,-0.2652630054734863,-0.046183415561177554,-0.5544996881475197,-0.3920172495826992,-0.4191703015298107,-0.8072209252361313,-0.4140590975884708,6,18,14,18,0.7777777777777778,-0.4140590975884708,Medium
Late-demographic dividend,LTE,2019,Aggregates,,,,0.12770770933849304,0.23070433650712563,-0.1890539705954403,2.1117254244749724,-0.48816387261579725,-0.811934014297,0.16349760213539224,6,18,14,18,0.7777777777777778,0.16349760213539224,Medium
Latin America & Caribbean ,LCN,2019,Aggregates,,,,0.01017295810631621,0.24083723260833478,-0.22118147866643115,1.832812523022801,-0.5253924209123795,-0.7853706056063463,0.09197970142538252,6,18,17,18,0.9444444444444444,0.09197970142538252,High
Latin America & Caribbean (excluding high income),LAC,2019,Aggregates,,,,0.00866043423482477,0.23208204408657007,-0.22457371723508035,1.5484196272443176,-0.533489463319185,-0.7656307553337308,0.044244694946286044,6,18,16,18,0.8888888888888888,0.044244694946286044,High
Latin America & the Caribbean (IDA & IBRD countries),TLA,2019,Aggregates,,,,0.013594668931582829,0.24020327305601855,-0.2218940175187387,1.8354030103752021,-0.5276984366381603,-0.7664876694110648,0.09552013813247327,6,18,16,18,0.8888888888888888,0.09552013813247327,High
Latvia,LVA,2019,Europe & Central Asia,,,,0.14834645057382043,0.424264593781772,-0.1084927151482538,2.2099630156462613,-0.2233162546683005,-0.743205827390692,0.28459321046576797,6,18,16,18,0.8888888888888888,0.28459321046576797,High
Least developed countries: UN classification,LDC,2019,Aggregates,,,,-0.3259191603993186,-0.22204330846540477,-0.529997660672628,-0.190306852667412,-0.5041138084198448,-0.8438508796078524,-0.4360386117054101,6,18,15,18,0.8333333333333334,-0.4360386117054101,High
Lebanon,LBN,2019,"Middle East, North Africa, Afghanistan & Pakistan","Middle East, North Africa, Afghanistan & Pakistan (excluding high income)",,,-0.07626016134221052,0.09698986958877968,-0.1278054135492908,1.4038403878871166,-0.4801682456735863,-0.7892217152731713,0.004562453606272905,6,18,15,18,0.8333333333333334,0.004562453606272905,High
Lesotho,LSO,2019,Sub-Saharan Africa ,Sub-Saharan Africa (excluding high income),,,-0.240664177064703,0.1887069222006783,-0.4577869326218183,-0.20095761081637642,-0.18043843210671362,-0.7983360551160171,-0.2815793809208251,6,18,14,18,0.7777777777777778,-0.2815793809208251,Medium
Liberia,LBR,2019,Sub-Saharan Africa ,Sub-Saharan Africa (excluding high income),,,-0.46917801406853893,0.18358894425679365,-0.6087870313408323,-0.3267005373398901,-0.4505075507177791,-0.7712726920381843,-0.4071428135414052,6,18,11,18,0.6111111111111112,-0.4071428135414052,Medium
Libya,LBY,2019,"Middle East, North Africa, Afghanistan & Pakistan","Middle East, North Africa, Afghanistan & Pakistan (excluding high income)",,,0.22073499995149895,0.18358894425679365,-0.24262953950624688,1.5434308393457092,-0.45209308013569965,-0.7771510494522551,0.07931351907663335,6,18,10,18,0.5555555555555556,0.07931351907663335,Low
Liechtenstein,LIE,2019,Europe & Central Asia,,,,0.30457422337386175,0.26423691289417556,-0.19997230394721424,1.6388549141763884,-0.4274464326876736,-0.7707413237878703,0.13491766500361121,6,18,9,18,0.5,0.13491766500361121,Low
Lithuania,LTU,2019,Europe & Central Asia,,,,0.22988432954561586,0.3461853219846489,-0.05566483826060154,1.6213121651445384,-0.12186252217045086,-0.7390205877745039,0.2134723114115412,6,18,15,18,0.8333333333333334,0.2134723114115412,High
Low & middle income,LMY,2019,Aggregates,,,,-0.01998947084163113,0.030422791096358814,-0.33186941041388685,1.3295131200706727,-0.5183665384811761,-0.8890042582877555,-0.066548961142903,6,18,15,18,0.8333333333333334,-0.066548961142903,High
Luxembourg,LUX,2019,Europe & Central Asia,,,,0.32098577438393444,0.13485045566876783,-0.042905287866111586,1.637460530593202,0.6473157002946496,-0.7331589963909599,0.3274246961139137,6,18,15,18,0.8333333333333334,0.3274246961139137,High
"Macao SAR, China",MAC,2019,East Asia & Pacific,,,,1.0997660520322745,0.30371816167957044,-0.20085323220846182,1.6388549141763884,-0.2833878858629932,-0.7750877613537007,0.29716837474384633,6,18,11,18,0.6111111111111112,0.29716837474384633,Medium
Madagascar,MDG,2019,Sub-Saharan Africa ,Sub-Saharan Africa (excluding high income),,,-0.48041031508121423,-0.20063469940680081,-0.5974877818156187,-0.39775266584849617,-0.4603188405984895,-0.7577167035039558,-0.4823868343757625,6,18,15,18,0.8333333333333334,-0.4823868343757625,High
Malawi,MWI,2019,Sub-Saharan Africa ,Sub-Saharan Africa (excluding high income),,,-0.47151876617970184,-0.03244009421540031,-0.5891578169065531,-0.5233459487537563,-0.5256525979975684,-0.9280669957633597,-0.5116970366360566,6,18,15,18,0.8333333333333334,-0.5116970366360566,High
Malaysia,MYS,2019,East Asia & Pacific,East Asia & Pacific (excluding high income),,,0.16918761804396873,0.11092820146301469,-0.17269847599959742,2.1678144276793785,-0.22666692538625544,-0.7809840554091179,0.21126346506523186,6,18,16,18,0.8888888888888888,0.21126346506523186,High
Maldives,MDV,2019,South Asia,South Asia,,,0.2897849852275332,0.03429132477798671,-0.1586048293004161,1.6646246993815572,-0.16943873438351228,-0.747993488311646,0.15211065956525047,6,18,16,18,0.8888888888888888,0.15211065956525047,High
Mali,MLI,2019,Sub-Saharan Africa ,Sub-Saharan Africa (excluding high income),,,-0.18048748858224598,0.18358894425679365,-0.6141667211383347,0.23070654116062408,-0.49246183801907456,-0.8415324848407345,-0.2857255078604954,6,18,11,18,0.6111111111111112,-0.2857255078604954,Medium
Malta,MLT,2019,"Middle East, North Africa, Afghanistan & Pakistan",,,,0.26575591229023,0.2602045141925088,-0.027623500765733888,1.638406240481835,0.18102799484947282,-0.7542637217333675,0.26058457321915746,6,18,15,18,0.8333333333333334,0.26058457321915746,High
Marshall Islands,MHL,2019,East Asia & Pacific,East Asia & Pacific (excluding high income),,,-0.3556166065357848,0.1758922439817192,-0.34297712873137387,1.5434308393457092,-0.07124749060951314,-0.7039619272747949,0.040919988362660274,6,18,15,18,0.8333333333333334,0.040919988362660274,High
Mauritania,MRT,2019,Sub-Saharan Africa ,Sub-Saharan Africa (excluding high income),,,-0.1944417015681786,-0.18023531150719085,-0.40839643780955387,-0.038359732077131135,-0.3489438930442501,-0.8934941797250892,-0.3439785426218989,6,18,15,18,0.8333333333333334,-0.3439785426218989,High
Mauritius,MUS,2019,Sub-Saharan Africa ,Sub-Saharan Africa (excluding high income),,,0.18555557050272498,0.17203269634639232,-0.18524061796324554,1.9174807456343732,-0.20771964142171398,-0.7527009493189497,0.18823463396326354,6,18,14,18,0.7777777777777778,0.18823463396326354,Medium
Mexico,MEX,2019,Latin America & Caribbean ,Latin America & Caribbean (excluding high income),,,0.0005027678722338697,0.23581079675352887,-0.23696872546369838,1.117943618652071,-0.4154720348331688,-0.7640260626546004,-0.010368273278938986,6,18,15,18,0.8333333333333334,-0.010368273278938986,High
"Micronesia, Fed. Sts.",FSM,2019,East Asia & Pacific,East Asia & Pacific (excluding high income),,,-0.45075750417792176,0.18358894425679365,-0.5420104436352967,1.0214586994367905,-0.28716508374595207,-0.7111283792015851,-0.13100229451119524,6,18,11,18,0.6111111111111112,-0.13100229451119524,Medium
"Middle East, North Africa, Afghanistan & Pakistan",MEA,2019,Aggregates,,,,-0.07156791160838533,-0.0794069740453937,-0.2808635101146037,1.519468758414637,-0.4339893840873841,-0.8939641628446519,-0.04005386404763028,6,18,17,18,0.9444444444444444,-0.04005386404763028,High
"Middle East, North Africa, Afghanistan & Pakistan (IDA & IBRD)",TMN,2019,Aggregates,,,,-0.11909167307042108,0.18358894425679365,-0.292446010399049,0.4926516350455663,-0.5107688432344771,-0.8540578022229531,-0.18335395827075673,6,18,13,18,0.7222222222222222,-0.18335395827075673,Medium
"Middle East, North Africa, Afghanistan & Pakistan (excluding high income)",MNA,2019,Aggregates,,,,-0.11281775619483618,0.18358894425679365,-0.2923038466610501,0.6425220883443413,-0.5101632511655558,-0.8540768711441943,-0.15720844876075024,6,18,13,18,0.7222222222222222,-0.15720844876075024,Medium
Middle income,MIC,2019,Aggregates,,,,0.005275510420027267,0.0686399561353891,-0.30768980574188787,1.4823259812013259,-0.5178138177197972,-0.8454477778493312,-0.01911832559237901,6,18,14,18,0.7777777777777778,-0.01911832559237901,Medium
Moldova,MDA,2019,Europe & Central Asia,Europe & Central Asia (excluding high income),,,0.11044427709855187,0.22643257847966672,-0.13323094258060597,1.4220972908587333,-0.3518749902070901,-0.7401034712353924,0.08896079040231057,6,18,16,18,0.8888888888888888,0.08896079040231057,High
Monaco,MCO,2019,Europe & Central Asia,,,,0.2222370632859804,0.18358894425679365,-0.006741699073251524,1.6388549141763884,-0.40629528727670133,-0.7427567110821282,0.14814787071451355,6,18,11,18,0.6111111111111112,0.14814787071451355,Medium
Mongolia,MNG,2019,East Asia & Pacific,East Asia & Pacific (excluding high income),,,0.05973292464497754,0.27850034187642086,-0.38211324766555504,1.4030189885912172,-0.21796690023947027,-0.854272544712909,0.04781659374911357,6,18,15,18,0.8333333333333334,0.04781659374911357,High
Montenegro,MNE,2019,Europe & Central Asia,Europe & Central Asia (excluding high income),,,0.41423559847184954,0.21758055289866965,-0.18911156044599806,1.9262468709452838,-0.27012451996907055,-0.7771642440805507,0.22027711630336388,6,18,16,18,0.8888888888888888,0.22027711630336388,High
Morocco,MAR,2019,"Middle East, North Africa, Afghanistan & Pakistan","Middle East, North Africa, Afghanistan & Pakistan (excluding high income)",,,0.1365164540121531,0.09957563330576535,-0.1874869850294267,1.5289868563635494,-0.409057520978656,-0.7646175400066072,0.06731948294446298,6,18,14,18,0.7777777777777778,0.06731948294446298,Medium
Mozambique,MOZ,2019,Sub-Saharan Africa ,Sub-Saharan Africa (excluding high income),,,-0.45537543067534986,0.18358894425679365,-0.5891159959964665,-0.3315562385381301,-0.30591061292187377,-0.9160075372604776,-0.40239614518925065,6,18,14,18,0.7777777777777778,-0.40239614518925065,Medium
Myanmar,MMR,2019,East Asia & Pacific,East Asia & Pacific (excluding high income),,,0.042614115189182566,0.17606116767847826,-0.4543348065892161,-0.3753570403779554,-0.4116722611039198,-0.8377090849279551,-0.31006631835523096,6,18,13,18,0.7222222222222222,-0.31006631835523096,Medium
Namibia,NAM,2019,Sub-Saharan Africa ,Sub-Saharan Africa (excluding high income),,,-0.08749468129875172,0.053359343145823225,-0.42548218053038495,1.2518025183392936,-0.403316184075432,-0.7648695417646234,-0.06266678769734589,6,18,14,18,0.7777777777777778,-0.06266678769734589,Medium
Naoero,NRU,2019,East Asia & Pacific,,,,-0.039793524866264696,0.159905034052532,-0.22988578405539653,1.3296083557279428,-0.08358180998406047,-0.7250171876298038,0.06853918054082488,6,18,11,18,0.6111111111111112,0.06853918054082488,Medium
Nepal,NPL,2019,South Asia,South Asia,,,-0.033354373125979386,-0.07271861978563043,-0.4408684735413337,0.705754675958466,-0.4971212874181483,-0.8517884674169359,-0.19834942422159363,6,18,15,18,0.8333333333333334,-0.19834942422159363,High
Netherlands,NLD,2019,Europe & Central Asia,,,,0.2964796275102229,0.2689856415104709,-0.01829493412557644,1.6387309269012824,-0.08781838208214272,-0.7346190356220852,0.227243974015362,6,18,14,18,0.7777777777777778,0.227243974015362,Medium
New Caledonia,NCL,2019,East Asia & Pacific,,,,-0.024871519828117517,0.18358894425679365,-0.22620152564405036,1.62521032990714,-0.4889992079375413,-0.7676902715233509,0.05017279153847894,6,18,8,18,0.4444444444444444,0.05017279153847894,Low
New Zealand,NZL,2019,East Asia & Pacific,,,,0.2373814923034223,0.40671386911116975,-0.029913914244977552,1.631720901547509,-0.4944652821500444,-0.7301938899072408,0.170207196109973,6,18,14,18,0.7777777777777778,0.170207196109973,Medium
Nicaragua,NIC,2019,Latin America & Caribbean ,Latin America & Caribbean (excluding high income),,,-0.1911586887379265,0.18358894425679365,-0.3508964883414076,0.5247937066551164,-0.36313394000597393,-0.777240790702486,-0.162341209479314,6,18,11,18,0.6111111111111112,-0.162341209479314,Medium
Niger,NER,2019,Sub-Saharan Africa ,Sub-Saharan Africa (excluding high income),,,-0.44778617177786817,0.021366895733426133,-0.6023276016829126,0.19738768518247177,-0.5457669137456337,-0.86008716370133,-0.3728688783319744,6,18,12,18,0.6666666666666666,-0.3728688783319744,Medium
Nigeria,NGA,2019,Sub-Saharan Africa ,Sub-Saharan Africa (excluding high income),,,-0.24341081310484092,0.18358894425679365,-0.5822611686431826,-0.22328186568886974,-0.43388714647202237,-0.8556307783467698,-0.3591471379998153,6,18,12,18,0.6666666666666666,-0.3591471379998153,Medium
North America,NAC,2019,Aggregates,,,,0.1755556479942008,0.39641420185119464,-0.0752447690499158,1.6270415523144397,-0.584808721544113,-0.7247194490886709,0.1357064104128559,6,18,16,18,0.8888888888888888,0.1357064104128559,High
North Macedonia,MKD,2019,Europe & Central Asia,Europe & Central Asia (excluding high income),,,0.09375686476911982,0.13251958978639303,-0.11680125959117736,2.3132718790703355,-0.16048775470336282,-0.7934492221395327,0.2448016828652959,6,18,16,18,0.8888888888888888,0.2448016828652959,High
Northern Mariana Islands,MNP,2019,East Asia & Pacific,,,,0.0022983909850625636,0.18358894425679365,-0.22398881931037798,1.5683469335345315,-0.3435432289037678,-0.6983441199874175,0.0813930167624707,6,18,7,18,0.3888888888888889,0.0813930167624707,Low
Norway,NOR,2019,Europe & Central Asia,,,,0.2522685239201161,0.4345971250686878,-0.0036715249888678394,1.635822411868636,-0.4400326018699772,-0.7183751252090852,0.19343480146491832,6,18,15,18,0.8333333333333334,0.19343480146491832,High
OECD members,OED,2019,Aggregates,,,,0.11813274412546204,0.3504844762235965,-0.0825729405896302,1.5434308393457092,-0.48845152918811446,-0.7456666260645287,0.11589282730874907,6,18,12,18,0.6666666666666666,0.11589282730874907,Medium
Oman,OMN,2019,"Middle East, North Africa, Afghanistan & Pakistan",,,,0.2159915936179483,0.21457756231485547,-0.06074770159870898,1.0043911089524122,-0.379866786645984,-0.846738764528414,0.024601168685351504,6,18,14,18,0.7777777777777778,0.024601168685351504,Medium
Other small states,OSS,2019,Aggregates,,,,0.05475917209250905,-0.0062256750257351405,-0.3142610108970287,1.7061018840017301,-0.17461140791911944,-0.7650370453300903,0.08345431948704425,6,18,14,18,0.7777777777777778,0.08345431948704425,Medium
Pacific island small states,PSS,2019,Aggregates,,,,-0.13252835754199876,0.019134113867698237,-0.46347723460830287,0.9464049960763247,-0.3144812834748638,-0.7268034242138515,-0.11195853164916568,6,18,12,18,0.6666666666666666,-0.11195853164916568,Medium
Pakistan,PAK,2019,"Middle East, North Africa, Afghanistan & Pakistan","Middle East, North Africa, Afghanistan & Pakistan (excluding high income)",,,-0.3509374899175726,-0.2816047116762658,-0.4076778785362478,-0.20479026873123132,-0.5920462944521429,-0.8537202065079454,-0.4484628083035676,6,18,16,18,0.8888888888888888,-0.4484628083035676,High
Palau,PLW,2019,East Asia & Pacific,,,,0.10512692986828238,0.18358894425679365,-0.20103315799656538,1.5883186991546407,-0.2643038646479873,-0.716062182977612,0.11593922794292538,6,18,10,18,0.5555555555555556,0.11593922794292538,Low
Panama,PAN,2019,Latin America & Caribbean ,,,,0.1213672953044027,0.20141983983313205,-0.1647934384560754,1.5434308393457092,-0.3935088740587606,-0.7670908625474132,0.0901374665701658,6,18,13,18,0.7222222222222222,0.0901374665701658,Medium
Papua New Guinea,PNG,2019,East Asia & Pacific,East Asia & Pacific (excluding high income),,,-0.4596369622211202,0.008413530150980175,-0.5586057411378395,0.3911128389793777,-0.4256816770584417,-0.757163388155051,-0.30026023324034906,6,18,11,18,0.6111111111111112,-0.30026023324034906,Medium
Paraguay,PRY,2019,Latin America & Caribbean ,Latin America & Caribbean (excluding high income),,,0.04583990786643979,0.19180103515420857,-0.30183675890891865,2.018465077092838,-0.4407447144445804,-0.768279477297014,0.1242075115771622,6,18,15,18,0.8333333333333334,0.1242075115771622,High
Peru,PER,2019,Latin America & Caribbean ,Latin America & Caribbean (excluding high income),,,0.03119230054560104,0.21091368764917084,-0.23261554891377587,1.4526464055253612,-0.5245164795625589,-0.8353216578984061,0.017049784557565378,6,18,15,18,0.8333333333333334,0.017049784557565378,High
Philippines,PHL,2019,East Asia & Pacific,East Asia & Pacific (excluding high income),,,0.06769785498877574,0.11326930824859945,-0.38163105535413533,0.5021681267762527,-0.42478567601350176,-0.7882387791586507,-0.15192003675211,6,18,15,18,0.8333333333333334,-0.15192003675211,High
Poland,POL,2019,Europe & Central Asia,,,,0.17341723964861597,0.34135581834715506,-0.02288503401312907,2.354115556678964,-0.30118806951347016,-0.7608795664816491,0.2973226574444144,6,18,16,18,0.8888888888888888,0.2973226574444144,High
Portugal,PRT,2019,Europe & Central Asia,,,,0.17841664560419482,0.360181394604681,-0.05797379759797646,2.3679007096559617,-0.36465985524209604,-0.723998257672631,0.29331113989202234,6,18,16,18,0.8888888888888888,0.29331113989202234,High
Post-demographic dividend,PST,2019,Aggregates,,,,0.1448443579736996,0.3569779786549068,-0.047123471855299054,1.5434308393457092,-0.4819818901264686,-0.7371006664813452,0.12984119125186713,6,18,12,18,0.6666666666666666,0.12984119125186713,Medium
Pre-demographic dividend,PRE,2019,Aggregates,,,,-0.1560874514478764,-0.24571284432637608,-0.5402089112674824,-0.13222495452809252,-0.43230568865624264,-0.8444570107566994,-0.3918328101637949,6,18,13,18,0.7222222222222222,-0.3918328101637949,Medium
Puerto Rico (US),PRI,2019,Latin America & Caribbean ,,,,0.06431121978898939,0.3693920985615136,-0.10792147175357501,1.6382876368597958,-0.29095935526586114,-0.7265696129544734,0.15775675253939822,6,18,12,18,0.6666666666666666,0.15775675253939822,Medium
Qatar,QAT,2019,"Middle East, North Africa, Afghanistan & Pakistan",,,,0.258226762332917,0.1345168351767003,-0.015128692496071608,1.9620402471138672,-0.36833991390545456,-0.8557266629621477,0.18593142920996844,6,18,15,18,0.8333333333333334,0.18593142920996844,High
Romania,ROU,2019,Europe & Central Asia,,,,0.13324193136121912,0.1824043255685481,-0.07724294419663238,1.869917391706202,-0.3649507575662967,-0.7638555250335847,0.1632524036399092,6,18,16,18,0.8888888888888888,0.1632524036399092,High
Russian Federation,RUS,2019,Europe & Central Asia,,,,0.3299577200547138,0.3442605053656496,-0.079232914774145,1.5473256012422902,-0.5095940631646774,-0.7406831080333557,0.1486722901150793,6,18,15,18,0.8333333333333334,0.1486722901150793,High
Rwanda,RWA,2019,Sub-Saharan Africa ,Sub-Saharan Africa (excluding high income),,,-0.32277437485285626,-0.15390873814053782,-0.5773871316676361,0.007907933218514388,-0.4930800639685158,-0.8559594871781329,-0.3992003104315274,6,18,14,18,0.7777777777777778,-0.3992003104315274,Medium
Samoa,WSM,2019,East Asia & Pacific,East Asia & Pacific (excluding high income),,,-0.291845087314807,0.083594506758214,-0.44098253056884246,1.4251111780187296,-0.37531947980941033,-0.7164294221052461,-0.052645139170227055,6,18,14,18,0.7777777777777778,-0.052645139170227055,Medium
San Marino,SMR,2019,Europe & Central Asia,,,,0.11301688708666595,0.0774339278188335,-0.01394249940997914,2.387245489610389,0.4695646264952596,-0.7444774483285007,0.38147349721211143,6,18,15,18,0.8333333333333334,0.38147349721211143,High
Sao Tome and Principe,STP,2019,Sub-Saharan Africa ,Sub-Saharan Africa (excluding high income),,,-0.22514006043691345,0.16986407962606143,-0.5726271517195985,0.12242714015322793,-0.4461549686647663,-0.7536829508435391,-0.28421898531425466,6,18,14,18,0.7777777777777778,-0.28421898531425466,Medium
Saudi Arabia,SAU,2019,"Middle East, North Africa, Afghanistan & Pakistan",,,,0.2723986593901387,0.34650719155531884,-0.04414480029433213,0.9977075210315864,-0.48099396921003085,-0.8456161784353792,0.04097640400621696,6,18,14,18,0.7777777777777778,0.04097640400621696,Medium
Senegal,SEN,2019,Sub-Saharan Africa ,Sub-Saharan Africa (excluding high income),,,-0.1074906487820852,-0.2966377523282659,-0.4733024902639438,0.08029238976029072,-0.4538034726819021,-0.8572724923901384,-0.35136907778100746,6,18,15,18,0.8333333333333334,-0.35136907778100746,High
Serbia,SRB,2019,Europe & Central Asia,Europe & Central Asia (excluding high income),,,0.15581227855601165,0.30345933137504605,-0.1501281666535299,2.291529381196836,-0.27569979367856406,-0.7770755116393292,0.25798291985941174,6,18,17,18,0.9444444444444444,0.25798291985941174,High
Seychelles,SYC,2019,Sub-Saharan Africa ,,,,0.3127229577115032,0.1948424007185665,-0.18177903354299632,1.9935702429924327,-0.028202622879170153,-0.7374670900835826,0.2589478091527922,6,18,15,18,0.8333333333333334,0.2589478091527922,High
Sierra Leone,SLE,2019,Sub-Saharan Africa ,Sub-Saharan Africa (excluding high income),,,-0.3009960544356134,-0.1152956444590661,-0.614257966760342,-0.6115291017360568,-0.5503774935532415,-0.7898429393210717,-0.4970498667108986,6,18,15,18,0.8333333333333334,-0.4970498667108986,High
Singapore,SGP,2019,East Asia & Pacific,,,,0.35319661195010177,0.4230251109046712,-0.020260795087518213,2.387245503374587,0.5279718529515397,-0.7715438657213753,0.483272403062001,6,18,16,18,0.8888888888888888,0.483272403062001,High
Sint Maarten (Dutch part),SXM,2019,Latin America & Caribbean ,,,,0.0022983909850625636,0.18358894425679365,-0.23221613289468557,1.5434308393457092,-0.3991916907090037,-0.7739922273584563,0.05398635393757001,6,18,4,18,0.2222222222222222,0.05398635393757001,Low
Slovak Republic,SVK,2019,Europe & Central Asia,,,,0.250416750801376,0.18492708198068,-0.0351994838124624,1.6361270685184737,0.0017213610740898222,-0.7500761420193168,0.21465277275714004,6,18,15,18,0.8333333333333334,0.21465277275714004,High
Slovenia,SVN,2019,Europe & Central Asia,,,,0.19729027102633032,0.36866019753007645,-0.01670926325533099,1.629262245855528,-0.085832129408891,-0.7445339483401425,0.22468956223459502,6,18,15,18,0.8333333333333334,0.22468956223459502,High
Small states,SST,2019,Aggregates,,,,0.016636189665153126,0.007549595132634294,-0.3080509692381613,1.7061018840017301,-0.20557333915035714,-0.7561626130342568,0.07675012456279039,6,18,15,18,0.8333333333333334,0.07675012456279039,High
Solomon Islands,SLB,2019,East Asia & Pacific,East Asia & Pacific (excluding high income),,,-0.35597165288450267,0.18358894425679365,-0.5447288027909251,0.1195793353969915,-0.3928163841226093,-0.7425235128099539,-0.2888120121590343,6,18,12,18,0.6666666666666666,-0.2888120121590343,Medium
"Somalia, Fed. Rep.",SOM,2019,Sub-Saharan Africa ,Sub-Saharan Africa (excluding high income),,,-0.4838379552631184,0.07944702636486298,-0.6125242999422069,0.22537924362590891,-0.44109133172565657,-0.778706328040497,-0.3352222741634512,6,18,12,18,0.6666666666666666,-0.3352222741634512,Medium
South Africa,ZAF,2019,Sub-Saharan Africa ,Sub-Saharan Africa (excluding high income),,,0.2000162685952008,0.14876503418068454,-0.26038463321127264,1.5237705255620702,-0.5052338323982769,-0.8114913743184723,0.049240331401655645,6,18,15,18,0.8333333333333334,0.049240331401655645,High
South Asia,SAS,2019,Aggregates,,,,-0.25329877543921003,-0.018247295471255347,-0.3539531190277501,1.503093781744788,-0.5419608947681341,-0.8511553612976209,-0.08592027737653042,6,18,15,18,0.8333333333333334,-0.08592027737653042,High
South Asia (IDA & IBRD),TSA,2019,Aggregates,,,,-0.25329877543921003,-0.018247295471255347,-0.3539531190277501,1.503093781744788,-0.5419608947681341,-0.8511553612976209,-0.08592027737653042,6,18,15,18,0.8333333333333334,-0.08592027737653042,High
South Sudan,SSD,2019,Sub-Saharan Africa ,Sub-Saharan Africa (excluding high income),,,-0.5852425342057664,0.18358894425679365,-0.6224852803446496,-0.3906674935108876,-0.4274464326876736,-0.7986885051262149,-0.44015688360306643,6,18,10,18,0.5555555555555556,-0.44015688360306643,Low
Spain,ESP,2019,Europe & Central Asia,,,,0.22207870722840792,0.4563940966656703,-0.004153717300287592,2.3854860094018435,-0.4478949804864658,-0.7374728241852783,0.3124062152206484,6,18,16,18,0.8888888888888888,0.3124062152206484,High
Sri Lanka,LKA,2019,South Asia,South Asia,,,-0.060653547287668676,0.08411577133188426,-0.35823884454921906,1.3400296931064988,-0.5201420674814068,-0.7955073201164988,-0.0517327191660684,6,18,15,18,0.8333333333333334,-0.0517327191660684,High
St. Kitts and Nevis,KNA,2019,Latin America & Caribbean ,,,,0.265490524775299,0.28463596246264833,-0.19130789545097435,1.5434308393457092,-0.4222114078081491,-0.7296119356561249,0.12507101461140138,6,18,11,18,0.6111111111111112,0.12507101461140138,Medium
St. Lucia,LCA,2019,Latin America & Caribbean ,Latin America & Caribbean (excluding high income),,,-0.10938953189177043,0.051016182970665604,-0.21142375320262494,1.3710603869386155,-0.43912662182049916,-0.7350243763535409,-0.012147952226525724,6,18,12,18,0.6666666666666666,-0.012147952226525724,Medium
St. Martin (French part),MAF,2019,Latin America & Caribbean ,,,,0.0022983909850625636,0.18358894425679365,-0.21549537266188293,1.626110033973563,-0.3885176367952082,-0.7487193023278483,0.07654417623841331,6,18,4,18,0.2222222222222222,0.07654417623841331,Low
St. Vincent and the Grenadines,VCT,2019,Latin America & Caribbean ,Latin America & Caribbean (excluding high income),,,-0.0341556143310229,0.2509203461113119,-0.22227818032055388,0.5590554780122552,-0.42851908543721606,-0.7310873015554193,-0.10101072625344083,6,18,12,18,0.6666666666666666,-0.10101072625344083,Medium
Sub-Saharan Africa ,SSF,2019,Aggregates,,,,-0.3027234873597273,-0.23216851792306714,-0.5398245518516672,0.92197064207671,-0.4941000228553249,-0.9815792334392821,-0.2714041952253931,6,18,17,18,0.9444444444444444,-0.2714041952253931,High
Sub-Saharan Africa (IDA & IBRD countries),TSS,2019,Aggregates,,,,-0.3027234873597273,-0.23216851792306714,-0.5398245518516672,0.92197064207671,-0.4941000228553248,-0.8335531067744895,-0.2467331741145943,6,18,16,18,0.8888888888888888,-0.2467331741145943,High
Sub-Saharan Africa (excluding high income),SSA,2019,Aggregates,,,,-0.294792906675481,-0.23221471392562956,-0.5398552571977355,0.9271146371387667,-0.49460456947628967,-0.8335613517755939,-0.24465236031866047,6,18,16,18,0.8888888888888888,-0.24465236031866047,High
Sudan,SDN,2019,Sub-Saharan Africa ,Sub-Saharan Africa (excluding high income),,,-0.17130479018140632,-0.001961799580045933,-0.3621539169565346,0.2094326167145709,-0.6246362350259508,-0.8506700982070644,-0.3002157038727385,6,18,11,18,0.6111111111111112,-0.3002157038727385,Medium
Suriname,SUR,2019,Latin America & Caribbean ,Latin America & Caribbean (excluding high income),,,0.10543598472182693,-0.042575342106957605,-0.21247307785570665,1.5932838408438104,-0.43338162754855364,-0.7594711867590146,0.04180309854923416,6,18,14,18,0.7777777777777778,0.04180309854923416,Medium
Sweden,SWE,2019,Europe & Central Asia,,,,0.2939495985928274,0.45957993485699417,-0.010700405220716303,1.637728336858881,-0.3462884232805821,-0.7198074252754867,0.21907693608865295,6,18,15,18,0.8333333333333334,0.21907693608865295,High
Switzerland,CHE,2019,Europe & Central Asia,,,,0.32337011558541867,0.3022747470889458,-0.015281232179203316,1.6263086379692988,-0.23567338004365548,-0.7292871786859615,0.21195195162247385,6,18,15,18,0.8333333333333334,0.21195195162247385,High
Syrian Arab Republic,SYR,2019,"Middle East, North Africa, Afghanistan & Pakistan","Middle East, North Africa, Afghanistan & Pakistan (excluding high income)",,,-0.0879970954340231,0.18358894425679365,-0.15874549963434373,0.26617631737938385,-0.5552479895764901,-0.837103401530087,-0.1982214540897944,6,18,10,18,0.5555555555555556,-0.1982214540897944,Low
Tajikistan,TJK,2019,Europe & Central Asia,Europe & Central Asia (excluding high income),,,-0.166531111925364,0.18358894425679365,-0.16409857612542741,0.012891207719163173,-0.4732280227158217,-0.8225861869936497,-0.238327290964051,6,18,13,18,0.7222222222222222,-0.238327290964051,Medium
Tanzania,TZA,2019,Sub-Saharan Africa ,Sub-Saharan Africa (excluding high income),,,-0.3155306567555016,-0.21988645977395696,-0.569722499419039,-0.2845727276556716,-0.5690638985479176,-0.7904522601625724,-0.4582047503857765,6,18,15,18,0.8333333333333334,-0.4582047503857765,High
Thailand,THA,2019,East Asia & Pacific,East Asia & Pacific (excluding high income),,,0.30447088314453136,0.13707525244001614,-0.2111090809636732,2.2918214285439076,-0.28062621615647765,-0.7839138031527266,0.24295307730926297,6,18,16,18,0.8888888888888888,0.24295307730926297,High
Timor-Leste,TLS,2019,East Asia & Pacific,East Asia & Pacific (excluding high income),,,-0.1686423030086078,0.15614771464983115,-0.5389689229017264,-0.10247931592630206,-0.3534472904983912,-0.7529958256484464,-0.2933976572222738,6,18,13,18,0.7222222222222222,-0.2933976572222738,Medium
Togo,TGO,2019,Sub-Saharan Africa ,Sub-Saharan Africa (excluding high income),,,-0.33113625843421646,-0.03758751741764806,-0.5744596679615747,-0.41617690320339706,-0.4804645140857997,-0.8158959063738132,-0.4426201279127415,6,18,15,18,0.8333333333333334,-0.4426201279127415,High
Tonga,TON,2019,East Asia & Pacific,East Asia & Pacific (excluding high income),,,-0.2588512900743603,0.19784880718371,-0.2523208013663944,0.8849785899549802,-0.3716111321347517,-0.7136363449017485,-0.08559869522309412,6,18,14,18,0.7777777777777778,-0.08559869522309412,Medium
Trinidad and Tobago,TTO,2019,Latin America & Caribbean ,,,,0.23431516774012792,0.18358894425679365,-0.1863806318625905,1.3880573455046348,-0.43341277373631915,-0.748505538061087,0.07294375230692662,6,18,11,18,0.6111111111111112,0.07294375230692662,Medium
Tunisia,TUN,2019,"Middle East, North Africa, Afghanistan & Pakistan","Middle East, North Africa, Afghanistan & Pakistan (excluding high income)",,,0.07306065423564635,0.08519846379636993,-0.1650984760665886,1.5071769089673024,-0.31351116575958243,-0.7633591314042586,0.0705778756281482,6,18,15,18,0.8333333333333334,0.0705778756281482,High
Turkiye,TUR,2019,Europe & Central Asia,Europe & Central Asia (excluding high income),,,0.012833752827147354,0.5464533940145561,-0.0991811179682866,2.2918214285439076,-0.46750207543515687,-0.8021282258243447,0.24704952602630378,6,18,16,18,0.8888888888888888,0.24704952602630378,High
Turkmenistan,TKM,2019,Europe & Central Asia,Europe & Central Asia (excluding high income),,,-0.10190904797666718,0.016288717504745254,-0.06698662100344499,0.33337486583177395,-0.5464821314205506,-0.8103591704527693,-0.19601223125281883,6,18,13,18,0.7222222222222222,-0.19601223125281883,Medium
Turks and Caicos Islands,TCA,2019,Latin America & Caribbean ,,,,0.0022983909850625636,0.0458877720093341,-0.22457051015067328,1.437915530114265,-0.42976812125313907,-0.7820271739268793,0.008289314629661704,6,18,7,18,0.3888888888888889,0.008289314629661704,Low
Tuvalu,TUV,2019,East Asia & Pacific,East Asia & Pacific (excluding high income),,,-0.08416397184174258,0.13749922227421915,-0.3109955382178823,0.3011030433813247,-0.3757971353604888,-0.710885178284768,-0.17387325967488965,6,18,10,18,0.5555555555555556,-0.17387325967488965,Low
Uganda,UGA,2019,Sub-Saharan Africa ,Sub-Saharan Africa (excluding high income),,,-0.4222518793621021,0.18358894425679365,-0.5862721741105783,-0.27477399549704834,-0.5442679281509606,-0.9802209159242494,-0.4373663247980242,6,18,14,18,0.7777777777777778,-0.4373663247980242,Medium
Ukraine,UKR,2019,Europe & Central Asia,Europe & Central Asia (excluding high income),,,0.13302534783137626,0.2967913777656668,-0.10989107285137095,1.5942844836780514,-0.3460617532622221,-0.7522314228140446,0.13598616005790948,6,18,15,18,0.8333333333333334,0.13598616005790948,High
United Arab Emirates,ARE,2019,"Middle East, North Africa, Afghanistan & Pakistan",,,,0.603511136485711,0.27177723048617247,-0.008851754082165875,2.3820385890309232,-0.08127057910411466,-0.8512970463199091,0.38598459608276947,6,18,16,18,0.8888888888888888,0.38598459608276947,High
United Kingdom,GBR,2019,Europe & Central Asia,,,,0.26942270649149674,0.3489930353258572,-0.03632762836260326,1.6383532126827938,-0.4549574812863119,-0.734247537035373,0.17187271796930995,6,18,15,18,0.8333333333333334,0.17187271796930995,High
United States,USA,2019,North America,,,,0.17740429092527665,0.3690805554103913,-0.08035864836272859,1.6274846855656884,-0.5972489166815674,-0.7250548812168041,0.12855118094004267,6,18,15,18,0.8333333333333334,0.12855118094004267,High
Uruguay,URY,2019,Latin America & Caribbean ,,,,0.24509056280827937,0.37509065330208813,-0.07763954737277497,2.2918214285439076,-0.5125479343165109,-0.7348580397208773,0.2644928538740186,6,18,16,18,0.8888888888888888,0.2644928538740186,High
Uzbekistan,UZB,2019,Europe & Central Asia,Europe & Central Asia (excluding high income),,,0.001106406258827644,0.10384852895932357,-0.2162568548052409,1.5464062439715447,-0.4494951090392356,-0.8260874956268189,0.026586953286400077,6,18,16,18,0.8888888888888888,0.026586953286400077,High
Vanuatu,VUT,2019,East Asia & Pacific,East Asia & Pacific (excluding high income),,,-0.09153778803626057,0.18900454546416545,-0.5131654213782995,1.124042510025606,-0.37721435684872406,-0.8020861818569512,-0.07849278210507732,6,18,14,18,0.7777777777777778,-0.07849278210507732,Medium
"Venezuela, RB",VEN,2019,Latin America & Caribbean ,Latin America & Caribbean (excluding high income),,,-0.22878443368132953,0.18358894425679365,-0.2060364596032885,1.0074506478687921,-0.5806370666765704,-0.7628016300552113,-0.097869999648469,6,18,11,18,0.6111111111111112,-0.097869999648469,Medium
Viet Nam,VNM,2019,East Asia & Pacific,East Asia & Pacific (excluding high income),,,0.16029876328861645,0.14715066102930266,-0.2035842335118475,1.4715993113515093,-0.054665883928110226,-0.8026511286919784,0.11969124825624873,6,18,15,18,0.8333333333333334,0.11969124825624873,High
Virgin Islands (U.S.),VIR,2019,Latin America & Caribbean ,,,,-0.06722890021644932,0.18358894425679365,-0.21705303928634992,1.633328821211456,-0.10172122192168605,-0.7188799133403377,0.11867244845057111,6,18,8,18,0.4444444444444444,0.11867244845057111,Low
West Bank and Gaza,PSE,2019,"Middle East, North Africa, Afghanistan & Pakistan","Middle East, North Africa, Afghanistan & Pakistan (excluding high income)",,,-0.06541041139966325,0.195426528185536,-0.14832427279813928,1.6080601620523327,-0.446972577888003,-0.7926105113434256,0.05836148613477291,6,18,15,18,0.8333333333333334,0.05836148613477291,High
World,WLD,2019,Aggregates,,,,-0.028226241155008602,0.07407964874260552,-0.3014647839271702,1.5245927260558148,-0.48662758587665356,-0.8263650668899193,-0.007335217175055235,6,18,16,18,0.8888888888888888,-0.007335217175055235,High
"Yemen, Rep.",YEM,2019,"Middle East, North Africa, Afghanistan & Pakistan","Middle East, North Africa, Afghanistan & Pakistan (excluding high income)",,,-0.4560238698696047,0.18358894425679365,-0.3900446620833741,0.20804241628292952,-0.4274464326876736,-0.8585655904768076,-0.29007486576295616,6,18,9,18,0.5,-0.29007486576295616,Low
Zambia,ZMB,2019,Sub-Saharan Africa ,Sub-Saharan Africa (excluding high income),,,-0.28117881899815456,0.18358894425679365,-0.5605713239119093,-0.19042070188037452,-0.44913822881825793,-0.7908197189117008,-0.34808997471060055,6,18,12,18,0.6666666666666666,-0.34808997471060055,Medium
Zimbabwe,ZWE,2019,Sub-Saharan Africa ,Sub-Saharan Africa (excluding high income),,,-0.25696251513463747,0.19187708941602086,-0.49690469115644925,-0.013392561313292453,-0.5956633780344059,-0.9122897339811163,-0.34722263170064677,6,18,15,18,0.8333333333333334,-0.34722263170064677,High
Afghanistan,AFG,2020,"Middle East, North Africa, Afghanistan & Pakistan","Middle East, North Africa, Afghanistan & Pakistan (excluding high income)",,,-0.39572678933893995,-0.17239828929951853,-0.46817778578356445,0.12823542270662494,-0.5386091625181634,-0.7957684060507648,-0.3737408350473877,6,18,14,18,0.7777777777777778,-0.3737408350473877,Medium
Africa Eastern and Southern,AFE,2020,Aggregates,,,,-0.329550949786273,-0.21495566530252264,-0.5085055670007006,0.9822193350939501,-0.5297841518571524,-0.764147497526075,-0.2274540827297956,6,18,16,18,0.8888888888888888,-0.2274540827297956,High
Africa Western and Central,AFW,2020,Aggregates,,,,-0.20720559735401442,-0.2553893318580214,-0.5400610905371774,-0.28610454828499343,-0.4752414664750801,-0.8186564400312456,-0.4304430790900888,6,18,15,18,0.8333333333333334,-0.4304430790900888,High
Albania,ALB,2020,Europe & Central Asia,Europe & Central Asia (excluding high income),,,-0.02161659781509836,0.21681935642058944,-0.11665026927273452,1.4847601603783913,-0.4807787305944531,-0.7121220403057601,0.06173531313515577,6,18,16,18,0.8888888888888888,0.06173531313515577,High
Algeria,DZA,2020,"Middle East, North Africa, Afghanistan & Pakistan","Middle East, North Africa, Afghanistan & Pakistan (excluding high income)",,,-0.041492890125381245,0.17242038453898256,-0.19672006396885067,-0.07521907363666924,-0.5652600411966567,-0.7242530939823313,-0.2384207963951511,6,18,14,18,0.7777777777777778,-0.2384207963951511,Medium
American Samoa,ASM,2020,East Asia & Pacific,,,,0.006869275487163771,0.15478437751288768,-0.24502890449075979,1.0779147622419483,-0.12069586610740408,-0.6755740522420659,0.03304493206696165,6,18,7,18,0.3888888888888889,0.03304493206696165,Low
Andorra,AND,2020,Europe & Central Asia,,,,0.20638473028634327,0.0576075465299993,-0.17391356304372593,1.5838408569386813,-0.497252260917516,-0.698227590434989,0.07973995322646547,6,18,13,18,0.7222222222222222,0.07973995322646547,Medium
Angola,AGO,2020,Sub-Saharan Africa ,Sub-Saharan Africa (excluding high income),,,-0.38760111597154934,0.15478437751288768,-0.41006903818576185,-0.1568721193432315,-0.5209105833824101,-0.7446589424760036,-0.34422123697434476,6,18,12,18,0.6666666666666666,-0.34422123697434476,Medium
Antigua and Barbuda,ATG,2020,Latin America & Caribbean ,,,,0.3287841563604664,0.15478437751288768,-0.15923111134977821,1.5301021570993278,-0.41976684170618644,-0.6963760348800273,0.12304945050611499,6,18,11,18,0.6111111111111112,0.12304945050611499,Medium
Arab World,ARB,2020,Aggregates,,,,-0.04165824151382946,-0.034033051344215026,-0.25132564051800627,0.690697113807512,-0.4467160739804206,-0.7994971642382614,-0.1470888429645368,6,18,14,18,0.7777777777777778,-0.1470888429645368,Medium
Argentina,ARG,2020,Latin America & Caribbean ,Latin America & Caribbean (excluding high income),,,0.14332755496145141,0.4363481332682884,-0.18176228228385516,2.265410656396282,-0.6143594702873633,-0.7270988448239754,0.22031095787180463,6,18,16,18,0.8888888888888888,0.22031095787180463,High
Armenia,ARM,2020,Europe & Central Asia,Europe & Central Asia (excluding high income),,,0.08756852143196354,0.18835600312325196,-0.20053723276593796,1.5543197469922234,-0.46227458364385116,-0.7620835553612028,0.06755814996274118,6,18,16,18,0.8888888888888888,0.06755814996274118,High
Aruba,ABW,2020,Latin America & Caribbean ,,,,0.11400391977206585,0.3085571105904305,-0.23537823531736693,1.5301021570993278,-0.33244862105613615,-0.7295884126489395,0.10920798640656361,6,18,8,18,0.4444444444444444,0.10920798640656361,Low
Australia,AUS,2020,East Asia & Pacific,,,,0.1683745205062044,0.5349144813983941,-0.03201806587066206,1.5301021570993278,-0.5322044345315783,-0.6926211136776703,0.16275792415400261,6,18,14,18,0.7777777777777778,0.16275792415400261,Medium
Austria,AUT,2020,Europe & Central Asia,,,,0.17508614301567194,0.33289215723103627,-0.042633509240327876,1.6129998700563728,-0.355357848892506,-0.7012086429148677,0.17029636154256322,6,18,15,18,0.8333333333333334,0.17029636154256322,High
Azerbaijan,AZE,2020,Europe & Central Asia,Europe & Central Asia (excluding high income),,,0.06538964077421626,0.11175709528372695,-0.1396367936535443,1.4158852371779254,-0.44740385681455147,-0.7531419203867641,0.04214156706350145,6,18,15,18,0.8333333333333334,0.04214156706350145,High
"Bahamas, The",BHS,2020,Latin America & Caribbean ,,,,0.15481114307778018,0.15478437751288768,-0.19658945871668698,1.5301021570993278,-0.5676804909900829,-0.6836379863080903,0.06529829027918922,6,18,11,18,0.6111111111111112,0.06529829027918922,Medium
Bahrain,BHR,2020,"Middle East, North Africa, Afghanistan & Pakistan",,,,0.1482349888277689,0.1760652347858198,-0.05502223960987233,1.5003965600283404,-0.2245899031613803,-0.8074774834508004,0.12293452623664601,6,18,14,18,0.7777777777777778,0.12293452623664601,Medium
Bangladesh,BGD,2020,South Asia,South Asia,,,-0.13806846101459933,-0.08201777880340007,-0.4682942715490077,0.32950697829047554,-0.5826247363557289,-0.8131885410085196,-0.29244780174013,6,18,16,18,0.8888888888888888,-0.29244780174013,High
Barbados,BRB,2020,Latin America & Caribbean ,,,,0.11571027288921658,0.21602821885066406,-0.1751649521137486,1.5301021570993278,-0.5160525500270375,-0.7047123188470364,0.07765180464189764,6,18,12,18,0.6666666666666666,0.07765180464189764,Medium
Belarus,BLR,2020,Europe & Central Asia,Europe & Central Asia (excluding high income),,,0.2040169256261247,0.2978691654283525,-0.061532872687738195,1.591622310799209,-0.2655539211986904,-0.704195054685043,0.1770377588803691,6,18,15,18,0.8333333333333334,0.1770377588803691,High
Belgium,BEL,2020,Europe & Central Asia,,,,0.1595143510770913,0.4770145352762854,-0.037330092277056144,2.402508317081889,-0.1488396681798665,-0.6951981758298121,0.35961154452475513,6,18,16,18,0.8888888888888888,0.35961154452475513,High
Belize,BLZ,2020,Latin America & Caribbean ,Latin America & Caribbean (excluding high income),,,-0.16262631939228253,0.056619939453001554,-0.2608825414980245,1.5979650948197754,-0.4479258831474778,-0.7395440714316918,0.007267703133883419,6,18,14,18,0.7777777777777778,0.007267703133883419,Medium
Benin,BEN,2020,Sub-Saharan Africa ,Sub-Saharan Africa (excluding high income),,,-0.2812656285853447,-0.14728012747338412,-0.5747799105225779,0.029238501162445512,-0.5222797780446563,-0.819635103000459,-0.38600034107732945,6,18,14,18,0.7777777777777778,-0.38600034107732945,Medium
Bermuda,BMU,2020,North America,,,,0.0870641595087633,0.15478437751288768,-0.2140225116527633,1.5301021570993278,-0.4613280686991266,-0.6826212720166552,0.06899647362540563,6,18,8,18,0.4444444444444444,0.06899647362540563,Low
Bhutan,BTN,2020,South Asia,South Asia,,,-0.046719144542662155,0.03722466375650688,-0.24050459228880847,1.4884599790525073,-0.4691400174806643,-0.7797186167769606,-0.0017329547133469088,6,18,14,18,0.7777777777777778,-0.0017329547133469088,Medium
Bolivia,BOL,2020,Latin America & Caribbean ,Latin America & Caribbean (excluding high income),,,-0.06899122759838738,0.15469886334499464,-0.27632220022678095,0.6219354629363663,-0.6007377550286467,-0.7909097902391706,-0.1600544411352708,6,18,15,18,0.8333333333333334,-0.1600544411352708,High
Bosnia and Herzegovina,BIH,2020,Europe & Central Asia,Europe & Central Asia (excluding high income),,,0.0553013711039879,0.11744740928297441,-0.2754380169303432,2.145207920037533,-0.3990494737294783,-0.7538056516679452,0.14827725968278813,6,18,15,18,0.8333333333333334,0.14827725968278813,High
Botswana,BWA,2020,Sub-Saharan Africa ,Sub-Saharan Africa (excluding high income),,,0.10537533811990057,0.0630881434882546,-0.3386703237123834,1.1386452275277696,-0.4363684898487456,-0.7161385913949783,-0.030678115970030412,6,18,14,18,0.7777777777777778,-0.030678115970030412,Medium
Brazil,BRA,2020,Latin America & Caribbean ,Latin America & Caribbean (excluding high income),,,0.03577796653304422,0.23609750742889943,-0.20378333720073036,2.3535830089106713,-0.5840061603376662,-0.7212084988276081,0.18607674775110175,6,18,17,18,0.9444444444444444,0.18607674775110175,High
British Virgin Islands,VGB,2020,Latin America & Caribbean ,,,,-0.01022513177649447,0.029422673238880093,-0.23012578625737848,1.5301021570993278,-0.4716248400966623,-0.7386903135048497,0.018143126450470486,6,18,7,18,0.3888888888888889,0.018143126450470486,Low
Brunei Darussalam,BRN,2020,East Asia & Pacific,,,,0.15833429397830598,0.06376513278435512,-0.18057624539934158,2.2379816049812002,-0.2949443828026837,-0.6916987705548584,0.21547693883116295,6,18,14,18,0.7777777777777778,0.21547693883116295,Medium
Bulgaria,BGR,2020,Europe & Central Asia,,,,0.0988113572587939,0.3205033503938293,-0.12818809212531931,2.391670802281106,-0.3023206475375247,-0.7323255795424993,0.27469186512139765,6,18,15,18,0.8333333333333334,0.27469186512139765,High
Burkina Faso,BFA,2020,Sub-Saharan Africa ,Sub-Saharan Africa (excluding high income),,,-0.2515368067860171,-0.17364788593804606,-0.5461879499137697,-0.2427311567044302,-0.4716511017032477,-0.8093558017357577,-0.41585178379687804,6,18,14,18,0.7777777777777778,-0.41585178379687804,Medium
Burundi,BDI,2020,Sub-Saharan Africa ,Sub-Saharan Africa (excluding high income),,,-0.4527055322304365,-0.07991259206928887,-0.5860225518236958,-0.29685095735592465,-0.4631722731921104,-0.9514829313287704,-0.47169113966670445,6,18,14,18,0.7777777777777778,-0.47169113966670445,Medium
Cabo Verde,CPV,2020,Sub-Saharan Africa ,Sub-Saharan Africa (excluding high income),,,-0.025529796720614912,0.17860339163947128,-0.2607484063741807,1.1063867144718813,-0.4815229398761642,-0.7362012059322053,-0.03650204046530209,6,18,13,18,0.7222222222222222,-0.03650204046530209,Medium
Cambodia,KHM,2020,East Asia & Pacific,East Asia & Pacific (excluding high income),,,-0.012076072269433238,-0.13774655163748942,-0.4166240098957071,0.6709125039011266,-0.2709942904208792,-0.7431368559156235,-0.15161087937300097,6,18,15,18,0.8333333333333334,-0.15161087937300097,High
Cameroon,CMR,2020,Sub-Saharan Africa ,Sub-Saharan Africa (excluding high income),,,-0.21724283517990675,0.0389091210519237,-0.49281629011066097,-0.20099627955741836,-0.5739901565970141,-0.8198535582750136,-0.37766499977801504,6,18,13,18,0.7222222222222222,-0.37766499977801504,Medium
Canada,CAN,2020,North America,,,,0.10801108052262931,0.31336917034750594,-0.08027141173762613,1.6071325017590754,-0.49001376497945254,-0.686494271829127,0.12862221734716753,6,18,15,18,0.8333333333333334,0.12862221734716753,High
Caribbean small states,CSS,2020,Aggregates,,,,0.04734759453142024,0.13519616920608096,-0.2115441071491264,1.5301021570993278,-0.48799826466274404,-0.7139745429656345,0.04985483434322067,6,18,10,18,0.5555555555555556,0.04985483434322067,Low
Cayman Islands,CYM,2020,Latin America & Caribbean ,,,,0.2665251062974558,0.12841429767201742,-0.22188000601266542,1.5301021570993278,-0.33630239899005837,-0.7386290391673502,0.10470501948312116,6,18,8,18,0.4444444444444444,0.10470501948312116,Low
Central African Republic,CAF,2020,Sub-Saharan Africa ,Sub-Saharan Africa (excluding high income),,,-0.2396120771028537,0.15478437751288768,-0.6258147952734607,-0.06605009263797113,-0.512314613677139,-0.794242757732411,-0.347208326485158,6,18,10,18,0.5555555555555556,-0.347208326485158,Low
Central Europe and the Baltics,CEB,2020,Aggregates,,,,0.11492736244644149,0.2824531962153549,-0.06796532554745274,2.317133900844,-0.2892259406564544,-0.7161660949142874,0.27352618306460025,6,18,14,18,0.7777777777777778,0.27352618306460025,Medium
Chad,TCD,2020,Sub-Saharan Africa ,Sub-Saharan Africa (excluding high income),,,-0.45356442429859767,-0.0004676457423888891,-0.593742381188074,-0.6108173673168336,-0.5534267141590269,-0.8214684181361513,-0.505581158473512,6,18,14,18,0.7777777777777778,-0.505581158473512,Medium
Channel Islands,CHI,2020,Europe & Central Asia,,,,0.006869275487163771,0.15478437751288768,-0.21598512030689876,1.5301021570993278,-0.48666113461295574,-0.7328530387925519,0.04270941939782882,6,18,3,18,0.16666666666666666,0.04270941939782882,Low
Chile,CHL,2020,Latin America & Caribbean ,,,,0.1730802729364039,0.34138650343851906,-0.07032070347142481,2.242127615331067,-0.5037904976810744,-0.7408401634212226,0.240273837855378,6,18,16,18,0.8888888888888888,0.240273837855378,High
China,CHN,2020,East Asia & Pacific,East Asia & Pacific (excluding high income),,,0.13126128403750714,0.22112289223674594,-0.16043832746437234,2.317133900844,-0.5558822991231391,-0.7808053176593153,0.19539868881190436,6,18,15,18,0.8333333333333334,0.19539868881190436,High
Colombia,COL,2020,Latin America & Caribbean ,Latin America & Caribbean (excluding high income),,,0.11126881989931676,0.23156648399000856,-0.2224881272335791,1.8219640728959254,-0.5943151395852672,-0.7895424183497495,0.09307561526944252,6,18,17,18,0.9444444444444444,0.09307561526944252,High
Comoros,COM,2020,Sub-Saharan Africa ,Sub-Saharan Africa (excluding high income),,,-0.23744799116900053,0.15478437751288768,-0.5458279030023995,-0.30221055823703824,-0.5729621373065102,-0.7354613648091247,-0.3731875961685309,6,18,13,18,0.7222222222222222,-0.3731875961685309,Medium
"Congo, Dem. Rep.",COD,2020,Sub-Saharan Africa ,Sub-Saharan Africa (excluding high income),,,-0.45967771935752477,-0.0834687151828607,-0.5784015588663604,-0.03991779983887711,-0.4776049281636749,-0.9465363743007559,-0.4309345159516756,6,18,15,18,0.8333333333333334,-0.4309345159516756,High
"Congo, Rep.",COG,2020,Sub-Saharan Africa ,Sub-Saharan Africa (excluding high income),,,-0.19500541960370713,0.15478437751288768,-0.4549866553150315,-0.2712424154032769,-0.4697997535770906,-0.8044445937088426,-0.3401157433491768,6,18,12,18,0.6666666666666666,-0.3401157433491768,Medium
Costa Rica,CRI,2020,Latin America & Caribbean ,,,,0.1957675916293656,0.29992288589245203,-0.1611231225703117,1.8417397073263266,-0.4905486045954734,-0.7389129103296405,0.15780759122545313,6,18,15,18,0.8333333333333334,0.15780759122545313,High
Cote d'Ivoire,CIV,2020,Sub-Saharan Africa ,Sub-Saharan Africa (excluding high income),,,-0.04125128139222604,-0.10725925106440161,-0.46469733230698607,0.22665671418805342,-0.5428483926471167,-0.7508263408237871,-0.28003764734107733,6,18,14,18,0.7777777777777778,-0.28003764734107733,Medium
Croatia,HRV,2020,Europe & Central Asia,,,,0.09809884440984262,0.2973311615276609,-0.052052240016009034,2.357868174086469,-0.3948238589185375,-0.7141357843519641,0.2653810494562437,6,18,16,18,0.8888888888888888,0.2653810494562437,High
Cuba,CUB,2020,Latin America & Caribbean ,Latin America & Caribbean (excluding high income),,,-0.19228249985639553,0.18402320212165504,-0.19472044122150153,0.4188903209756425,-0.6670355906835588,-0.6984190897965457,-0.19159068307678398,6,18,13,18,0.7222222222222222,-0.19159068307678398,Medium
Curacao,CUW,2020,Latin America & Caribbean ,,,,0.023995168571192816,0.28859756275447945,-0.23151302582765773,1.5301021570993278,-0.5155616849715444,-0.7271655174992123,0.06140911002109759,6,18,7,18,0.3888888888888889,0.06140911002109759,Low
Cyprus,CYP,2020,Europe & Central Asia,,,,0.2662685586253086,0.38205917733293737,-0.16751743555938514,2.117116000790661,-0.13328352570275281,-0.7248833133386232,0.2899599103580243,6,18,16,18,0.8888888888888888,0.2899599103580243,High
Czechia,CZE,2020,Europe & Central Asia,,,,0.18968416285650216,0.24858426165135836,-0.04251297703661721,1.6103440001497535,-0.24944867287858954,-0.7069688845770736,0.1749469816942223,6,18,15,18,0.8333333333333334,0.1749469816942223,High
Denmark,DNK,2020,Europe & Central Asia,,,,0.275566943865767,0.4114733293817088,-0.03412737943559951,1.6165939512847396,-0.32314609737441424,-0.689487160927485,0.20947893113245283,6,18,15,18,0.8333333333333334,0.20947893113245283,High
Djibouti,DJI,2020,"Middle East, North Africa, Afghanistan & Pakistan","Middle East, North Africa, Afghanistan & Pakistan (excluding high income)",,,-0.30288256045234574,0.15478437751288768,-0.5463785629844952,0.3306206539456314,0.11127771448025751,-0.8099354966541115,-0.1770856456920293,6,18,11,18,0.6111111111111112,-0.1770856456920293,Medium
Dominica,DMA,2020,Latin America & Caribbean ,Latin America & Caribbean (excluding high income),,,0.0912707771198522,0.20286164838751142,-0.24609590903008646,1.5301021570993278,-0.5081934453940583,-0.702932101636382,0.0611688544243608,6,18,11,18,0.6111111111111112,0.0611688544243608,Medium
Dominican Republic,DOM,2020,Latin America & Caribbean ,Latin America & Caribbean (excluding high income),,,-0.05159947453981593,0.15952498364533665,-0.2250331647149311,0.6156467347284972,-0.5579489439191586,-0.7148117517642866,-0.12903693609405972,6,18,17,18,0.9444444444444444,-0.12903693609405972,High
Early-demographic dividend,EAR,2020,Aggregates,,,,-0.05708333340185246,0.0023038337027235603,-0.3273904157411023,1.4149491528453382,-0.5370814863820302,-0.8145277930506173,-0.05313834033792342,6,18,14,18,0.7777777777777778,-0.05313834033792342,Medium
East Asia & Pacific,EAS,2020,Aggregates,,,,0.1372039824733216,0.18133060801414932,-0.24850114635322926,1.5063988986782697,-0.5096898155835655,-0.7713990866431423,0.04922390676430061,6,18,16,18,0.8888888888888888,0.04922390676430061,High
East Asia & Pacific (IDA & IBRD countries),TEA,2020,Aggregates,,,,0.12633197769861426,0.1703991066748776,-0.25490228120435227,1.7012633932008414,-0.5372184879217533,-0.7712782121609184,0.07243258271455154,6,18,15,18,0.8333333333333334,0.07243258271455154,High
East Asia & Pacific (excluding high income),EAP,2020,Aggregates,,,,0.11923693562161371,0.16962060504529666,-0.25801549438592414,1.7012633932008414,-0.537223230526848,-0.7709499291008287,0.07065537997569184,6,18,15,18,0.8333333333333334,0.07065537997569184,High
Ecuador,ECU,2020,Latin America & Caribbean ,Latin America & Caribbean (excluding high income),,,-0.0522435737634922,0.20208859243531876,-0.21914533875252462,1.354566659222703,-0.5656088082073181,-0.7610210225120161,-0.006893915262888202,6,18,17,18,0.9444444444444444,-0.006893915262888202,High
"Egypt, Arab Rep.",EGY,2020,"Middle East, North Africa, Afghanistan & Pakistan","Middle East, North Africa, Afghanistan & Pakistan (excluding high income)",,,-0.0691328348155522,0.07884981551017516,-0.17148329595140455,0.19129723370695148,-0.5644478393915052,-0.8100757935393638,-0.22416545241344984,6,18,15,18,0.8333333333333334,-0.22416545241344984,High
El Salvador,SLV,2020,Latin America & Caribbean ,Latin America & Caribbean (excluding high income),,,0.12510884354251608,-0.003911958499544473,-0.2345355792777597,0.670082108868221,-0.4784019021300164,-0.7748238597721118,-0.1160803912114492,6,18,14,18,0.7777777777777778,-0.1160803912114492,Medium
Equatorial Guinea,GNQ,2020,Sub-Saharan Africa ,Sub-Saharan Africa (excluding high income),,,-0.31349633978056457,0.15478437751288768,-0.5066992754284935,-0.19263059975359095,-0.43538950850821273,-0.818131553626058,-0.35192714993067203,6,18,12,18,0.6666666666666666,-0.35192714993067203,Medium
Eritrea,ERI,2020,Sub-Saharan Africa ,Sub-Saharan Africa (excluding high income),,,-0.4166970637019423,0.15478437751288768,-0.5295057763536182,0.17733651900765138,-0.4716248400966623,-0.7786569058972258,-0.3107272815881516,6,18,9,18,0.5,-0.3107272815881516,Low
Estonia,EST,2020,Europe & Central Asia,,,,0.2855310591802618,0.31232818783466904,-0.0518025661654653,2.3977992828957406,-0.21036716697929148,-0.6856849125553897,0.34130064736842086,6,18,16,18,0.8888888888888888,0.34130064736842086,High
Eswatini,SWZ,2020,Sub-Saharan Africa ,Sub-Saharan Africa (excluding high income),,,-0.1102036386013346,0.15478437751288768,-0.4215552406328065,0.301109611440987,-0.4020425280662026,-0.7269415107396601,-0.2008081548476882,6,18,13,18,0.7222222222222222,-0.2008081548476882,Medium
Ethiopia,ETH,2020,Sub-Saharan Africa ,Sub-Saharan Africa (excluding high income),,,-0.4715975009601352,0.15478437751288768,-0.5524887708627478,-0.030247518321841176,-0.5883738214305789,-0.7579980302515322,-0.3743202107189913,6,18,12,18,0.6666666666666666,-0.3743202107189913,Medium
Euro area,EMU,2020,Aggregates,,,,0.15411461657254596,0.3152837336217497,-0.04565504461038267,2.317133900844,-0.4191482891280936,-0.7024467382325144,0.2698803631778841,6,18,13,18,0.7222222222222222,0.2698803631778841,Medium
Europe & Central Asia,ECS,2020,Aggregates,,,,0.1737734530791554,0.3183614913052266,-0.10047562731153807,2.376079874371119,-0.4320970014470921,-0.7160651131314205,0.2699295128109083,6,18,17,18,0.9444444444444444,0.2699295128109083,High
Europe & Central Asia (IDA & IBRD countries),TEC,2020,Aggregates,,,,0.1360391248188886,0.30264390494974885,-0.13727859482563767,1.9779919049329209,-0.4682293725511321,-0.7316279808447118,0.1799231644133461,6,18,16,18,0.8888888888888888,0.1799231644133461,High
Europe & Central Asia (excluding high income),ECA,2020,Aggregates,,,,0.03956773180176154,0.2987008073246768,-0.15685870604138602,1.7389956668750857,-0.4555865595017656,-0.7490427588131049,0.11929603027421122,6,18,16,18,0.8888888888888888,0.11929603027421122,High
European Union,EUU,2020,Aggregates,,,,0.14685274329957354,0.3072249928404893,-0.04881504685574042,2.317133900844,-0.40828655675283027,-0.7042721422708184,0.2683063151841123,6,18,13,18,0.7222222222222222,0.2683063151841123,Medium
Faroe Islands,FRO,2020,Europe & Central Asia,,,,0.1093998598078445,0.15478437751288768,-0.21021662983560918,1.5301021570993278,-0.355703062120782,-0.7368014088833356,0.08192754893005555,6,18,7,18,0.3888888888888889,0.08192754893005555,Low
Fiji,FJI,2020,East Asia & Pacific,East Asia & Pacific (excluding high income),,,-0.027389770437318713,0.2796095934050613,-0.3700950559038991,0.9729799772986817,-0.4695660826626096,-0.6855413902965996,-0.05000045476611398,6,18,14,18,0.7777777777777778,-0.05000045476611398,Medium
Finland,FIN,2020,Europe & Central Asia,,,,0.2366597519692468,0.5065540231923601,-0.05061446301460227,1.6156023890570532,-0.4389742380070932,-0.6790293283039072,0.19836635581550963,6,18,15,18,0.8333333333333334,0.19836635581550963,High
France,FRA,2020,Europe & Central Asia,,,,0.19165173821607617,0.2730246480523757,-0.049753518702382794,1.615150075793613,-0.5041189864674601,-0.6935250474127814,0.13873815157990674,6,18,15,18,0.8333333333333334,0.13873815157990674,High
French Polynesia,PYF,2020,East Asia & Pacific,,,,0.09257022663206609,0.15478437751288768,-0.21048205035762316,1.5831656711426139,-0.560226308622719,-0.7318065160968811,0.05466756670172407,6,18,8,18,0.4444444444444444,0.05466756670172407,Low
Gabon,GAB,2020,Sub-Saharan Africa ,Sub-Saharan Africa (excluding high income),,,0.03483797321247526,0.15478437751288768,-0.2527885457355557,0.3230626791620113,-0.451663502733947,-0.7828832402341765,-0.16244170980271752,6,18,11,18,0.6111111111111112,-0.16244170980271752,Medium
"Gambia, The",GMB,2020,Sub-Saharan Africa ,Sub-Saharan Africa (excluding high income),,,-0.15747672759272907,0.15478437751288768,-0.5738480243990316,0.16669124322431697,-0.5234132303052833,-0.8791728976785995,-0.3020725432064065,6,18,13,18,0.7222222222222222,-0.3020725432064065,Medium
Georgia,GEO,2020,Europe & Central Asia,Europe & Central Asia (excluding high income),,,0.15933495647355436,0.32649869591273023,-0.19118350979804152,2.2960974153904936,-0.37902748630963434,-0.7705257195089287,0.2401990586933623,6,18,17,18,0.9444444444444444,0.2401990586933623,High
Germany,DEU,2020,Europe & Central Asia,,,,0.26217065223268093,0.2739413988600423,-0.036107551353704324,1.616572132333464,-0.4419049649875941,-0.6943722204600863,0.16338324110413377,6,18,15,18,0.8333333333333334,0.16338324110413377,High
Ghana,GHA,2020,Sub-Saharan Africa ,Sub-Saharan Africa (excluding high income),,,0.008401659586207633,-0.012235913823177938,-0.48033819372150827,-0.17539758291354,-0.4546694818506367,-0.7775135034582279,-0.31529216936348053,6,18,15,18,0.8333333333333334,-0.31529216936348053,High
Gibraltar,GIB,2020,Europe & Central Asia,,,,0.138965536846875,0.18633708109869884,-0.20832529876108227,1.6168804711640796,-0.4716248400966623,-0.7382740701628614,0.08732648001484127,6,18,7,18,0.3888888888888889,0.08732648001484127,Low
Greece,GRC,2020,Europe & Central Asia,,,,0.13167364784702654,0.533782149667273,-0.045827612638662106,1.6079457748673551,-0.46813456140657417,-0.7151567835182665,0.174047102469692,6,18,15,18,0.8333333333333334,0.174047102469692,High
Greenland,GRL,2020,Europe & Central Asia,,,,0.10185189694027459,0.15478437751288768,-0.24992182320596537,1.5301021570993278,-0.39271829345540094,-0.6709727955927808,0.07885425321639049,6,18,8,18,0.4444444444444444,0.07885425321639049,Low
Grenada,GRD,2020,Latin America & Caribbean ,Latin America & Caribbean (excluding high income),,,0.027979608492800023,0.19974508793267032,-0.23462382606976215,1.5301021570993278,-0.5036047984668951,-0.7044374475555761,0.0525267969054275,6,18,11,18,0.6111111111111112,0.0525267969054275,Medium
Guam,GUM,2020,East Asia & Pacific,,,,-0.030270584760276654,0.15478437751288768,-0.23494406110071472,1.6108848438541272,-0.4975376734828485,-0.6755973673737188,0.05455325577490936,6,18,8,18,0.4444444444444444,0.05455325577490936,Low
Guatemala,GTM,2020,Latin America & Caribbean ,Latin America & Caribbean (excluding high income),,,-0.06620815020178049,0.014416331498106227,-0.40599203639524656,0.3753859913407401,-0.5506343660590257,-0.7820720136030678,-0.23585070723671234,6,18,14,18,0.7777777777777778,-0.23585070723671234,Medium
Guinea,GIN,2020,Sub-Saharan Africa ,Sub-Saharan Africa (excluding high income),,,-0.1882871408094627,0.15478437751288768,-0.5942083242498472,-0.31730037757112156,-0.26855693117396345,-0.7691358929280216,-0.3304507148699215,6,18,12,18,0.6666666666666666,-0.3304507148699215,Medium
Guinea-Bissau,GNB,2020,Sub-Saharan Africa ,Sub-Saharan Africa (excluding high income),,,-0.2528520039823568,0.15478437751288768,-0.5871732899914083,0.0011706978245115685,-0.5311222878797451,-0.7868522412364006,-0.3336741246254186,6,18,12,18,0.6666666666666666,-0.3336741246254186,Medium
Guyana,GUY,2020,Latin America & Caribbean ,,,,-0.02309572377637765,0.11891575640222231,-0.21509657593545015,0.3531205917440641,-0.30051068065265296,-0.7226303097331379,-0.13154949032522203,6,18,13,18,0.7222222222222222,-0.13154949032522203,Medium
Haiti,HTI,2020,Latin America & Caribbean ,Latin America & Caribbean (excluding high income),,,-0.2912617972780516,0.15478437751288768,-0.5673001124324465,-0.3297045490373998,-0.5683012577805701,-0.7244053313743916,-0.38769811173166197,6,18,12,18,0.6666666666666666,-0.38769811173166197,Medium
Heavily indebted poor countries (HIPC),HPC,2020,Aggregates,,,,-0.1592656624490524,-0.2526568234551313,-0.5305174779192591,-0.1713611625599897,-0.527357997604522,-0.7813472789662496,-0.403751067159034,6,18,14,18,0.7777777777777778,-0.403751067159034,Medium
Honduras,HND,2020,Latin America & Caribbean ,Latin America & Caribbean (excluding high income),,,-0.24467820012434505,0.0378236287916747,-0.38448452824839857,0.27963818235328997,-0.4110923398559346,-0.7992008311720263,-0.25366568137595663,6,18,14,18,0.7777777777777778,-0.25366568137595663,Medium
"Hong Kong SAR, China",HKG,2020,East Asia & Pacific,,,,0.8315793369641643,0.3328915830280127,-0.19976062474312317,1.6168804711640796,0.5314487497771959,-0.7303182185069685,0.3971202162805601,6,18,11,18,0.6111111111111112,0.3971202162805601,Medium
Hungary,HUN,2020,Europe & Central Asia,,,,0.1305157867571982,0.2204659246561097,-0.10537052127175987,2.3940464897598353,-0.15349198828307745,-0.7108718032634777,0.29588231472580473,6,18,15,18,0.8333333333333334,0.29588231472580473,High
IBRD only,IBD,2020,Aggregates,,,,0.012705408316202168,0.12242117493072951,-0.2617121891675072,1.8320626126829485,-0.5309036513206689,-0.7862720505620899,0.06471688414660237,6,18,16,18,0.8888888888888888,0.06471688414660237,High
IDA & IBRD total,IBT,2020,Aggregates,,,,-0.06216317001871426,0.019949583378207753,-0.32301187446885776,1.3840241209989446,-0.5327655967702746,-0.7949027032803784,-0.051478273360178795,6,18,16,18,0.8888888888888888,-0.051478273360178795,High
IDA blend,IDB,2020,Aggregates,,,,-0.23498568747639972,-0.21697577368440388,-0.46608329582407965,0.3863982408326742,-0.4722637191076335,-0.8173069299490979,-0.3035361942014901,6,18,15,18,0.8333333333333334,-0.3035361942014901,High
IDA only,IDX,2020,Aggregates,,,,-0.2861335281210457,-0.2002104014268606,-0.5027857805224343,-0.18047373913276363,-0.5246388373841501,-0.8023518117112891,-0.4160990163830906,6,18,16,18,0.8888888888888888,-0.4160990163830906,High
IDA total,IDA,2020,Aggregates,,,,-0.2677781953845268,-0.20762281349855272,-0.48990307339539724,0.021900635171463945,-0.5442036752600258,-0.9410389357442622,-0.40477434301855014,6,18,17,18,0.9444444444444444,-0.40477434301855014,High
Iceland,ISL,2020,Europe & Central Asia,,,,0.23256282211519497,0.31411383344737775,-0.0572092964462036,1.6168804586174288,-0.4709105378947125,-0.6855274286905626,0.15831830852475381,6,18,14,18,0.7777777777777778,0.15831830852475381,Medium
India,IND,2020,South Asia,South Asia,,,-0.21170365123878895,-0.015166961267910358,-0.324857935828153,1.5096638134352676,-0.5748247479858066,-0.8136725845839967,-0.07176034457823134,6,18,15,18,0.8333333333333334,-0.07176034457823134,High
Indonesia,IDN,2020,East Asia & Pacific,East Asia & Pacific (excluding high income),,,-0.0007432146129318778,0.15471086838362985,-0.26569375659800054,1.5401415105892748,-0.5783182370685097,-0.7652237163167208,0.01414557572945698,6,18,17,18,0.9444444444444444,0.01414557572945698,High
"Iran, Islamic Rep.",IRN,2020,"Middle East, North Africa, Afghanistan & Pakistan","Middle East, North Africa, Afghanistan & Pakistan (excluding high income)",,,0.1577411410187279,0.1463495064811444,-0.17906899019193892,1.595357179219077,-0.516727239824667,-0.816826105869831,0.0644709151387521,6,18,16,18,0.8888888888888888,0.0644709151387521,High
Iraq,IRQ,2020,"Middle East, North Africa, Afghanistan & Pakistan","Middle East, North Africa, Afghanistan & Pakistan (excluding high income)",,,-0.10506094931739852,0.15478437751288768,-0.21086072991933047,0.17877880884378383,-0.5299701396918658,-0.818070621314355,-0.2217332089810464,6,18,12,18,0.6666666666666666,-0.2217332089810464,Medium
Ireland,IRL,2020,Europe & Central Asia,,,,0.1419369830394832,0.3939429242527799,-0.038173817703031215,1.5962823429434962,0.24947378898838213,-0.6937868815000464,0.27494589000351066,6,18,15,18,0.8333333333333334,0.27494589000351066,High
Isle of Man,IMN,2020,Europe & Central Asia,,,,0.006869275487163771,0.15478437751288768,-0.21707585065604962,1.6134557539454348,-0.4857061022003055,-0.7320347870246741,0.05671544451074286,6,18,5,18,0.2777777777777778,0.05671544451074286,Low
Israel,ISR,2020,"Middle East, North Africa, Afghanistan & Pakistan",,,,0.25362274388653067,0.21051836642981447,-0.026904056656078406,1.6151663483559329,-0.5163913179634191,-0.7455812584406041,0.1317384709353627,6,18,15,18,0.8333333333333334,0.1317384709353627,High
Italy,ITA,2020,Europe & Central Asia,,,,0.15164846476230687,0.2628647136658842,-0.04615477147730563,2.3917850754652603,-0.5238230099156927,-0.7168976472072862,0.2532371375488611,6,18,16,18,0.8888888888888888,0.2532371375488611,High
Jamaica,JAM,2020,Latin America & Caribbean ,Latin America & Caribbean (excluding high income),,,0.01495772953407056,0.11938795618376795,-0.22885954561615926,0.7664339906588644,-0.4842711232969397,-0.743542168127815,-0.09264886011070184,6,18,11,18,0.6111111111111112,-0.09264886011070184,Medium
Japan,JPN,2020,East Asia & Pacific,,,,0.3255181400104737,0.23843826394542636,-0.02368756870562655,1.6119080544716677,-0.5908845450740229,-0.7039001732196883,0.14289869523803836,6,18,15,18,0.8333333333333334,0.14289869523803836,High
Jordan,JOR,2020,"Middle East, North Africa, Afghanistan & Pakistan","Middle East, North Africa, Afghanistan & Pakistan (excluding high income)",,,-0.1367303301358877,0.0861170891469535,-0.18703944044560436,0.6460767493943046,-0.4643808188296585,-0.7924030570637935,-0.141393301322281,6,18,13,18,0.7222222222222222,-0.141393301322281,Medium
Kazakhstan,KAZ,2020,Europe & Central Asia,Europe & Central Asia (excluding high income),,,0.12997248716129536,0.205263997121247,-0.14075576297613596,1.58399633673213,-0.49683312584792105,-0.7369205452459765,0.0907872311574398,6,18,15,18,0.8333333333333334,0.0907872311574398,High
Kenya,KEN,2020,Sub-Saharan Africa ,Sub-Saharan Africa (excluding high income),,,-0.15409355752288093,0.15478437751288768,-0.5084465619101428,1.7470569436211907,-0.584986603397271,-0.894303619451235,-0.03999817019124189,6,18,13,18,0.7222222222222222,-0.03999817019124189,Medium
Kiribati,KIR,2020,East Asia & Pacific,East Asia & Pacific (excluding high income),,,-0.3206016721542807,0.1810041984758135,-0.5350653242497753,0.09852687553795762,-0.41828746458524574,-0.6845311803871348,-0.2798257612271109,6,18,13,18,0.7222222222222222,-0.2798257612271109,Medium
"Korea, Dem. People's Rep.",PRK,2020,East Asia & Pacific,East Asia & Pacific (excluding high income),,,-0.28715748090585164,0.15478437751288768,-0.5076099823219592,0.14249633847068718,-0.4716248400966623,-0.7445240833472067,-0.2856059451146841,6,18,8,18,0.4444444444444444,-0.2856059451146841,Low
"Korea, Rep.",KOR,2020,East Asia & Pacific,,,,0.3115527986164911,0.34548614970919234,-0.05592648942099637,1.613299648561316,-0.4560789055105679,-0.7360023980928174,0.1703884673104363,6,18,15,18,0.8333333333333334,0.1703884673104363,High
Kuwait,KWT,2020,"Middle East, North Africa, Afghanistan & Pakistan",,,,0.23785091683656026,0.19231706566298024,-0.14652365939585016,1.776773645282886,-0.4087897266272626,-0.8068793367804,0.1407914841631523,6,18,15,18,0.8333333333333334,0.1407914841631523,High
Kyrgyz Republic,KGZ,2020,Europe & Central Asia,Europe & Central Asia (excluding high income),,,-0.004072953370610324,0.146163908519423,-0.27634337945686155,1.3581438443761733,-0.4375372122697924,-0.7700489271836787,0.002717546769108866,6,18,16,18,0.8888888888888888,0.002717546769108866,High
Lao PDR,LAO,2020,East Asia & Pacific,East Asia & Pacific (excluding high income),,,-0.24174151925915846,-0.07440752574817501,-0.5349453086126519,-0.18965800700476906,-0.4575866590537054,-0.7683293227457252,-0.3777780570706975,6,18,14,18,0.7777777777777778,-0.3777780570706975,Medium
Late-demographic dividend,LTE,2020,Aggregates,,,,0.12219000984500465,0.20909461668836102,-0.2078334876277296,2.010551573052076,-0.5033688833649465,-0.7631187957497478,0.1445858388071696,6,18,14,18,0.7777777777777778,0.1445858388071696,Medium
Latin America & Caribbean ,LCN,2020,Aggregates,,,,0.015388110793077997,0.20842224927731,-0.23582285442141226,1.7380629484768744,-0.5487340802949001,-0.746691527359029,0.07177080774532017,6,18,17,18,0.9444444444444444,0.07177080774532017,High
Latin America & Caribbean (excluding high income),LAC,2020,Aggregates,,,,0.014823331324262048,0.20069936229947447,-0.2392009787576834,1.4874436495294934,-0.5551859151748156,-0.7294244974718859,0.02985915862480752,6,18,16,18,0.8888888888888888,0.02985915862480752,High
Latin America & the Caribbean (IDA & IBRD countries),TLA,2020,Aggregates,,,,0.018882683756376764,0.2077882178368454,-0.23662730063248394,1.740478104091409,-0.5499126563389661,-0.7300051007759082,0.07510065798954547,6,18,16,18,0.8888888888888888,0.07510065798954547,High
Latvia,LVA,2020,Europe & Central Asia,,,,0.1247245352704705,0.36843570178657997,-0.1167866428517902,2.078382798852178,-0.2570459322791911,-0.7097838195524492,0.24798777353763302,6,18,16,18,0.8888888888888888,0.24798777353763302,High
Least developed countries: UN classification,LDC,2020,Aggregates,,,,-0.30660678386562434,-0.223015547275742,-0.5137562305005373,-0.10464809541518995,-0.529595225378033,-0.8038087878026173,-0.4135717783729574,6,18,15,18,0.8333333333333334,-0.4135717783729574,High
Lebanon,LBN,2020,"Middle East, North Africa, Afghanistan & Pakistan","Middle East, North Africa, Afghanistan & Pakistan (excluding high income)",,,-0.07916375193886373,0.07544785970312673,-0.18133771439030663,1.4204311275639725,-0.5785908683102118,-0.7503971336014313,-0.01560174682895236,6,18,14,18,0.7777777777777778,-0.01560174682895236,Medium
Lesotho,LSO,2020,Sub-Saharan Africa ,Sub-Saharan Africa (excluding high income),,,-0.25941865778509904,0.15478437751288768,-0.44283683699212806,-0.18095820677893726,-0.2190429780637216,-0.7638842232181559,-0.2852260875541924,6,18,13,18,0.7222222222222222,-0.2852260875541924,Medium
Liberia,LBR,2020,Sub-Saharan Africa ,Sub-Saharan Africa (excluding high income),,,-0.4659678254010891,-0.03519254277068982,-0.5888535089111359,-0.32721480618576,-0.47166374615761897,-0.7389091004277821,-0.437966921642346,6,18,12,18,0.6666666666666666,-0.437966921642346,Medium
Libya,LBY,2020,"Middle East, North Africa, Afghanistan & Pakistan","Middle East, North Africa, Afghanistan & Pakistan (excluding high income)",,,0.20045046993003837,0.15478437751288768,-0.2460313880479081,1.5301021570993278,-0.6118602061456486,-0.7353765881283789,0.048678137036719714,6,18,10,18,0.5555555555555556,0.048678137036719714,Low
Liechtenstein,LIE,2020,Europe & Central Asia,,,,0.28148711277468547,0.23557111845581613,-0.2133075834958961,1.6168804711640796,-0.4716248400966623,-0.7346656142246917,0.11905677742955523,6,18,9,18,0.5,0.11905677742955523,Low
Lithuania,LTU,2020,Europe & Central Asia,,,,0.19634957373117598,0.29760173511141513,-0.07144931537031342,2.074639962260091,-0.20490345308104932,-0.7030783504137025,0.2648600253729361,6,18,16,18,0.8888888888888888,0.2648600253729361,High
Low & middle income,LMY,2020,Aggregates,,,,-0.012752067934049122,0.016535864168172303,-0.328322008018388,1.3552481067541404,-0.5390689949716317,-0.8433150914750834,-0.05861236524613992,6,18,15,18,0.8333333333333334,-0.05861236524613992,High
Luxembourg,LUX,2020,Europe & Central Asia,,,,0.2873106763963058,0.10924859476303389,-0.03927582642267207,1.6156012873344567,0.6336606591962136,-0.6956820503180213,0.3184772234915527,6,18,15,18,0.8333333333333334,0.3184772234915527,High
"Macao SAR, China",MAC,2020,East Asia & Pacific,,,,0.5929703198758667,0.2798561734030918,-0.20458621761311324,1.6168804711640796,-0.3949768886547245,-0.7385546783148483,0.19193152997672538,6,18,11,18,0.6111111111111112,0.19193152997672538,Medium
Madagascar,MDG,2020,Sub-Saharan Africa ,Sub-Saharan Africa (excluding high income),,,-0.42710358387185443,0.0022740108866619035,-0.5813031133874024,-0.37174993939363166,-0.5449929295934095,-0.7167283626114506,-0.4399339863285144,6,18,14,18,0.7777777777777778,-0.4399339863285144,Medium
Malawi,MWI,2020,Sub-Saharan Africa ,Sub-Saharan Africa (excluding high income),,,-0.4309667012899953,-0.2586051784141071,-0.570678199630302,-0.4917340059328084,-0.5461044545432394,-0.7311999378398902,-0.5048814129417237,6,18,16,18,0.8888888888888888,-0.5048814129417237,High
Malaysia,MYS,2020,East Asia & Pacific,East Asia & Pacific (excluding high income),,,0.1454777934358639,0.05965449555660785,-0.185895762021252,2.0836410463552677,-0.2959253047861199,-0.7169668579697247,0.18166423509510712,6,18,15,18,0.8333333333333334,0.18166423509510712,High
Maldives,MDV,2020,South Asia,South Asia,,,0.16748038883800911,0.0031351605899192503,-0.17781407125023627,1.642092563334578,-0.4037562184977337,-0.7133490453642884,0.08629812960837467,6,18,14,18,0.7777777777777778,0.08629812960837467,Medium
Mali,MLI,2020,Sub-Saharan Africa ,Sub-Saharan Africa (excluding high income),,,-0.14277407198332856,0.15478437751288768,-0.5952390467804364,0.20939525856789318,-0.5011665108158198,-0.7969886951386722,-0.27866478143957935,6,18,11,18,0.6111111111111112,-0.27866478143957935,Medium
Malta,MLT,2020,"Middle East, North Africa, Afghanistan & Pakistan",,,,0.22193465842610172,0.23120266256771893,-0.05355889256239283,2.134678847527471,0.15115657099742463,-0.707240240371933,0.32969560109739837,6,18,16,18,0.8888888888888888,0.32969560109739837,High
Marshall Islands,MHL,2020,East Asia & Pacific,East Asia & Pacific (excluding high income),,,-0.3213752212812412,0.1597536937162428,-0.34628072705467855,1.5301021570993278,-0.30321034552029785,-0.6683498213101542,0.008439955941533128,6,18,12,18,0.6666666666666666,0.008439955941533128,Medium
Mauritania,MRT,2020,Sub-Saharan Africa ,Sub-Saharan Africa (excluding high income),,,-0.10831708287981118,-0.3026545803803499,-0.4037929263385444,-0.0015920792482508883,-0.3895785657378017,-0.8205469635935003,-0.3377470330297097,6,18,15,18,0.8333333333333334,-0.3377470330297097,High
Mauritius,MUS,2020,Sub-Saharan Africa ,Sub-Saharan Africa (excluding high income),,,0.19315049594090714,0.12689619947536449,-0.19594323391593507,1.8292637045105717,-0.3070550715784116,-0.7139534000319255,0.15539311573342848,6,18,14,18,0.7777777777777778,0.15539311573342848,Medium
Mexico,MEX,2020,Latin America & Caribbean ,Latin America & Caribbean (excluding high income),,,-0.0038991923596585856,0.1967070082710293,-0.25852105734403774,1.216848468285683,-0.44533475928713123,-0.7381484742400185,-0.005391334445688974,6,18,16,18,0.8888888888888888,-0.005391334445688974,High
"Micronesia, Fed. Sts.",FSM,2020,East Asia & Pacific,East Asia & Pacific (excluding high income),,,-0.43291395900450896,0.15478437751288768,-0.5277479002569284,0.8424383502759262,-0.36241912275653193,-0.678499218163043,-0.1673929120653664,6,18,11,18,0.6111111111111112,-0.1673929120653664,Medium
"Middle East, North Africa, Afghanistan & Pakistan",MEA,2020,Aggregates,,,,-0.1206531437579677,-0.08750077621514041,-0.28812533520991096,1.4946045078003405,-0.4661870039589718,-0.858160003550566,-0.054336959148702714,6,18,17,18,0.9444444444444444,-0.054336959148702714,High
"Middle East, North Africa, Afghanistan & Pakistan (IDA & IBRD)",TMN,2020,Aggregates,,,,-0.15817567971742838,0.15478437751288768,-0.2989414411169074,1.4569537626055293,-0.5432748864838614,-0.8162171081663402,-0.03414516256102007,6,18,12,18,0.6666666666666666,-0.03414516256102007,Medium
"Middle East, North Africa, Afghanistan & Pakistan (excluding high income)",MNA,2020,Aggregates,,,,-0.15778739383261745,0.15478437751288768,-0.2987948177165785,1.4613196170086349,-0.5427770491756546,-0.8157645662037339,-0.03316997206784367,6,18,12,18,0.6666666666666666,-0.03316997206784367,Medium
Middle income,MIC,2020,Aggregates,,,,0.010319593160376664,0.053566405410670793,-0.30516952243946455,1.4829850349796176,-0.5386187607972105,-0.7992828203095611,-0.016033344999261828,6,18,14,18,0.7777777777777778,-0.016033344999261828,Medium
Moldova,MDA,2020,Europe & Central Asia,Europe & Central Asia (excluding high income),,,0.07666609518720714,0.19884668735422928,-0.1710455918630722,1.4916767312497787,-0.4303300930192931,-0.7121744670360104,0.07560656031213993,6,18,16,18,0.8888888888888888,0.07560656031213993,High
Monaco,MCO,2020,Europe & Central Asia,,,,0.20976738016507931,0.15478437751288768,-0.08888782850874971,1.6168804711640796,-0.5003611447251932,-0.7052380999720165,0.11449085927268121,6,18,11,18,0.6111111111111112,0.11449085927268121,Medium
Mongolia,MNG,2020,East Asia & Pacific,East Asia & Pacific (excluding high income),,,0.06066880773602584,0.2596142283685396,-0.37253582651682965,1.4016021974215305,-0.30829970575993776,-0.8123880581200956,0.038110273854872145,6,18,15,18,0.8333333333333334,0.038110273854872145,High
Montenegro,MNE,2020,Europe & Central Asia,Europe & Central Asia (excluding high income),,,0.346981955134317,0.19188996631897037,-0.22887298285964142,1.8726273746841013,-0.42719470099252294,-0.7373799668759139,0.16967527423488504,6,18,16,18,0.8888888888888888,0.16967527423488504,High
Morocco,MAR,2020,"Middle East, North Africa, Afghanistan & Pakistan","Middle East, North Africa, Afghanistan & Pakistan (excluding high income)",,,0.13302321188133495,0.08437805748150606,-0.20245257557733276,1.5225189930469671,-0.47020817753017985,-0.7300509307822002,0.05620142975334924,6,18,14,18,0.7777777777777778,0.05620142975334924,Medium
Mozambique,MOZ,2020,Sub-Saharan Africa ,Sub-Saharan Africa (excluding high income),,,-0.43249374143128905,0.04394640137159774,-0.5690050404539347,-0.29793607331138655,-0.3463247252690398,-0.7205267879472833,-0.38705666117355597,6,18,14,18,0.7777777777777778,-0.38705666117355597,Medium
Myanmar,MMR,2020,East Asia & Pacific,East Asia & Pacific (excluding high income),,,0.026948986040078577,0.16307038150790273,-0.43055641341706097,-0.3548681319959306,-0.48831893880173477,-0.796748876195483,-0.31341216547703804,6,18,13,18,0.7222222222222222,-0.31341216547703804,Medium
Namibia,NAM,2020,Sub-Saharan Africa ,Sub-Saharan Africa (excluding high income),,,-0.07171380490356315,0.04512497810893131,-0.41552268993151603,1.2802970160181066,-0.4508545427090252,-0.7252504231393067,-0.05631991109272883,6,18,14,18,0.7777777777777778,-0.05631991109272883,Medium
Naoero,NRU,2020,East Asia & Pacific,,,,-0.040748313796459844,0.11483299573292255,-0.23706649727239124,1.1864816352009933,-0.20419271770832012,-0.6808708417429896,0.02307271006895915,6,18,12,18,0.6666666666666666,0.02307271006895915,Medium
Nepal,NPL,2020,South Asia,South Asia,,,-0.04941791254490276,0.01207143372558254,-0.42810668247107175,0.7132409027737205,-0.5549889445129086,-0.8170344076126906,-0.18737260177371176,6,18,14,18,0.7777777777777778,-0.18737260177371176,Medium
Netherlands,NLD,2020,Europe & Central Asia,,,,0.2405684721626079,0.4431070627608246,-0.03498832374781904,1.616759790099886,-0.1626591853347968,-0.694629033093861,0.23469313047447363,6,18,15,18,0.8333333333333334,0.23469313047447363,High
New Caledonia,NCL,2020,East Asia & Pacific,,,,-0.020586530222589855,0.15478437751288768,-0.22957865614696302,1.6050137497012873,-0.5009854642552828,-0.7322939371579277,0.04605892323856862,6,18,8,18,0.4444444444444444,0.04605892323856862,Low
New Zealand,NZL,2020,East Asia & Pacific,,,,0.2169600255657497,0.34076469857384756,-0.045939535399250754,1.6137187286555152,-0.5377268851711996,-0.696109825560839,0.14861120111063716,6,18,14,18,0.7777777777777778,0.14861120111063716,Medium
Nicaragua,NIC,2020,Latin America & Caribbean ,Latin America & Caribbean (excluding high income),,,-0.16646558431984224,0.15478437751288768,-0.3569444694002601,0.5020907257799685,-0.38379271074664906,-0.7450034165807583,-0.16588851295910892,6,18,11,18,0.6111111111111112,-0.16588851295910892,Medium
Niger,NER,2020,Sub-Saharan Africa ,Sub-Saharan Africa (excluding high income),,,-0.4070918249869051,0.15478437751288768,-0.5824185528383139,0.1793280535258582,-0.5524613233785532,-0.8218842495696724,-0.33829058662244976,6,18,11,18,0.6111111111111112,-0.33829058662244976,Medium
Nigeria,NGA,2020,Sub-Saharan Africa ,Sub-Saharan Africa (excluding high income),,,-0.2114944439852946,-0.012670516884416144,-0.5531841555837275,-0.21199874231970303,-0.4835513639786137,-0.8177561466287924,-0.38177589489675795,6,18,13,18,0.7222222222222222,-0.38177589489675795,Medium
North America,NAC,2020,Aggregates,,,,0.14599336295677007,0.34999368962967053,-0.11232517896171042,1.6064093583148311,-0.6011057926520467,-0.6904686843495731,0.11641612582299025,6,18,16,18,0.8888888888888888,0.11641612582299025,High
North Macedonia,MKD,2020,Europe & Central Asia,Europe & Central Asia (excluding high income),,,0.06710796072158566,0.10636646902499525,-0.14463819135208963,2.3354025707229535,-0.24471382487132606,-0.7396800792471905,0.22997415083315476,6,18,15,18,0.8333333333333334,0.22997415083315476,High
Northern Mariana Islands,MNP,2020,East Asia & Pacific,,,,0.006869275487163771,0.15478437751288768,-0.22611585202878515,1.5514173963695015,-0.5050977051424776,-0.6681706253485568,0.052281144474955556,6,18,7,18,0.3888888888888889,0.052281144474955556,Low
Norway,NOR,2020,Europe & Central Asia,,,,0.2118632628903568,0.3918844967320536,-0.021394013057873872,1.6139662046626755,-0.4676575395540137,-0.6830680047710626,0.17426573448368932,6,18,15,18,0.8333333333333334,0.17426573448368932,High
OECD members,OED,2020,Aggregates,,,,0.11821994002211715,0.33041027006753465,-0.12121407660681782,1.5301021570993278,-0.51862018653013,-0.7083927382599967,0.10508422763200585,6,18,13,18,0.7222222222222222,0.10508422763200585,Medium
Oman,OMN,2020,"Middle East, North Africa, Afghanistan & Pakistan",,,,0.21081541191589712,0.18548799361503096,-0.14651651355805875,1.1563768623453032,-0.3669251616962746,-0.8049112773707754,0.03905455254185378,6,18,15,18,0.8333333333333334,0.03905455254185378,High
Other small states,OSS,2020,Aggregates,,,,0.052713763394818806,-0.021823011049158365,-0.3153944812610367,1.8292637045105717,-0.2415879484941347,-0.7256305819252096,0.09625690752930853,6,18,14,18,0.7777777777777778,0.09625690752930853,Medium
Pacific island small states,PSS,2020,Aggregates,,,,-0.13410233773804936,0.00560783689999748,-0.4529571115139397,1.078509236553608,-0.4492344869149556,-0.6906315152454464,-0.1071347296597976,6,18,12,18,0.6666666666666666,-0.1071347296597976,Medium
Pakistan,PAK,2020,"Middle East, North Africa, Afghanistan & Pakistan","Middle East, North Africa, Afghanistan & Pakistan (excluding high income)",,,-0.3267349698577586,0.025399035792351626,-0.40059133272469394,-0.17256885526950008,-0.6009113710531687,-0.8166034821026851,-0.38200182920257575,6,18,14,18,0.7777777777777778,-0.38200182920257575,Medium
Palau,PLW,2020,East Asia & Pacific,,,,0.10796053844826288,0.42977320599920366,-0.21178555629951656,1.5743178448225859,-0.3369559560304765,-0.6795868368549448,0.14728720668085243,6,18,12,18,0.6666666666666666,0.14728720668085243,Medium
Panama,PAN,2020,Latin America & Caribbean ,,,,0.1188559385776053,0.14263559431496017,-0.1848138067918741,1.5301021570993278,-0.508848854531687,-0.7225109134521818,0.06257001920269173,6,18,12,18,0.6666666666666666,0.06257001920269173,Medium
Papua New Guinea,PNG,2020,East Asia & Pacific,East Asia & Pacific (excluding high income),,,-0.43400429438675925,-0.011150093363565641,-0.5429369380963978,1.5301021570993278,-0.472483324697998,-0.7183961253063048,-0.1081447697919496,6,18,10,18,0.5555555555555556,-0.1081447697919496,Low
Paraguay,PRY,2020,Latin America & Caribbean ,Latin America & Caribbean (excluding high income),,,0.05048697149273762,0.14583781371308543,-0.3057472105520928,1.933457852932458,-0.4705491056947395,-0.7443415005846475,0.10152413688446688,6,18,16,18,0.8888888888888888,0.10152413688446688,High
Peru,PER,2020,Latin America & Caribbean ,Latin America & Caribbean (excluding high income),,,0.022051669153178837,0.19678011188336106,-0.2412846939301105,1.3978603759114467,-0.5706269910110507,-0.8069987421749536,-0.0003697116946880426,6,18,16,18,0.8888888888888888,-0.0003697116946880426,High
Philippines,PHL,2020,East Asia & Pacific,East Asia & Pacific (excluding high income),,,0.024820627610147722,0.10862525542237124,-0.36918959425852615,0.46765646087401264,-0.5163945544069892,-0.7449215708807935,-0.17156722927329623,6,18,15,18,0.8333333333333334,-0.17156722927329623,High
Poland,POL,2020,Europe & Central Asia,,,,0.1663570524714597,0.3087179816268142,-0.04896144993514101,2.3712824851281415,-0.3371575879049833,-0.7155754189005487,0.29077717708095707,6,18,16,18,0.8888888888888888,0.29077717708095707,High
Portugal,PRT,2020,Europe & Central Asia,,,,0.16021727745557415,0.32033287853306075,-0.07039035386628349,2.3861855381154595,-0.4437255410304455,-0.6944087070941843,0.27636851535219686,6,18,16,18,0.8888888888888888,0.27636851535219686,High
Post-demographic dividend,PST,2020,Aggregates,,,,0.14164140054517596,0.3151506686195247,-0.07635357202107503,1.5301021570993278,-0.5139280697446156,-0.7008725230909648,0.11595667690122885,6,18,12,18,0.6666666666666666,0.11595667690122885,Medium
Pre-demographic dividend,PRE,2020,Aggregates,,,,-0.1258351893713552,-0.24319268962785104,-0.5215446676959389,-0.1161132839975998,-0.47768103784527716,-0.8087226993882836,-0.3821815946543843,6,18,13,18,0.7222222222222222,-0.3821815946543843,Medium
Puerto Rico (US),PRI,2020,Latin America & Caribbean ,,,,0.036857362830375724,0.29610579856765434,-0.11176394357553987,1.61571097270505,-0.3316963597866829,-0.6905801868197492,0.13577227398685135,6,18,11,18,0.6111111111111112,0.13577227398685135,Medium
Qatar,QAT,2020,"Middle East, North Africa, Afghanistan & Pakistan",,,,0.20629746557802794,0.11840476802967637,-0.045399809409920326,1.8515018383659836,-0.39823602544438447,-0.8304475118816305,0.15035345420629212,6,18,15,18,0.8333333333333334,0.15035345420629212,High
Romania,ROU,2020,Europe & Central Asia,,,,0.1305238967071536,0.1546697515669283,-0.10242609172396937,1.8121179977995154,-0.418704189703855,-0.7241951060730111,0.14199770976212697,6,18,16,18,0.8888888888888888,0.14199770976212697,High
Russian Federation,RUS,2020,Europe & Central Asia,,,,0.29644174085373814,0.18607355280085516,-0.12330485223960357,1.5321110358953522,-0.5311515179864214,-0.7048163267016253,0.10922560543704923,6,18,15,18,0.8333333333333334,0.10922560543704923,High
Rwanda,RWA,2020,Sub-Saharan Africa ,Sub-Saharan Africa (excluding high income),,,-0.2897932092150887,-0.02856387492340251,-0.5557221333217193,0.065680267641743,-0.5453484339215012,-0.8075240035446951,-0.36021189788077734,6,18,14,18,0.7777777777777778,-0.36021189788077734,Medium
Samoa,WSM,2020,East Asia & Pacific,East Asia & Pacific (excluding high income),,,-0.29412583724931657,0.04518660545285497,-0.4283855423337996,1.3173285150503713,-0.4254432741493208,-0.6835262359059816,-0.07816096152253206,6,18,13,18,0.7222222222222222,-0.07816096152253206,Medium
San Marino,SMR,2020,Europe & Central Asia,,,,0.12172994685681766,0.07365416100339002,-0.16250501777364343,2.4039122149087517,0.3672992198546483,-0.7109919311700251,0.3488497656133232,6,18,15,18,0.8333333333333334,0.3488497656133232,High
Sao Tome and Principe,STP,2020,Sub-Saharan Africa ,Sub-Saharan Africa (excluding high income),,,-0.1921780047098847,0.15478437751288768,-0.5549243823220166,-0.04599479483715069,-0.510182136941501,-0.7266437603324496,-0.3125231169383525,6,18,13,18,0.7222222222222222,-0.3125231169383525,Medium
Saudi Arabia,SAU,2020,"Middle East, North Africa, Afghanistan & Pakistan",,,,0.26648978081376834,0.31232836587390617,-0.07297869684653997,1.0100968269304562,-0.5461549465863818,-0.8272968298494754,0.02374741672262226,6,18,15,18,0.8333333333333334,0.02374741672262226,High
Senegal,SEN,2020,Sub-Saharan Africa ,Sub-Saharan Africa (excluding high income),,,-0.06801110484868568,-0.1341009221336756,-0.46061680064479077,0.09225260503492326,-0.477090503206385,-0.8168436077035248,-0.3107350555836898,6,18,14,18,0.7777777777777778,-0.3107350555836898,Medium
Serbia,SRB,2020,Europe & Central Asia,Europe & Central Asia (excluding high income),,,0.12883256541294433,0.22694844706404227,-0.1739963923987732,2.3151250220479755,-0.33137378967104936,-0.7368508496547821,0.23811416713339292,6,18,16,18,0.8888888888888888,0.23811416713339292,High
Seychelles,SYC,2020,Sub-Saharan Africa ,,,,0.25977744702975486,0.11659817376276498,-0.1816136767833542,1.8973936390744333,-0.18680162746675788,-0.6973224420623071,0.20133858559242226,6,18,15,18,0.8333333333333334,0.20133858559242226,High
Sierra Leone,SLE,2020,Sub-Saharan Africa ,Sub-Saharan Africa (excluding high income),,,-0.293487813867093,0.052415343319491735,-0.5937000227279129,-0.03441441795300526,-0.5888076683686744,-0.7522183332631324,-0.3683688188100544,6,18,13,18,0.7222222222222222,-0.3683688188100544,Medium
Singapore,SGP,2020,East Asia & Pacific,,,,0.28893888274408724,0.3745546850390882,-0.05904310783123092,2.4039122149087517,0.47249944551091677,-0.7061554740111156,0.4624511077267495,6,18,16,18,0.8888888888888888,0.4624511077267495,High
Sint Maarten (Dutch part),SXM,2020,Latin America & Caribbean ,,,,0.006869275487163771,0.15478437751288768,-0.23680430347612733,1.5301021570993278,-0.5057587406753736,-0.736988993780466,0.035367295361235375,6,18,4,18,0.2222222222222222,0.035367295361235375,Low
Slovak Republic,SVK,2020,Europe & Central Asia,,,,0.23818075113112205,0.1521436305912112,-0.05084691797890161,1.6145518805562684,-0.10253670470623884,-0.7115410673694719,0.18999192870399825,6,18,15,18,0.8333333333333334,0.18999192870399825,High
Slovenia,SVN,2020,Europe & Central Asia,,,,0.18233601319448056,0.31798936173616793,-0.06614589840704134,1.60997892857252,-0.18033996866975588,-0.7100280621229794,0.19229839571723187,6,18,15,18,0.8333333333333334,0.19229839571723187,High
Small states,SST,2020,Aggregates,,,,0.017470735084336855,-0.01042382298759296,-0.30994807140625197,1.8292637045105717,-0.2792886962066103,-0.7182944360089015,0.08812990216425863,6,18,15,18,0.8333333333333334,0.08812990216425863,High
Solomon Islands,SLB,2020,East Asia & Pacific,East Asia & Pacific (excluding high income),,,-0.3504132653085678,0.15478437751288768,-0.5324073308746602,0.08308732060711144,-0.49134483967603987,-0.7040243771919367,-0.30671968582186754,6,18,12,18,0.6666666666666666,-0.30671968582186754,Medium
"Somalia, Fed. Rep.",SOM,2020,Sub-Saharan Africa ,Sub-Saharan Africa (excluding high income),,,-0.41800359969090567,0.15478437751288768,-0.5926375313522028,0.18917026304314347,-0.43983746352566166,-0.7420227303820551,-0.308091114065799,6,18,11,18,0.6111111111111112,-0.308091114065799,Medium
South Africa,ZAF,2020,Sub-Saharan Africa ,Sub-Saharan Africa (excluding high income),,,0.16040111583426045,0.10598598323467705,-0.2662832451685772,1.5102507461738532,-0.5324193698874596,-0.7697555343324264,0.03469661597572123,6,18,14,18,0.7777777777777778,0.03469661597572123,Medium
South Asia,SAS,2020,Aggregates,,,,-0.19852211302096898,-0.024013884164083715,-0.3426503248119843,1.5148330645004566,-0.5747702238485984,-0.8438434959079473,-0.07816116287552101,6,18,16,18,0.8888888888888888,-0.07816116287552101,High
South Asia (IDA & IBRD),TSA,2020,Aggregates,,,,-0.19852211302096898,-0.024013884164083715,-0.3426503248119843,1.5148330645004566,-0.5747702238485984,-0.8136630930430941,-0.07313109573137883,6,18,15,18,0.8333333333333334,-0.07313109573137883,High
South Sudan,SSD,2020,Sub-Saharan Africa ,Sub-Saharan Africa (excluding high income),,,0.006869275487163771,0.15478437751288768,-0.6037460375294769,-0.3762441011543165,-0.4716248400966623,-0.7546393528030692,-0.34076677976391223,6,18,7,18,0.3888888888888889,-0.34076677976391223,Low
Spain,ESP,2020,Europe & Central Asia,,,,0.1997901938950891,0.42802059932117503,-0.031906143110073414,2.402223384702685,-0.5148685902674379,-0.7023443444088834,0.29681918335542573,6,18,17,18,0.9444444444444444,0.29681918335542573,High
Sri Lanka,LKA,2020,South Asia,South Asia,,,-0.040297817391786374,0.05941601032378735,-0.3573733983688195,1.4319761588130504,-0.5716753180735719,-0.7450561874515582,-0.03716842535814968,6,18,14,18,0.7777777777777778,-0.03716842535814968,Medium
St. Kitts and Nevis,KNA,2020,Latin America & Caribbean ,,,,0.22013160108146612,0.22408897992219026,-0.2029891160727079,1.5301021570993278,-0.5075943248073386,-0.6950066995731158,0.09478876627497029,6,18,11,18,0.6111111111111112,0.09478876627497029,Medium
St. Lucia,LCA,2020,Latin America & Caribbean ,Latin America & Caribbean (excluding high income),,,-0.08247675765999447,0.033417291271689055,-0.221955116609884,1.5301021570993278,-0.5358388374755353,-0.7034478116699482,0.003300154159275833,6,18,12,18,0.6666666666666666,0.003300154159275833,Medium
St. Martin (French part),MAF,2020,Latin America & Caribbean ,,,,0.006869275487163771,0.15478437751288768,-0.2188619657261801,1.6050278369038422,-0.4741192688093494,-0.7050558008751521,0.06144074241553534,6,18,5,18,0.2777777777777778,0.06144074241553534,Low
St. Vincent and the Grenadines,VCT,2020,Latin America & Caribbean ,Latin America & Caribbean (excluding high income),,,-0.010784545342314005,0.2309348513199796,-0.23714415444935336,0.651469685268582,-0.4670801516207028,-0.6989914981687507,-0.08859930216542657,6,18,12,18,0.6666666666666666,-0.08859930216542657,Medium
Sub-Saharan Africa ,SSF,2020,Aggregates,,,,-0.279991551397672,-0.23112869833910463,-0.5213015866731875,0.9609016986153268,-0.5244916403893035,-0.9413185614387608,-0.2562217232704503,6,18,17,18,0.9444444444444444,-0.2562217232704503,High
Sub-Saharan Africa (IDA & IBRD countries),TSS,2020,Aggregates,,,,-0.279638564229662,-0.23112869833910463,-0.5213015866731875,0.9609016986153268,-0.5244916403893036,-0.7981240714874204,-0.23229714375055854,6,18,16,18,0.8888888888888888,-0.23229714375055854,High
Sub-Saharan Africa (excluding high income),SSA,2020,Aggregates,,,,-0.2580004508306503,-0.23117058244044167,-0.5213302213816803,0.9661730790446534,-0.5248598455521766,-0.7981325731916636,-0.2278867657253265,6,18,16,18,0.8888888888888888,-0.2278867657253265,High
Sudan,SDN,2020,Sub-Saharan Africa ,Sub-Saharan Africa (excluding high income),,,-0.1461248014113986,0.15478437751288768,-0.35356285233072443,0.19539366906756936,-0.671184764035431,-0.7946399725791126,-0.26922239062936826,6,18,10,18,0.5555555555555556,-0.26922239062936826,Low
Suriname,SUR,2020,Latin America & Caribbean ,Latin America & Caribbean (excluding high income),,,0.15977908507791436,-0.06236632595769429,-0.218026369429933,1.4798223573725104,-0.5136662897284965,-0.7228081274781412,0.020455721642693325,6,18,13,18,0.7222222222222222,0.020455721642693325,Medium
Sweden,SWE,2020,Europe & Central Asia,,,,0.25127556001571244,0.4216614064371574,-0.034996933190941444,1.6158976865111037,-0.3956237840578334,-0.6843121155621223,0.19565030335884606,6,18,15,18,0.8333333333333334,0.19565030335884606,High
Switzerland,CHE,2020,Europe & Central Asia,,,,0.2856977179736314,0.26893617805693254,-0.032724040206682035,1.605231895854254,-0.26625531892813664,-0.6961884400811792,0.19411633211146997,6,18,15,18,0.8333333333333334,0.19411633211146997,High
Syrian Arab Republic,SYR,2020,"Middle East, North Africa, Afghanistan & Pakistan","Middle East, North Africa, Afghanistan & Pakistan (excluding high income)",,,-0.10651759717108222,-0.030493928939917297,-0.1621150165124197,0.289157402638001,-0.5404391166917931,-0.7873502833658259,-0.22295975667383952,6,18,11,18,0.6111111111111112,-0.22295975667383952,Medium
Tajikistan,TJK,2020,Europe & Central Asia,Europe & Central Asia (excluding high income),,,-0.34265846630786573,0.10405444005973362,-0.2077880261812309,0.4144126390261622,-0.4804619713914655,-0.7830355307396603,-0.21591281925572106,6,18,15,18,0.8333333333333334,-0.21591281925572106,High
Tanzania,TZA,2020,Sub-Saharan Africa ,Sub-Saharan Africa (excluding high income),,,-0.28917297577908346,-0.23626145922109623,-0.5471869035992379,-0.19655405548820948,-0.5893099539121388,-0.7540622762686499,-0.435424604044736,6,18,16,18,0.8888888888888888,-0.435424604044736,High
Thailand,THA,2020,East Asia & Pacific,East Asia & Pacific (excluding high income),,,0.24328824538223606,0.10189447938633445,-0.21722690305381764,2.2696004881389604,-0.36181294250599677,-0.7508552513713661,0.21414801932939173,6,18,15,18,0.8333333333333334,0.21414801932939173,High
Timor-Leste,TLS,2020,East Asia & Pacific,East Asia & Pacific (excluding high income),,,-0.18122587108034663,0.13070916811034755,-0.5184255091497849,0.08549583408585622,-0.2821480060611192,-0.7101569613203388,-0.245958557569231,6,18,13,18,0.7222222222222222,-0.245958557569231,Medium
Togo,TGO,2020,Sub-Saharan Africa ,Sub-Saharan Africa (excluding high income),,,-0.29112599569822223,0.03661835135298708,-0.5540030858135107,-0.3761828023141522,-0.4902776022957984,-0.8022979937659591,-0.41287818808910925,6,18,14,18,0.7777777777777778,-0.41287818808910925,Medium
Tonga,TON,2020,East Asia & Pacific,East Asia & Pacific (excluding high income),,,-0.24501671090111973,0.055248470027027076,-0.25100243066542516,1.3680855317642282,-0.38931467101730216,-0.6794312884810689,-0.02357184987894345,6,18,14,18,0.7777777777777778,-0.02357184987894345,Medium
Trinidad and Tobago,TTO,2020,Latin America & Caribbean ,,,,0.17537030468678158,0.15478437751288768,-0.17517201185710887,1.3819369857837602,-0.48577248006995893,-0.7139985449304206,0.05619143852099016,6,18,11,18,0.6111111111111112,0.05619143852099016,Medium
Tunisia,TUN,2020,"Middle East, North Africa, Afghanistan & Pakistan","Middle East, North Africa, Afghanistan & Pakistan (excluding high income)",,,0.05815311220438713,0.09879778277975486,-0.18484739013226237,1.5983133610207816,-0.4211405968441843,-0.7269968407570313,0.07037990471190758,6,18,14,18,0.7777777777777778,0.07037990471190758,Medium
Turkiye,TUR,2020,Europe & Central Asia,Europe & Central Asia (excluding high income),,,0.018473403293868134,0.47766413270972524,-0.12158855975319412,2.317133900844,-0.4684267336257399,-0.7571796440339035,0.244346083239126,6,18,15,18,0.8333333333333334,0.244346083239126,High
Turkmenistan,TKM,2020,Europe & Central Asia,Europe & Central Asia (excluding high income),,,-0.08673497896408855,0.011048462162072411,-0.08303883113482434,0.3859469519021593,-0.565881444492021,-0.7729017279974629,-0.18526026142069418,6,18,13,18,0.7222222222222222,-0.18526026142069418,Medium
Turks and Caicos Islands,TCA,2020,Latin America & Caribbean ,,,,0.006869275487163771,0.15346353305518892,-0.22799021389091814,1.4302396987710562,-0.579894928608324,-0.741423294595959,0.006877345036367943,6,18,6,18,0.3333333333333333,0.006877345036367943,Low
Tuvalu,TUV,2020,East Asia & Pacific,East Asia & Pacific (excluding high income),,,-0.06269217742921265,0.10365662300644124,-0.3082640090600039,0.9565343050190132,-0.45880959914538577,-0.6769104368739072,-0.07441421574717584,6,18,10,18,0.5555555555555556,-0.07441421574717584,Low
Uganda,UGA,2020,Sub-Saharan Africa ,Sub-Saharan Africa (excluding high income),,,-0.4147965329451189,0.15478437751288768,-0.5678754815163028,-0.2695474114801837,-0.5553782069295985,-0.7937920529178154,-0.4077675513793553,6,18,13,18,0.7222222222222222,-0.4077675513793553,Medium
Ukraine,UKR,2020,Europe & Central Asia,Europe & Central Asia (excluding high income),,,0.12610664040051708,0.24875828202218533,-0.12950253205997783,1.5752612338995913,-0.41596558286404006,-0.7153091844773827,0.1148914761534822,6,18,15,18,0.8333333333333334,0.1148914761534822,High
United Arab Emirates,ARE,2020,"Middle East, North Africa, Afghanistan & Pakistan",,,,0.49962663869664925,0.20490070940062574,-0.04000969535440795,2.3990860100642206,-0.07370484636917969,-0.8085603109587819,0.3635564175798544,6,18,15,18,0.8333333333333334,0.3635564175798544,High
United Kingdom,GBR,2020,Europe & Central Asia,,,,0.23095940992431774,0.31039681975140054,-0.07391144391439845,1.6163828377140004,-0.5116633248395159,-0.6970094341468128,0.14585914408149855,6,18,15,18,0.8333333333333334,0.14585914408149855,High
United States,USA,2020,North America,,,,0.15053127282788256,0.32470185957144043,-0.11397996439395448,1.6068731312740752,-0.611564677944311,-0.6911992567729217,0.11089372742703518,6,18,15,18,0.8333333333333334,0.11089372742703518,High
Uruguay,URY,2020,Latin America & Caribbean ,,,,0.2237829984483786,0.33044562062580535,-0.1019765926985597,2.317133900844,-0.5421422080395152,-0.7044132980223227,0.25380507019296444,6,18,16,18,0.8888888888888888,0.25380507019296444,High
Uzbekistan,UZB,2020,Europe & Central Asia,Europe & Central Asia (excluding high income),,,-0.003378696824312221,0.0351073613402881,-0.22629867327167416,1.615399489417163,-0.4979438327276566,-0.7849722068137354,0.022985573520012126,6,18,15,18,0.8333333333333334,0.022985573520012126,High
Vanuatu,VUT,2020,East Asia & Pacific,East Asia & Pacific (excluding high income),,,-0.11774254251663778,0.03554685976707098,-0.49807226904232954,0.9967433923120027,-0.4812091350728365,-0.6938351746965047,-0.12642814487487244,6,18,14,18,0.7777777777777778,-0.12642814487487244,Medium
"Venezuela, RB",VEN,2020,Latin America & Caribbean ,Latin America & Caribbean (excluding high income),,,-0.16823676127185525,0.15478437751288768,-0.2180334291732932,0.8605086912610141,-0.6933677588229066,-0.7261569202287319,-0.13175030012048086,6,18,11,18,0.6111111111111112,-0.13175030012048086,Medium
Viet Nam,VNM,2020,East Asia & Pacific,East Asia & Pacific (excluding high income),,,0.14723534965294316,0.16054046141766748,-0.20262906916133774,1.4634398525950683,-0.10148998361812633,-0.7581451334514656,0.11815857957245818,6,18,14,18,0.7777777777777778,0.11815857957245818,Medium
Virgin Islands (U.S.),VIR,2020,Latin America & Caribbean ,,,,-0.046221779620664455,0.15478437751288768,-0.21979910361003077,1.6119039027138111,-0.2879703058864261,-0.6866434063301425,0.08767561412990584,6,18,8,18,0.4444444444444444,0.08767561412990584,Low
West Bank and Gaza,PSE,2020,"Middle East, North Africa, Afghanistan & Pakistan","Middle East, North Africa, Afghanistan & Pakistan (excluding high income)",,,-0.08303884895372718,0.1619623042641337,-0.16122097568541793,1.5483251083825234,-0.4946113439422382,-0.7509794326866316,0.03673946856310704,6,18,15,18,0.8333333333333334,0.03673946856310704,High
World,WLD,2020,Aggregates,,,,-0.02396995844003458,0.056208369152439486,-0.3015823003626064,1.5126732254172452,-0.5149392137344154,-0.8194732803743388,-0.01518052639028509,6,18,17,18,0.9444444444444444,-0.01518052639028509,High
"Yemen, Rep.",YEM,2020,"Middle East, North Africa, Afghanistan & Pakistan","Middle East, North Africa, Afghanistan & Pakistan (excluding high income)",,,-0.2597741114236687,0.15478437751288768,-0.39164663788732096,0.19062797481367189,-0.4716248400966623,-0.8203785130246208,-0.26633529168428555,6,18,8,18,0.4444444444444444,-0.26633529168428555,Low
Zambia,ZMB,2020,Sub-Saharan Africa ,Sub-Saharan Africa (excluding high income),,,-0.2540017424300632,0.12150830695817466,-0.5451042793079791,-0.1842406780781911,-0.4245528860569103,-0.7429436133418553,-0.3382224820428041,6,18,13,18,0.7222222222222222,-0.3382224820428041,Medium
Zimbabwe,ZWE,2020,Sub-Saharan Africa ,Sub-Saharan Africa (excluding high income),,,-0.25309620346929623,0.15478437751288768,-0.4830879637603059,-0.12091189681543581,-0.6051076437603244,-0.7182537974756906,-0.3376121879613609,6,18,13,18,0.7222222222222222,-0.3376121879613609,Medium
Afghanistan,AFG,2021,"Middle East, North Africa, Afghanistan & Pakistan","Middle East, North Africa, Afghanistan & Pakistan (excluding high income)",,,-0.40292736380789274,-0.049744863134790346,-0.48908126884428066,0.19013956143880587,-0.5764034609636711,-0.775785619515495,-0.350633835804554,6,18,13,18,0.7222222222222222,-0.350633835804554,Medium
Africa Eastern and Southern,AFE,2021,Aggregates,,,,-0.31649669805113845,-0.23272626540888983,-0.5271672256446803,1.0410093520854533,-0.4886916812795748,-0.7313123001968719,-0.20923080308261702,6,18,16,18,0.8888888888888888,-0.20923080308261702,High
Africa Western and Central,AFW,2021,Aggregates,,,,-0.22081345731364835,-0.26553055377965157,-0.5492088629781856,0.19891951963881663,-0.4367221492733157,-0.8064551874279134,-0.346635115188983,6,18,14,18,0.7777777777777778,-0.346635115188983,Medium
Albania,ALB,2021,Europe & Central Asia,Europe & Central Asia (excluding high income),,,-0.025297420120007966,0.14525291751356764,-0.1662158459322429,1.471410236264723,-0.39287533837296595,-0.6869277198700677,0.05755780491383435,6,18,15,18,0.8333333333333334,0.05755780491383435,High
Algeria,DZA,2021,"Middle East, North Africa, Afghanistan & Pakistan","Middle East, North Africa, Afghanistan & Pakistan (excluding high income)",,,-0.040819869063643176,0.11045731297757555,-0.23791755565790515,-0.06475648247197445,-0.5120315186431527,-0.7003363527807519,-0.24090074427330865,6,18,14,18,0.7777777777777778,-0.24090074427330865,Medium
American Samoa,ASM,2021,East Asia & Pacific,,,,-0.009436624136492785,0.10972719744634496,-0.2871504473920958,1.6270364259203616,-0.23038854114837692,-0.6488150603631054,0.09349549172110595,6,18,7,18,0.3888888888888889,0.09349549172110595,Low
Andorra,AND,2021,Europe & Central Asia,,,,0.206156301796677,0.004052332056845798,-0.11192823035416195,1.6443108126547372,-0.41508955415803933,-0.6748667050257641,0.10877249282838243,6,18,13,18,0.7222222222222222,0.10877249282838243,Medium
Angola,AGO,2021,Sub-Saharan Africa ,Sub-Saharan Africa (excluding high income),,,-0.3835635112461639,-0.016155654710954943,-0.43653857809728414,0.30011924751366664,-0.47532974506696934,-0.7105178675797746,-0.28699768486458005,6,18,12,18,0.6666666666666666,-0.28699768486458005,Medium
Antigua and Barbuda,ATG,2021,Latin America & Caribbean ,,,,0.2562996884571533,0.10972719744634496,-0.1730772994346942,1.5967262814812269,-0.3212756336274743,-0.6728680099472567,0.13258870406255,6,18,11,18,0.6111111111111112,0.13258870406255,Medium
Arab World,ARB,2021,Aggregates,,,,-0.050427738058325546,-0.06651957470821453,-0.2948499272591507,0.7414774844333359,-0.4054988654161644,-0.7670771233733619,-0.14048262406364687,6,18,14,18,0.7777777777777778,-0.14048262406364687,Medium
Argentina,ARG,2021,Latin America & Caribbean ,Latin America & Caribbean (excluding high income),,,0.1319857639415473,0.3540061189042147,-0.24130513866330727,2.157545836611542,-0.5303834173092424,-0.6869095786667162,0.19748993080300634,6,18,15,18,0.8333333333333334,0.19748993080300634,High
Armenia,ARM,2021,Europe & Central Asia,Europe & Central Asia (excluding high income),,,0.06682425675302565,0.11480936722941516,-0.2507966068501873,1.6171014203058494,-0.3968196998732681,-0.7414734708923557,0.06827421111207986,6,18,15,18,0.8333333333333334,0.06827421111207986,High
Aruba,ABW,2021,Latin America & Caribbean ,,,,0.07676305791409216,0.20912102360870258,-0.2841239935184016,1.5967262814812269,-0.17224847129931775,-0.6981004937837759,0.12135623406708772,6,18,8,18,0.4444444444444444,0.12135623406708772,Low
Australia,AUS,2021,East Asia & Pacific,,,,0.12327133576109493,0.43473133529090796,-0.0640898058184409,1.5967262814812269,-0.5340959741760519,-0.6592266631608753,0.1495527515629769,6,18,13,18,0.7222222222222222,0.1495527515629769,Medium
Austria,AUT,2021,Europe & Central Asia,,,,0.1399341462187587,0.2686530812504867,-0.07722390007546488,1.6707037246523075,-0.29941210078287,-0.6745132345183936,0.1713569527908041,6,18,15,18,0.8333333333333334,0.1713569527908041,High
Azerbaijan,AZE,2021,Europe & Central Asia,Europe & Central Asia (excluding high income),,,0.03970844903718487,0.058279384186190684,-0.25488423318213144,1.7129507804929112,-0.40826710449939796,-0.7296713091900845,0.06968599447411215,6,18,15,18,0.8333333333333334,0.06968599447411215,High
"Bahamas, The",BHS,2021,Latin America & Caribbean ,,,,0.04472659749457633,0.046172784561700236,-0.25119943770550063,1.5967262814812269,-0.4021022432015699,-0.6600782397249083,0.0623742904842541,6,18,12,18,0.6666666666666666,0.0623742904842541,Medium
Bahrain,BHR,2021,"Middle East, North Africa, Afghanistan & Pakistan",,,,0.14454919991111154,0.08897905507745263,-0.09993746484824806,1.4710795017213751,-0.1702409506149569,-0.8079551872606903,0.10441235899767402,6,18,14,18,0.7777777777777778,0.10441235899767402,Medium
Bangladesh,BGD,2021,South Asia,South Asia,,,-0.13992064736552193,-0.10311439545953034,-0.48688892738984113,0.5710025374383898,-0.5605282742768474,-0.803653434730649,-0.2538505236306667,6,18,16,18,0.8888888888888888,-0.2538505236306667,High
Barbados,BRB,2021,Latin America & Caribbean ,,,,0.05974735446572432,0.14719141785815126,-0.1942241265542657,1.5967262814812269,-0.4121464071198855,-0.6806630470823184,0.08610524550810549,6,18,12,18,0.6666666666666666,0.08610524550810549,Medium
Belarus,BLR,2021,Europe & Central Asia,Europe & Central Asia (excluding high income),,,0.15870926792699952,0.21360683396368876,-0.0942218344056082,1.6515751375179697,-0.22333501632082609,-0.6829202322928266,0.17056902606489954,6,18,14,18,0.7777777777777778,0.17056902606489954,Medium
Belgium,BEL,2021,Europe & Central Asia,,,,0.1211835557341301,0.36326246142883617,-0.07850223328505053,2.441702488935897,-0.08305412689109655,-0.672704128623158,0.3486480028832597,6,18,16,18,0.8888888888888888,0.3486480028832597,High
Belize,BLZ,2021,Latin America & Caribbean ,Latin America & Caribbean (excluding high income),,,-0.16879616377665616,0.0010187314612881138,-0.30436212005914615,1.5836773977276246,-0.29903082645578777,-0.6956030475428566,0.019483995225744344,6,18,14,18,0.7777777777777778,0.019483995225744344,Medium
Benin,BEN,2021,Sub-Saharan Africa ,Sub-Saharan Africa (excluding high income),,,-0.24312955398497668,-0.3241290782684673,-0.5878548801159441,0.09901852958042782,-0.500850834180563,-0.8628169583414266,-0.40329379588515835,6,18,16,18,0.8888888888888888,-0.40329379588515835,High
Bermuda,BMU,2021,North America,,,,0.051213434405996516,0.10972719744634496,-0.25826970435453067,1.5967262814812269,-0.4216172138157821,-0.6598876052210397,0.06964873165703599,6,18,8,18,0.4444444444444444,0.06964873165703599,Low
Bhutan,BTN,2021,South Asia,South Asia,,,-0.041615563204888066,-0.015727006079860457,-0.27933555164848206,1.5675347798015038,-0.40879938193973003,-0.7472961090595459,0.01246019464483289,6,18,14,18,0.7777777777777778,0.01246019464483289,Medium
Bolivia,BOL,2021,Latin America & Caribbean ,Latin America & Caribbean (excluding high income),,,-0.07389403483684877,0.10298263380675372,-0.31711349382476356,0.6495946988146998,-0.4877093309491863,-0.7401252932045944,-0.14437747003232326,6,18,14,18,0.7777777777777778,-0.14437747003232326,Medium
Bosnia and Herzegovina,BIH,2021,Europe & Central Asia,Europe & Central Asia (excluding high income),,,0.05056678244314248,0.05928562894892355,-0.31283107757265155,2.0651487880436883,-0.32998778173797466,-0.7145611395079604,0.1362702001028613,6,18,16,18,0.8888888888888888,0.1362702001028613,High
Botswana,BWA,2021,Sub-Saharan Africa ,Sub-Saharan Africa (excluding high income),,,0.10912890532029801,-0.06504041956231402,-0.3849418539253811,1.2032675303287796,-0.34476864463452817,-0.6906755363294513,-0.02883833646709949,6,18,15,18,0.8333333333333334,-0.02883833646709949,High
Brazil,BRA,2021,Latin America & Caribbean ,Latin America & Caribbean (excluding high income),,,0.019164637560337695,0.18966661602703758,-0.25539876229898967,2.3996648165717755,-0.5343877551119626,-0.7061720500075493,0.1854229171234416,6,18,17,18,0.9444444444444444,0.1854229171234416,High
British Virgin Islands,VGB,2021,Latin America & Caribbean ,,,,-0.01372608165724972,-0.021143123467002218,-0.27887643569305226,1.5967262814812269,-0.42306647944138653,-0.7064701756953412,0.02557399758786581,6,18,7,18,0.3888888888888889,0.02557399758786581,Low
Brunei Darussalam,BRN,2021,East Asia & Pacific,,,,0.1580424795509545,0.024820601706495526,-0.21886719500205418,2.1112780011465406,-0.20643900319255196,-0.6680223774870546,0.200135417787055,6,18,13,18,0.7222222222222222,0.200135417787055,Medium
Bulgaria,BGR,2021,Europe & Central Asia,,,,0.07541558066410259,0.22954496701084326,-0.1609016360362361,2.4316722764573533,-0.25383493282666797,-0.7037330108407932,0.26969387407143364,6,18,15,18,0.8333333333333334,0.26969387407143364,High
Burkina Faso,BFA,2021,Sub-Saharan Africa ,Sub-Saharan Africa (excluding high income),,,-0.22028714783136918,-0.3673003332959313,-0.5583381663066102,0.2517648610898768,-0.45488469198285647,-0.8985446701404438,-0.37459835807788905,6,18,15,18,0.8333333333333334,-0.37459835807788905,High
Burundi,BDI,2021,Sub-Saharan Africa ,Sub-Saharan Africa (excluding high income),,,-0.42455013270072356,0.10972719744634496,-0.5981103082898455,0.23666979880116298,-0.4357488509260081,-0.7677230654631697,-0.31328922685537314,6,18,10,18,0.5555555555555556,-0.31328922685537314,Low
Cabo Verde,CPV,2021,Sub-Saharan Africa ,Sub-Saharan Africa (excluding high income),,,-0.028543597717648996,0.12404800330332721,-0.2966697499704642,1.7120235968529098,-0.3998233581454325,-0.7034854326775274,0.06792491027419399,6,18,13,18,0.7222222222222222,0.06792491027419399,Medium
Cambodia,KHM,2021,East Asia & Pacific,East Asia & Pacific (excluding high income),,,-0.061921821858870095,-0.19060805395548228,-0.42745282481015373,0.5964628259755793,-0.1963191004833781,-0.7085441277752368,-0.16473051715125694,6,18,15,18,0.8333333333333334,-0.16473051715125694,High
Cameroon,CMR,2021,Sub-Saharan Africa ,Sub-Saharan Africa (excluding high income),,,-0.247420193829506,-0.15819507821383794,-0.5107202542495427,0.2722630824131593,-0.5491271788361646,-0.8907078712459878,-0.3473179156603133,6,18,14,18,0.7777777777777778,-0.3473179156603133,Medium
Canada,CAN,2021,North America,,,,0.07568251291470172,0.2426241048184222,-0.10195575032360167,1.6650287747628507,-0.4524533500654358,-0.6645599685410338,0.1273943872609839,6,18,15,18,0.8333333333333334,0.1273943872609839,High
Caribbean small states,CSS,2021,Aggregates,,,,0.008872606074441272,0.08836538827479978,-0.2640742639228509,1.5967262814812269,-0.41562080102048954,-0.6885941634467431,0.05427917457339739,6,18,10,18,0.5555555555555556,0.05427917457339739,Low
Cayman Islands,CYM,2021,Latin America & Caribbean ,,,,0.2030751247787402,0.08715441019396468,-0.26608351609812336,1.5967262814812269,-0.42847269772324853,-0.7072798036736113,0.08085329982649142,6,18,7,18,0.3888888888888889,0.08085329982649142,Low
Central African Republic,CAF,2021,Sub-Saharan Africa ,Sub-Saharan Africa (excluding high income),,,-0.2841430217400698,0.10972719744634496,-0.6652931101196221,-0.003059114407658011,-0.5296598753295626,-0.9085689782617045,-0.3801661504020453,6,18,12,18,0.6666666666666666,-0.3801661504020453,Medium
Central Europe and the Baltics,CEB,2021,Aggregates,,,,0.09148044209788465,0.2193789010304895,-0.1138703930961897,2.365520088673368,-0.24285603071644976,-0.6909949730466484,0.2714430058237424,6,18,14,18,0.7777777777777778,0.2714430058237424,Medium
Chad,TCD,2021,Sub-Saharan Africa ,Sub-Saharan Africa (excluding high income),,,-0.4207894572864567,-0.11196985269373456,-0.6015138704603674,-0.5881725142548708,-0.5379985682094985,-0.7808941232171791,-0.5068897310203512,6,18,14,18,0.7777777777777778,-0.5068897310203512,Medium
Channel Islands,CHI,2021,Europe & Central Asia,,,,-0.009436624136492785,0.10972719744634496,-0.26288768307415905,1.5967262814812269,-0.40653706657265376,-0.7016930483331362,0.05431650946852168,6,18,3,18,0.16666666666666666,0.05431650946852168,Low
Chile,CHL,2021,Latin America & Caribbean ,,,,0.15807948528161272,0.2899008406338997,-0.11018650135610142,2.134957615734013,-0.4266477091030573,-0.7131794240555397,0.22215405118913786,6,18,15,18,0.8333333333333334,0.22215405118913786,High
China,CHN,2021,East Asia & Pacific,East Asia & Pacific (excluding high income),,,0.10467040321937769,0.150713138041396,-0.18100296533412555,2.365520088673368,-0.5243459923085664,-0.7393941711401792,0.19602675019187843,6,18,14,18,0.7777777777777778,0.19602675019187843,Medium
Colombia,COL,2021,Latin America & Caribbean ,Latin America & Caribbean (excluding high income),,,0.11753897944337022,0.18411319426684167,-0.2724645106469588,1.7924539656746454,-0.509850589218556,-0.7296554523969506,0.09702259785373196,6,18,17,18,0.9444444444444444,0.09702259785373196,High
Comoros,COM,2021,Sub-Saharan Africa ,Sub-Saharan Africa (excluding high income),,,-0.20520792626780215,0.07281596469806681,-0.5597603120022743,-0.2821031532252263,-0.5339434517931957,-0.6793132668754097,-0.36458535757764027,6,18,13,18,0.7222222222222222,-0.36458535757764027,Medium
"Congo, Dem. Rep.",COD,2021,Sub-Saharan Africa ,Sub-Saharan Africa (excluding high income),,,-0.434234000281406,-0.009033823542025402,-0.5903028882123007,0.025774080712191894,-0.4178948474389503,-0.7693598219380413,-0.3658418834500887,6,18,13,18,0.7222222222222222,-0.3658418834500887,Medium
"Congo, Rep.",COG,2021,Sub-Saharan Africa ,Sub-Saharan Africa (excluding high income),,,-0.23396175788309814,0.10972719744634496,-0.4719036663404727,-0.27544294569878197,-0.3995322721691909,-0.7663415681839055,-0.33957583547151743,6,18,13,18,0.7222222222222222,-0.33957583547151743,Medium
Costa Rica,CRI,2021,Latin America & Caribbean ,,,,0.14415507104878925,0.2579452777820134,-0.22116499894628452,1.7513141959186103,-0.419981254080608,-0.7034595229137697,0.1348014614681251,6,18,15,18,0.8333333333333334,0.1348014614681251,High
Cote d'Ivoire,CIV,2021,Sub-Saharan Africa ,Sub-Saharan Africa (excluding high income),,,-0.038124061104871744,-0.260286628015683,-0.4784615157056473,0.27911887877935443,-0.510143878902065,-0.7797263230933297,-0.2979372546737071,6,18,16,18,0.8888888888888888,-0.2979372546737071,High
Croatia,HRV,2021,Europe & Central Asia,,,,0.06642531335308247,0.2291378806142985,-0.11162977072858231,2.401563897833775,-0.29787236672300815,-0.6857662459528946,0.2669764513994452,6,18,16,18,0.8888888888888888,0.2669764513994452,High
Cuba,CUB,2021,Latin America & Caribbean ,Latin America & Caribbean (excluding high income),,,-0.20827656528652072,0.12694027232803307,-0.2596715910520299,0.5638506920600805,-0.40720224164203983,-0.6711070918249007,-0.1425777542362296,6,18,13,18,0.7222222222222222,-0.1425777542362296,Medium
Curacao,CUW,2021,Latin America & Caribbean ,,,,-0.004814525183065872,0.10972719744634496,-0.27763325664673016,1.5967262814812269,-0.42053910823059826,-0.6975530554468136,0.050985588903393976,6,18,6,18,0.3333333333333333,0.050985588903393976,Low
Cyprus,CYP,2021,Europe & Central Asia,,,,0.22405024485138572,0.30752351711246523,-0.2198131615771476,2.016768727798353,-0.07227034440235643,-0.6932099974628197,0.2605081643866467,6,18,16,18,0.8888888888888888,0.2605081643866467,High
Czechia,CZE,2021,Europe & Central Asia,,,,0.1501660287120891,0.19092766788634527,-0.08351423483238951,1.6683034485330284,-0.21053825974145893,-0.6761406995169881,0.17320065850677102,6,18,15,18,0.8333333333333334,0.17320065850677102,High
Denmark,DNK,2021,Europe & Central Asia,,,,0.22395006987303093,0.3309928427353884,-0.08292963123044482,1.6739643836229041,-0.29026805389381566,-0.6641577777250219,0.1985919722303402,6,18,15,18,0.8333333333333334,0.1985919722303402,High
Djibouti,DJI,2021,"Middle East, North Africa, Afghanistan & Pakistan","Middle East, North Africa, Afghanistan & Pakistan (excluding high income)",,,-0.296923236957604,0.10972719744634496,-0.5615851326589578,-0.10548963028608722,0.18280564139022373,-0.7616029774118344,-0.23884468974631914,6,18,12,18,0.6666666666666666,-0.23884468974631914,Medium
Dominica,DMA,2021,Latin America & Caribbean ,Latin America & Caribbean (excluding high income),,,-0.024942974914788345,0.15130752965520425,-0.2953658500966868,1.5967262814812269,-0.4181749368049175,-0.6790317791804513,0.055086378356597854,6,18,11,18,0.6111111111111112,0.055086378356597854,Medium
Dominican Republic,DOM,2021,Latin America & Caribbean ,Latin America & Caribbean (excluding high income),,,-0.05199909129482736,0.08485050767919612,-0.27131720659135566,0.60683210568714,-0.4614982552577513,-0.6882588751726783,-0.13023180249171273,6,18,17,18,0.9444444444444444,-0.13023180249171273,High
Early-demographic dividend,EAR,2021,Aggregates,,,,-0.06847134743030418,-0.02755752246297079,-0.3613284893372594,1.4328990478603867,-0.4778872558192943,-0.7832409896873638,-0.04759775947946764,6,18,14,18,0.7777777777777778,-0.04759775947946764,Medium
East Asia & Pacific,EAS,2021,Aggregates,,,,0.11420571858852535,0.13911796311435695,-0.28709838091577417,1.5763043190710722,-0.47331305040054633,-0.7333190150507799,0.0559829257344757,6,18,16,18,0.8888888888888888,0.0559829257344757,High
East Asia & Pacific (IDA & IBRD countries),TEA,2021,Aggregates,,,,0.10631201101933367,0.13033665164180577,-0.2924334695942378,1.8621700286822813,-0.501864960865387,-0.734549005200638,0.09499520928052634,6,18,15,18,0.8333333333333334,0.09499520928052634,High
East Asia & Pacific (excluding high income),EAP,2021,Aggregates,,,,0.09883376174325725,0.12945014884180436,-0.2952425194299084,1.5967262814812269,-0.5018716530617836,-0.7342836462400082,0.048935395555764684,6,18,14,18,0.7777777777777778,0.048935395555764684,Medium
Ecuador,ECU,2021,Latin America & Caribbean ,Latin America & Caribbean (excluding high income),,,-0.06794443224558898,0.13968843698939523,-0.26208444498512296,1.3964853209127917,-0.47090282394892746,-0.7159752169192272,0.003211139967220056,6,18,16,18,0.8888888888888888,0.003211139967220056,High
"Egypt, Arab Rep.",EGY,2021,"Middle East, North Africa, Afghanistan & Pakistan","Middle East, North Africa, Afghanistan & Pakistan (excluding high income)",,,-0.10688698002836705,-0.0008689858823601552,-0.23162815626674346,0.1137364960878582,-0.5674808746958472,-0.7790124674362685,-0.26202349470362135,6,18,17,18,0.9444444444444444,-0.26202349470362135,High
El Salvador,SLV,2021,Latin America & Caribbean ,Latin America & Caribbean (excluding high income),,,0.14047237058393144,-0.04796887385005821,-0.2764816727580819,0.7094383510700698,-0.37012841558979953,-0.7459034946066422,-0.09842862252509677,6,18,15,18,0.8333333333333334,-0.09842862252509677,High
Equatorial Guinea,GNQ,2021,Sub-Saharan Africa ,Sub-Saharan Africa (excluding high income),,,-0.30074189641125965,0.10972719744634496,-0.524459140419565,-0.22124024553485952,-0.42756426926116803,-0.7819661235127234,-0.35770741294887176,6,18,12,18,0.6666666666666666,-0.35770741294887176,Medium
Eritrea,ERI,2021,Sub-Saharan Africa ,Sub-Saharan Africa (excluding high income),,,-0.22635993639571192,0.10972719744634496,-0.5446152593017076,0.2193195820301175,-0.42306647944138653,-0.743844015574148,-0.26813981853941526,6,18,8,18,0.4444444444444444,-0.26813981853941526,Low
Estonia,EST,2021,Europe & Central Asia,,,,0.24838750188974554,0.23641793908823006,-0.09718616440320249,2.438035885396558,-0.12967431829113032,-0.6614777469157382,0.33908384946074377,6,18,16,18,0.8888888888888888,0.33908384946074377,High
Eswatini,SWZ,2021,Sub-Saharan Africa ,Sub-Saharan Africa (excluding high income),,,-0.07727070316579138,0.10972719744634496,-0.45261361820782436,0.37361800435909664,-0.37141417660121423,-0.7020800437170543,-0.18667222331440714,6,18,13,18,0.7222222222222222,-0.18667222331440714,Medium
Ethiopia,ETH,2021,Sub-Saharan Africa ,Sub-Saharan Africa (excluding high income),,,-0.41369364892902,0.006550916406131729,-0.5673376321020934,0.03740914808923431,-0.581601545390447,-0.8450274688636905,-0.3939500384649808,6,18,14,18,0.7777777777777778,-0.3939500384649808,Medium
Euro area,EMU,2021,Aggregates,,,,0.12200305223948749,0.2437056292129843,-0.07977137398928096,2.365520088673368,-0.36510123761608426,-0.6775861560560937,0.2681283337440635,6,18,13,18,0.7222222222222222,0.2681283337440635,Medium
Europe & Central Asia,ECS,2021,Aggregates,,,,0.13996413276167732,0.2607356945949962,-0.137471498123174,2.287098503162049,-0.38113704907753276,-0.68879048740378,0.246733215985706,6,18,17,18,0.9444444444444444,0.246733215985706,High
Europe & Central Asia (IDA & IBRD countries),TEC,2021,Aggregates,,,,0.11449334356068218,0.2451445977003435,-0.17582129777599942,2.0699785447488304,-0.42057878235222823,-0.7046249878770978,0.18809856966742178,6,18,16,18,0.8888888888888888,0.18809856966742178,High
Europe & Central Asia (excluding high income),ECA,2021,Aggregates,,,,0.028109976922928107,0.24232130139492444,-0.19566045415245706,1.9429259393362708,-0.40705067367087117,-0.7206310485685764,0.14833584021036977,6,18,16,18,0.8888888888888888,0.14833584021036977,High
European Union,EUU,2021,Aggregates,,,,0.11629476895610354,0.2353741096846287,-0.08643763984781942,2.365520088673368,-0.35618975616219095,-0.6794026822348064,0.2658598148448805,6,18,13,18,0.7222222222222222,0.2658598148448805,Medium
Faroe Islands,FRO,2021,Europe & Central Asia,,,,0.06698096552421318,0.10972719744634496,-0.25529335490688054,1.5967262814812269,-0.32620831744735035,-0.7051297835970898,0.08113383141674402,6,18,7,18,0.3888888888888889,0.08113383141674402,Low
Fiji,FJI,2021,East Asia & Pacific,East Asia & Pacific (excluding high income),,,-0.05788305356051531,0.18687280106123824,-0.4264844874038925,0.9235278272212765,-0.4042748046739086,-0.6609629251555567,-0.07320077375189306,6,18,14,18,0.7777777777777778,-0.07320077375189306,Medium
Finland,FIN,2021,Europe & Central Asia,,,,0.17938177969336197,0.4219945245681121,-0.08139407243600362,1.6730729652755265,-0.40566360747619185,-0.6545787075956552,0.18880214700485834,6,18,15,18,0.8333333333333334,0.18880214700485834,High
France,FRA,2021,Europe & Central Asia,,,,0.15448100851717494,0.1990315301504144,-0.08318685681530065,1.6730883379177517,-0.4438952744125581,-0.6703175196728527,0.1382002042807716,6,18,15,18,0.8333333333333334,0.1382002042807716,High
French Polynesia,PYF,2021,East Asia & Pacific,,,,0.05561028192844362,0.10972719744634496,-0.265217445348629,1.6436994918729608,-0.4891504961991531,-0.7013883589617329,0.05888011178970572,6,18,8,18,0.4444444444444444,0.05888011178970572,Low
Gabon,GAB,2021,Sub-Saharan Africa ,Sub-Saharan Africa (excluding high income),,,0.004391081381001996,0.11512816305917146,-0.2933205169613496,0.34419850056519197,-0.39847279549702,-0.7459558284607436,-0.16233856598562463,6,18,12,18,0.6666666666666666,-0.16233856598562463,Medium
"Gambia, The",GMB,2021,Sub-Saharan Africa ,Sub-Saharan Africa (excluding high income),,,-0.15544396574684227,0.04252614351249096,-0.587417050991661,0.2711910783366876,-0.525066257034218,-0.7717048490686804,-0.28765248349870387,6,18,14,18,0.7777777777777778,-0.28765248349870387,Medium
Georgia,GEO,2021,Europe & Central Asia,Europe & Central Asia (excluding high income),,,0.1607548184024758,0.2684374255299566,-0.27745959766341494,2.3462500545968767,-0.3084688116565332,-0.7329347761905374,0.24276318550313727,6,18,17,18,0.9444444444444444,0.24276318550313727,High
Germany,DEU,2021,Europe & Central Asia,,,,0.20218714660016687,0.20672213730337394,-0.072110567237122,1.6739554747881416,-0.4007658227951339,-0.6708073541155685,0.15653016909064296,6,18,15,18,0.8333333333333334,0.15653016909064296,High
Ghana,GHA,2021,Sub-Saharan Africa ,Sub-Saharan Africa (excluding high income),,,-0.019172810202675982,-0.08774219566796126,-0.49589158901834846,-0.17831848220388777,-0.45841778272351724,-0.7411433821951493,-0.33011437366859003,6,18,16,18,0.8888888888888888,-0.33011437366859003,High
Gibraltar,GIB,2021,Europe & Central Asia,,,,0.08874733174039917,0.13833524345084838,-0.26297077473278213,1.6742237944736449,-0.42306647944138653,-0.7067170406355997,0.08475867914252068,6,18,7,18,0.3888888888888889,0.08475867914252068,Low
Greece,GRC,2021,Europe & Central Asia,,,,0.09493194806348099,0.4576412828526449,-0.090350199617796,1.6655092818726722,-0.355378013162996,-0.6855309203924791,0.18113722993592116,6,18,15,18,0.8333333333333334,0.18113722993592116,High
Greenland,GRL,2021,Europe & Central Asia,,,,0.07688348573079219,0.10972719744634496,-0.29177333678198025,1.5967262814812269,-0.39750827095089375,-0.6483736046375189,0.07428029204799519,6,18,8,18,0.4444444444444444,0.07428029204799519,Low
Grenada,GRD,2021,Latin America & Caribbean ,Latin America & Caribbean (excluding high income),,,-0.06277525236924766,0.1367778122087714,-0.2829340596334658,1.5967262814812269,-0.4232090947644367,-0.6816820082743186,0.04715061310808827,6,18,11,18,0.6111111111111112,0.04715061310808827,Medium
Guam,GUM,2021,East Asia & Pacific,,,,-0.04492551132829411,0.10972719744634496,-0.2784386065687692,1.6653606709296038,-0.4674595055213285,-0.6552445910325656,0.05483660898749859,6,18,8,18,0.4444444444444444,0.05483660898749859,Low
Guatemala,GTM,2021,Latin America & Caribbean ,Latin America & Caribbean (excluding high income),,,-0.0617308188151765,-0.032063547123898,-0.43685816139968053,0.37424744248062075,-0.49013490301744217,-0.7452703904012471,-0.23196839637947061,6,18,14,18,0.7777777777777778,-0.23196839637947061,Medium
Guinea,GIN,2021,Sub-Saharan Africa ,Sub-Saharan Africa (excluding high income),,,-0.19350150500693228,0.10972719744634496,-0.6039522910576521,-0.3215623731422041,-0.2908957013989956,-0.7358685626619258,-0.3393422059702275,6,18,12,18,0.6666666666666666,-0.3393422059702275,Medium
Guinea-Bissau,GNB,2021,Sub-Saharan Africa ,Sub-Saharan Africa (excluding high income),,,-0.2147990828337677,0.10972719744634496,-0.5968255834142118,0.06873924063749232,-0.5166891616226673,-0.8733464837470232,-0.3371989789223054,6,18,13,18,0.7222222222222222,-0.3371989789223054,Medium
Guyana,GUY,2021,Latin America & Caribbean ,,,,-0.035426222529341904,0.09111417236005555,-0.2717454482165669,0.39590916443283314,-0.3768833735429513,-0.7026336463989757,-0.14994422564915785,6,18,12,18,0.6666666666666666,-0.14994422564915785,Medium
Haiti,HTI,2021,Latin America & Caribbean ,Latin America & Caribbean (excluding high income),,,-0.2919624911908727,0.10972719744634496,-0.5827319597785293,0.24174443049914984,-0.5711053765951211,-0.6969140119530893,-0.29854036859535293,6,18,11,18,0.6111111111111112,-0.29854036859535293,Medium
Heavily indebted poor countries (HIPC),HPC,2021,Aggregates,,,,-0.15845229356627658,-0.26466348974520154,-0.5461195684104535,0.29861022281764904,-0.500275956642083,-0.7471461228497459,-0.31967453473268526,6,18,13,18,0.7222222222222222,-0.31967453473268526,Medium
Honduras,HND,2021,Latin America & Caribbean ,Latin America & Caribbean (excluding high income),,,-0.22316365353183595,-0.01177895376436539,-0.4172549216306838,0.26794961619922103,-0.3039638111636684,-0.7433770149673228,-0.23859812314310921,6,18,14,18,0.7777777777777778,-0.23859812314310921,Medium
"Hong Kong SAR, China",HKG,2021,East Asia & Pacific,,,,0.8079191925542513,0.27279046969672155,-0.24616490217266404,1.6742237944736449,0.6414068791652637,-0.6978078652045291,0.40872792808544806,6,18,11,18,0.6111111111111112,0.40872792808544806,Medium
Hungary,HUN,2021,Europe & Central Asia,,,,0.09352007353081433,0.14737737207624294,-0.1766922542676793,2.4383229487020874,-0.13530556009428318,-0.6859169843252774,0.2802175992703175,6,18,15,18,0.8333333333333334,0.2802175992703175,High
IBRD only,IBD,2021,Aggregates,,,,1.8604642282209666e-05,0.08500891265837969,-0.3014532338586066,1.815011038875119,-0.48399873157415646,-0.7536096431854699,0.06016282459292464,6,18,16,18,0.8888888888888888,0.06016282459292464,High
IDA & IBRD total,IBT,2021,Aggregates,,,,-0.07230309669002905,-0.01228641849286812,-0.3572532430711926,1.4642501284104121,-0.48693056109482996,-0.7615233081724324,-0.03767441651849002,6,18,16,18,0.8888888888888888,-0.03767441651849002,High
IDA blend,IDB,2021,Aggregates,,,,-0.2366647891125111,-0.23108432365884057,-0.4813503493159231,0.694051999659767,-0.42994888185879027,-0.8074911075050829,-0.2487479086318968,6,18,15,18,0.8333333333333334,-0.2487479086318968,High
IDA only,IDX,2021,Aggregates,,,,-0.2821414930435226,-0.2170741945500451,-0.5204090273710879,0.3360812003285451,-0.497406375977177,-0.7667733788744721,-0.3246205449146266,6,18,15,18,0.8333333333333334,-0.3246205449146266,High
IDA total,IDA,2021,Aggregates,,,,-0.266194286253941,-0.22343176503976994,-0.5067223835527395,0.16738176680662353,-0.5119623622356481,-0.8943583052415466,-0.37254788925283694,6,18,17,18,0.9444444444444444,-0.37254788925283694,High
Iceland,ISL,2021,Europe & Central Asia,,,,0.17923222755149074,0.28601213661504726,-0.06771434815049787,1.6742237944736449,-0.41381585292246115,-0.6650712948867556,0.16547777711341136,6,18,14,18,0.7777777777777778,0.16547777711341136,Medium
India,IND,2021,South Asia,South Asia,,,-0.21266129467266268,-0.03546000593567542,-0.35752480241279166,1.5825801590600965,-0.4952715230740794,-0.8036779474935929,-0.05366923575478425,6,18,15,18,0.8333333333333334,-0.05366923575478425,High
Indonesia,IDN,2021,East Asia & Pacific,East Asia & Pacific (excluding high income),,,-0.0017985909003604347,0.08401618649489688,-0.30361109929851454,1.6460938110408103,-0.5305359523676075,-0.7307075142256942,0.02724280679058842,6,18,16,18,0.8888888888888888,0.02724280679058842,High
"Iran, Islamic Rep.",IRN,2021,"Middle East, North Africa, Afghanistan & Pakistan","Middle East, North Africa, Afghanistan & Pakistan (excluding high income)",,,0.1436025184019031,0.11483092323113914,-0.25375610412467203,1.65516017613555,-0.5217091135135838,-0.7828943585252727,0.059205673600843965,6,18,15,18,0.8333333333333334,0.059205673600843965,High
Iraq,IRQ,2021,"Middle East, North Africa, Afghanistan & Pakistan","Middle East, North Africa, Afghanistan & Pakistan (excluding high income)",,,-0.07962473690709289,0.09980380354534764,-0.2532703375050295,0.2340286424715299,-0.47436505857826883,-0.8043632804378551,-0.21296516123522813,6,18,13,18,0.7222222222222222,-0.21296516123522813,Medium
Ireland,IRL,2021,Europe & Central Asia,,,,0.10349159426527145,0.3171060178188038,-0.0738254044694929,1.6571157705601556,0.11661882853752177,-0.6677258524067987,0.2421301590509101,6,18,15,18,0.8333333333333334,0.2421301590509101,High
Isle of Man,IMN,2021,Europe & Central Asia,,,,-0.009436624136492785,0.10972719744634496,-0.2625041831112833,1.6722089223315157,-0.4251278638694804,-0.7008813815739776,0.0639976778477711,6,18,5,18,0.2777777777777778,0.0639976778477711,Low
Israel,ISR,2021,"Middle East, North Africa, Afghanistan & Pakistan",,,,0.19311112032698394,0.15002649362880355,-0.06345063921364806,1.672630083612206,-0.46933354093882906,-0.7123928004160117,0.1284317861665841,6,18,15,18,0.8333333333333334,0.1284317861665841,High
Italy,ITA,2021,Europe & Central Asia,,,,0.12008320271182323,0.19470679797934318,-0.07576628842794945,2.432193083806823,-0.44547368395445436,-0.6859767157766625,0.25662773272315387,6,18,16,18,0.8888888888888888,0.25662773272315387,High
Jamaica,JAM,2021,Latin America & Caribbean ,Latin America & Caribbean (excluding high income),,,-0.00011199470888890543,0.08826562707284209,-0.2795368891289918,0.7818164882943441,-0.4198225647391918,-0.7133502138305255,-0.09045659117340198,6,18,12,18,0.6666666666666666,-0.09045659117340198,Medium
Japan,JPN,2021,East Asia & Pacific,,,,0.2525193751138094,0.16490967566736237,-0.060428628327328544,1.6698664534106753,-0.5424004472068186,-0.676670453635595,0.13463266250368422,6,18,14,18,0.7777777777777778,0.13463266250368422,Medium
Jordan,JOR,2021,"Middle East, North Africa, Afghanistan & Pakistan","Middle East, North Africa, Afghanistan & Pakistan (excluding high income)",,,-0.13151022609244956,0.02662364190637967,-0.24144575531636173,0.7040525791907103,-0.4312626954771295,-0.7460160149590292,-0.13659307845798,6,18,13,18,0.7222222222222222,-0.13659307845798,Medium
Kazakhstan,KAZ,2021,Europe & Central Asia,Europe & Central Asia (excluding high income),,,0.09415087337005139,0.13266313027396032,-0.18543238990534006,1.645360980010759,-0.47170792067580375,-0.7077993241174694,0.08453922482602627,6,18,15,18,0.8333333333333334,0.08453922482602627,High
Kenya,KEN,2021,Sub-Saharan Africa ,Sub-Saharan Africa (excluding high income),,,-0.15535333444158939,0.0709061000242219,-0.5187769493029566,1.7114488823398712,-0.5388845417123128,-0.8577497496731382,-0.04806826546098397,6,18,14,18,0.7777777777777778,-0.04806826546098397,Medium
Kiribati,KIR,2021,East Asia & Pacific,East Asia & Pacific (excluding high income),,,-0.29140281619294295,0.09252507938037362,-0.5493834421734624,0.1455734440135222,-0.4097708715210895,-0.6580397773017769,-0.2784163972992293,6,18,13,18,0.7222222222222222,-0.2784163972992293,Medium
"Korea, Dem. People's Rep.",PRK,2021,East Asia & Pacific,East Asia & Pacific (excluding high income),,,-0.2841985028196115,0.10972719744634496,-0.5203365158186511,0.20672854967201748,-0.42306647944138653,-0.7129297903420145,-0.27067925688388356,6,18,8,18,0.4444444444444444,-0.27067925688388356,Low
"Korea, Rep.",KOR,2021,East Asia & Pacific,,,,0.26520984526457564,0.27562438702679953,-0.0665607303759937,1.6712770489693718,-0.41269109208933336,-0.7058658083975354,0.17116560839964742,6,18,15,18,0.8333333333333334,0.17116560839964742,High
Kuwait,KWT,2021,"Middle East, North Africa, Afghanistan & Pakistan",,,,0.19369479751350624,0.10302526899077602,-0.22568203611064355,1.6289749314574153,-0.3981912970934262,-0.7981743168602864,0.08394122464955689,6,18,14,18,0.7777777777777778,0.08394122464955689,Medium
Kyrgyz Republic,KGZ,2021,Europe & Central Asia,Europe & Central Asia (excluding high income),,,-0.030783055453816124,0.10209390726289909,-0.31496269819963557,1.3895143109992485,-0.3366459561351771,-0.730616791522198,0.013099952825220121,6,18,16,18,0.8888888888888888,0.013099952825220121,High
Lao PDR,LAO,2021,East Asia & Pacific,East Asia & Pacific (excluding high income),,,-0.22569400682837445,-0.12748643197297052,-0.5495144713274448,-0.1966252833523082,-0.4338361644749666,-0.7291701369679536,-0.3770544158206697,6,18,14,18,0.7777777777777778,-0.3770544158206697,Medium
Late-demographic dividend,LTE,2021,Aggregates,,,,0.10105735035318174,0.16660241483124744,-0.25934635049683,1.92521243005579,-0.4675988397373147,-0.7273858339975044,0.123090195168095,6,18,14,18,0.7777777777777778,0.123090195168095,Medium
Latin America & Caribbean ,LCN,2021,Aggregates,,,,0.005547395773740434,0.15764534375822262,-0.28335048463701273,1.7428418652474464,-0.47978739119211805,-0.7136347451384544,0.07154366396863739,6,18,17,18,0.9444444444444444,0.07154366396863739,High
Latin America & Caribbean (excluding high income),LAC,2021,Aggregates,,,,0.005835020745897169,0.14983356890954883,-0.28648991663061646,1.5482417846030454,-0.4865002727397844,-0.6978597050169802,0.038843413311851725,6,18,16,18,0.8888888888888888,0.038843413311851725,High
Latin America & the Caribbean (IDA & IBRD countries),TLA,2021,Aggregates,,,,0.009094770430340756,0.15713819252150954,-0.28393173818105366,1.7450306962060036,-0.4828152282442411,-0.6986420435912071,0.07431244152355869,6,18,16,18,0.8888888888888888,0.07431244152355869,High
Latvia,LVA,2021,Europe & Central Asia,,,,0.10369294634079045,0.27840104004780314,-0.21851089859345543,1.9850457770400995,-0.20626982457076282,-0.6860224050249887,0.209389439206581,6,18,16,18,0.8888888888888888,0.209389439206581,High
Least developed countries: UN classification,LDC,2021,Aggregates,,,,-0.30176390781066315,-0.23783635967208705,-0.5303769868898697,0.40625843199109446,-0.5048279473063064,-0.7682579687833471,-0.3228007897451965,6,18,14,18,0.7777777777777778,-0.3228007897451965,Medium
Lebanon,LBN,2021,"Middle East, North Africa, Afghanistan & Pakistan","Middle East, North Africa, Afghanistan & Pakistan (excluding high income)",,,-0.10913292786430884,0.03897627607540462,-0.28413997268352137,1.1151474340305738,-0.43979945024757444,-0.7227571306656776,-0.0669509618925173,6,18,14,18,0.7777777777777778,-0.0669509618925173,Medium
Lesotho,LSO,2021,Sub-Saharan Africa ,Sub-Saharan Africa (excluding high income),,,-0.23459652991433777,0.10972719744634496,-0.4644989212239475,-0.20342200378530384,-0.22020037736488937,-0.731574088915104,-0.29076078729287286,6,18,13,18,0.7222222222222222,-0.29076078729287286,Medium
Liberia,LBR,2021,Sub-Saharan Africa ,Sub-Saharan Africa (excluding high income),,,-0.45155458212896454,0.10972719744634496,-0.5991809123528734,-0.3422941698372453,-0.4282990811873432,-0.7018932807295677,-0.40224913813160823,6,18,11,18,0.6111111111111112,-0.40224913813160823,Medium
Libya,LBY,2021,"Middle East, North Africa, Afghanistan & Pakistan","Middle East, North Africa, Afghanistan & Pakistan (excluding high income)",,,0.24881308878362549,0.10972719744634496,-0.2892149555255767,0.7131770552003761,-0.0582239705575985,-0.7157661730886238,0.0014187070430912718,6,18,10,18,0.5555555555555556,0.0014187070430912718,Low
Liechtenstein,LIE,2021,Europe & Central Asia,,,,0.2230900821145909,0.16797824542786347,-0.24977697296121312,1.6742237944736449,-0.42306647944138653,-0.7030219524066732,0.11490445286780442,6,18,9,18,0.5,0.11490445286780442,Low
Lithuania,LTU,2021,Europe & Central Asia,,,,0.15866141504759562,0.21898932110451833,-0.10967329734074083,1.9841020094166748,-0.15337347260461784,-0.6797829186001701,0.2364871761705433,6,18,16,18,0.8888888888888888,0.2364871761705433,High
Low & middle income,LMY,2021,Aggregates,,,,-0.028048734702743217,-0.01538225982347837,-0.3618033343440677,1.4328990478603867,-0.4931677526062203,-0.8035380784424054,-0.04484018534308807,6,18,15,18,0.8333333333333334,-0.04484018534308807,High
Luxembourg,LUX,2021,Europe & Central Asia,,,,0.23718749987485443,0.0480420860309933,-0.0727263496978369,1.6730789456806117,0.6188297032301082,-0.6709576215892588,0.3055757105882453,6,18,15,18,0.8333333333333334,0.3055757105882453,High
"Macao SAR, China",MAC,2021,East Asia & Pacific,,,,0.32694828068472276,0.24075334104554943,-0.25192831421636946,1.6742237944736449,-0.04758484615366402,-0.6993666919200612,0.2071742606523037,6,18,11,18,0.6111111111111112,0.2071742606523037,Medium
Madagascar,MDG,2021,Sub-Saharan Africa ,Sub-Saharan Africa (excluding high income),,,-0.42052807360665717,-0.27234432722893037,-0.5926294546537466,-0.29992386168267876,-0.48551466392788095,-0.8456453539946468,-0.4860976225157567,6,18,17,18,0.9444444444444444,-0.4860976225157567,High
Malawi,MWI,2021,Sub-Saharan Africa ,Sub-Saharan Africa (excluding high income),,,-0.39763882579567184,-0.23616441643617705,-0.5844289471142544,-0.4627002390941681,-0.5199992718752677,-0.6997118650726545,-0.4834405942313656,6,18,15,18,0.8333333333333334,-0.4834405942313656,High
Malaysia,MYS,2021,East Asia & Pacific,East Asia & Pacific (excluding high income),,,0.14692639750057498,0.0030924066481832027,-0.2845479553105677,1.9919699591098112,-0.23336203409852993,-0.6858489680971819,0.15637163429204834,6,18,16,18,0.8888888888888888,0.15637163429204834,High
Maldives,MDV,2021,South Asia,South Asia,,,0.10935272751087506,0.013215722428621809,-0.22882860653775075,1.865064723821236,-0.10486270514845102,-0.6844108821692148,0.16158849665088604,6,18,13,18,0.7222222222222222,0.16158849665088604,Medium
Mali,MLI,2021,Sub-Saharan Africa ,Sub-Saharan Africa (excluding high income),,,-0.17914630975365894,0.10972719744634496,-0.604134453540018,0.2545703321294505,-0.48729950166299707,-0.8738331815787924,-0.2966859861599452,6,18,12,18,0.6666666666666666,-0.2966859861599452,Medium
Malta,MLT,2021,"Middle East, North Africa, Afghanistan & Pakistan",,,,0.17334229450318817,0.189992534646841,-0.08659314713596473,2.1008960975588358,0.07559165885697734,-0.6771691718578259,0.29601004442867523,6,18,16,18,0.8888888888888888,0.29601004442867523,High
Marshall Islands,MHL,2021,East Asia & Pacific,East Asia & Pacific (excluding high income),,,-0.3017704595446276,0.14422776647786525,-0.3804101626973997,0.7572471030443685,-0.2673819781304392,-0.6447433637335483,-0.11547184909729685,6,18,13,18,0.7222222222222222,-0.11547184909729685,Medium
Mauritania,MRT,2021,Sub-Saharan Africa ,Sub-Saharan Africa (excluding high income),,,-0.08236093697320884,0.10972719744634496,-0.42981454541486325,-0.02068733988024313,-0.3931049812329283,-0.8070410849830183,-0.2705469485063195,6,18,12,18,0.6666666666666666,-0.2705469485063195,Medium
Mauritius,MUS,2021,Sub-Saharan Africa ,Sub-Saharan Africa (excluding high income),,,0.1661893534749239,0.09622143030933177,-0.24503709216382832,1.771569344096777,-0.22589169309204774,-0.6868470515523036,0.14603404851214213,6,18,14,18,0.7777777777777778,0.14603404851214213,Medium
Mexico,MEX,2021,Latin America & Caribbean ,Latin America & Caribbean (excluding high income),,,-0.017107889264487263,0.12881057676548124,-0.30217936610377855,1.225641616051808,-0.38597933499479203,-0.69715784635666,-0.007995373983738082,6,18,15,18,0.8333333333333334,-0.007995373983738082,High
"Micronesia, Fed. Sts.",FSM,2021,East Asia & Pacific,East Asia & Pacific (excluding high income),,,-0.3184743638141363,0.10972719744634496,-0.542978992793438,0.7890645897035591,-0.3718175467999589,-0.6546991562130223,-0.16486304541177524,6,18,10,18,0.5555555555555556,-0.16486304541177524,Low
"Middle East, North Africa, Afghanistan & Pakistan",MEA,2021,Aggregates,,,,-0.12442713331088617,-0.11425953100363827,-0.3262836841026792,1.470903602989723,-0.43058087438408005,-0.8282823824499137,-0.0588216670435791,6,18,17,18,0.9444444444444444,-0.0588216670435791,High
"Middle East, North Africa, Afghanistan & Pakistan (IDA & IBRD)",TMN,2021,Aggregates,,,,-0.15820708837418848,0.10972719744634496,-0.3354945747403482,1.5595944912439539,-0.5032624903753568,-0.7862804491382835,-0.018987152322979668,6,18,12,18,0.6666666666666666,-0.018987152322979668,Medium
"Middle East, North Africa, Afghanistan & Pakistan (excluding high income)",MNA,2021,Aggregates,,,,-0.15785554674155236,0.10972719744634496,-0.3353829818437532,1.559981604417598,-0.5025105731924461,-0.7858102619867942,-0.018641760316767137,6,18,12,18,0.6666666666666666,-0.018641760316767137,Medium
Middle income,MIC,2021,Aggregates,,,,-0.0070533244235038706,0.019580063731933366,-0.34022493380580116,1.5039774878656056,-0.49233970838080454,-0.7656141046740039,-0.01361241994776241,6,18,14,18,0.7777777777777778,-0.01361241994776241,Medium
Moldova,MDA,2021,Europe & Central Asia,Europe & Central Asia (excluding high income),,,0.0951071534848808,0.1460577711003129,-0.17980772378316293,1.5788978398135107,-0.3357589930836304,-0.6828355108600705,0.10361008944530674,6,18,16,18,0.8888888888888888,0.10361008944530674,High
Monaco,MCO,2021,Europe & Central Asia,,,,0.1654898683674038,0.10972719744634496,-0.06149159356995795,1.6742237944736449,-0.37101319230788804,-0.6827305647718981,0.1390342516062749,6,18,11,18,0.6111111111111112,0.1390342516062749,Medium
Mongolia,MNG,2021,East Asia & Pacific,East Asia & Pacific (excluding high income),,,0.1086512433266522,0.20969108495652358,-0.39822973790328997,1.4827070088670602,-0.2881092089768306,-0.802437655344979,0.05204545582085603,6,18,15,18,0.8333333333333334,0.05204545582085603,High
Montenegro,MNE,2021,Europe & Central Asia,Europe & Central Asia (excluding high income),,,0.3180968021438961,0.12444910123785112,-0.2519268404806138,1.9742312342197097,-0.2880873732716062,-0.7036271589121558,0.19552262748951352,6,18,16,18,0.8888888888888888,0.19552262748951352,High
Morocco,MAR,2021,"Middle East, North Africa, Afghanistan & Pakistan","Middle East, North Africa, Afghanistan & Pakistan (excluding high income)",,,0.10812649651145101,0.03543598270215644,-0.24885689209893483,1.595773368243224,-0.40460566389220903,-0.7048153887058843,0.06350965045996722,6,18,14,18,0.7777777777777778,0.06350965045996722,Medium
Mozambique,MOZ,2021,Sub-Saharan Africa ,Sub-Saharan Africa (excluding high income),,,-0.44622266702227803,0.10972719744634496,-0.5835149388694006,-0.2866323993636511,-0.3122825191575709,-0.6932457034845232,-0.36869517174184646,6,18,13,18,0.7222222222222222,-0.36869517174184646,Medium
Myanmar,MMR,2021,East Asia & Pacific,East Asia & Pacific (excluding high income),,,0.013346408197772016,0.10972719744634496,-0.4451833064271075,0.20500564425686127,-0.4775813360586499,-0.761286143443982,-0.22599525600479353,6,18,10,18,0.5555555555555556,-0.22599525600479353,Low
Namibia,NAM,2021,Sub-Saharan Africa ,Sub-Saharan Africa (excluding high income),,,-0.10286969160639908,-0.007176220308690862,-0.45062581006691865,1.3887259525659281,-0.39965452397847834,-0.6968807836116472,-0.04474684616770099,6,18,14,18,0.7777777777777778,-0.04474684616770099,Medium
Naoero,NRU,2021,East Asia & Pacific,,,,-0.0662105272817441,0.13358023818385054,-0.2813073806242679,1.3987011730750865,-0.2296461845391663,-0.6559175439978645,0.04986662913598235,6,18,12,18,0.6666666666666666,0.04986662913598235,Medium
Nepal,NPL,2021,South Asia,South Asia,,,-0.0780132371670243,-0.04160661419567979,-0.45083353921347635,0.8879381975877249,-0.5212552395035409,-0.8066097276818737,-0.1683966933623117,6,18,14,18,0.7777777777777778,-0.1683966933623117,Medium
Netherlands,NLD,2021,Europe & Central Asia,,,,0.18885042670212773,0.36166556897223484,-0.07364612603156322,1.6741094953122737,-0.12882848837444236,-0.6711502401729281,0.22516677273461716,6,18,15,18,0.8333333333333334,0.22516677273461716,High
New Caledonia,NCL,2021,East Asia & Pacific,,,,-0.04568069316698594,0.10972719744634496,-0.2730728029215332,1.6642057700815946,-0.5196432126270748,-0.7018869557400379,0.03894155051205128,6,18,8,18,0.4444444444444444,0.03894155051205128,Low
New Zealand,NZL,2021,East Asia & Pacific,,,,0.1353561721317984,0.27108377422833224,-0.08036517009658097,1.6742237805422746,-0.5008117609118617,-0.6632621098714336,0.13937078100375486,6,18,14,18,0.7777777777777778,0.13937078100375486,Medium
Nicaragua,NIC,2021,Latin America & Caribbean ,Latin America & Caribbean (excluding high income),,,-0.15788525808460474,0.10972719744634496,-0.38725883286775514,0.5512036950833058,-0.29992085750938374,-0.7092289916482044,-0.14889384126338287,6,18,11,18,0.6111111111111112,-0.14889384126338287,Medium
Niger,NER,2021,Sub-Saharan Africa ,Sub-Saharan Africa (excluding high income),,,-0.35938403784853773,0.10972719744634496,-0.5935051129023129,0.22102287534194912,-0.5537242882213692,-0.9670860166957173,-0.3571582304799405,6,18,11,18,0.6111111111111112,-0.3571582304799405,Medium
Nigeria,NGA,2021,Sub-Saharan Africa ,Sub-Saharan Africa (excluding high income),,,-0.23816187797752664,-0.1174642452698124,-0.5562321123438178,-0.2417330921978054,-0.440385121824792,-0.8077479643114351,-0.4002874023208649,6,18,14,18,0.7777777777777778,-0.4002874023208649,Medium
North America,NAC,2021,Aggregates,,,,0.10874084411754652,0.27364225468846504,-0.16776576404767748,1.6651893963046458,-0.5588051608132188,-0.664869635753257,0.10935532241608402,6,18,16,18,0.8888888888888888,0.10935532241608402,High
North Macedonia,MKD,2021,Europe & Central Asia,Europe & Central Asia (excluding high income),,,0.04582680104207489,0.05202751451888752,-0.18698127766190586,2.2501083525229695,-0.18176184284788247,-0.7086647793699471,0.21175912803403274,6,18,15,18,0.8333333333333334,0.21175912803403274,High
Northern Mariana Islands,MNP,2021,East Asia & Pacific,,,,-0.009436624136492785,0.10972719744634496,-0.2697267657454426,1.6149556183928528,-0.3966271252825459,-0.6464401981824084,0.06707535041538466,6,18,7,18,0.3888888888888889,0.06707535041538466,Low
Norway,NOR,2021,Europe & Central Asia,,,,0.1731204617304062,0.32455919041680414,-0.05813464379329785,1.6714958736316279,-0.4362133639341765,-0.6596656450676596,0.169193645497284,6,18,15,18,0.8333333333333334,0.169193645497284,High
OECD members,OED,2021,Aggregates,,,,0.09345584654615158,0.23283337951777724,-0.1846622647959383,1.5967262814812269,-0.47264190336456907,-0.6820609632832957,0.09727506268355879,6,18,12,18,0.6666666666666666,0.09727506268355879,Medium
Oman,OMN,2021,"Middle East, North Africa, Afghanistan & Pakistan",,,,0.13597275577410195,0.08292052030090073,-0.23452677681947906,1.1348730293168545,-0.3520318292863039,-0.7859243227197658,-0.003119437238948567,6,18,14,18,0.7777777777777778,-0.003119437238948567,Medium
Other small states,OSS,2021,Aggregates,,,,0.04265333494289723,-0.05485613251033109,-0.3533395967031765,1.6841478127890002,-0.1733696503840936,-0.6967982751104453,0.0747395821706418,6,18,14,18,0.7777777777777778,0.0747395821706418,Medium
Pacific island small states,PSS,2021,Aggregates,,,,-0.14981570305631647,-0.03854807493704693,-0.4769073430291859,1.5967262814812269,-0.4251922913109014,-0.6644908726479795,-0.026371333916700546,6,18,12,18,0.6666666666666666,-0.026371333916700546,Medium
Pakistan,PAK,2021,"Middle East, North Africa, Afghanistan & Pakistan","Middle East, North Africa, Afghanistan & Pakistan (excluding high income)",,,-0.1428682637523291,-0.28077082668431624,-0.4227485585988784,-0.20447483701648098,-0.5676908801041279,-0.8070787284951312,-0.40427201577521066,6,18,15,18,0.8333333333333334,-0.40427201577521066,High
Palau,PLW,2021,East Asia & Pacific,,,,0.07401600974824175,0.14090570853577097,-0.2581951161949584,1.6396426349152857,-0.45214356543355505,-0.6571482576804601,0.08117956898172081,6,18,11,18,0.6111111111111112,0.08117956898172081,Medium
Panama,PAN,2021,Latin America & Caribbean ,,,,0.09404216734947567,0.13453610947225067,-0.231219089639676,1.5967262814812269,-0.364277975387399,-0.6986601764656649,0.08852455280170222,6,18,14,18,0.7777777777777778,0.08852455280170222,Medium
Papua New Guinea,PNG,2021,East Asia & Pacific,East Asia & Pacific (excluding high income),,,-0.4297337628791213,-0.039441139355797246,-0.5595781495199083,0.48934960061965344,-0.4451194053797087,-0.694425226190559,-0.27982468045090686,6,18,11,18,0.6111111111111112,-0.27982468045090686,Medium
Paraguay,PRY,2021,Latin America & Caribbean ,Latin America & Caribbean (excluding high income),,,0.024891437786004892,0.08500151380098338,-0.3548850443349971,1.8575408435602243,-0.43691226626516394,-0.697452873255743,0.07969726854855141,6,18,15,18,0.8333333333333334,0.07969726854855141,High
Peru,PER,2021,Latin America & Caribbean ,Latin America & Caribbean (excluding high income),,,0.03453129196419185,0.13869519891756021,-0.28557381771126017,1.379731346874726,-0.45204614253804354,-0.7493027482411624,0.011005854877668678,6,18,15,18,0.8333333333333334,0.011005854877668678,High
Philippines,PHL,2021,East Asia & Pacific,East Asia & Pacific (excluding high income),,,0.06547267143955522,0.023326655763760567,-0.4061238352082162,0.5541802791095795,-0.4504268727330327,-0.7385618430642201,-0.15868882411542898,6,18,15,18,0.8333333333333334,-0.15868882411542898,High
Poland,POL,2021,Europe & Central Asia,,,,0.1336641148628072,0.2254710796437768,-0.08310111495368204,2.411792889139303,-0.2871205976294236,-0.6923034771328394,0.28473381565499034,6,18,16,18,0.8888888888888888,0.28473381565499034,High
Portugal,PRT,2021,Europe & Central Asia,,,,0.1413776550989507,0.2534708750404369,-0.11816953635567033,2.427173849130005,-0.3784361724223941,-0.6685313955856539,0.27614754581761236,6,18,16,18,0.8888888888888888,0.27614754581761236,High
Post-demographic dividend,PST,2021,Aggregates,,,,0.11277787647354799,0.23717783694608505,-0.12140333649041955,1.5967262814812269,-0.4676587175997158,-0.6753510346952097,0.11371148435258581,6,18,12,18,0.6666666666666666,0.11371148435258581,Medium
Pre-demographic dividend,PRE,2021,Aggregates,,,,-0.13841221277576446,-0.2553916923181628,-0.5351361785359511,0.3505524556498956,-0.438294442990211,-0.7721558242563572,-0.2981396492044251,6,18,12,18,0.6666666666666666,-0.2981396492044251,Medium
Puerto Rico (US),PRI,2021,Latin America & Caribbean ,,,,0.06908429856149945,0.2201078942109582,-0.26458147457686015,1.6725829880202683,-0.3562629105864497,-0.6661976463518798,0.11245552487958937,6,18,12,18,0.6666666666666666,0.11245552487958937,Medium
Qatar,QAT,2021,"Middle East, North Africa, Afghanistan & Pakistan",,,,0.15687623641887577,0.047191797250585366,-0.08076246670446245,1.9465099803088186,-0.3293225452299839,-0.7661266197479651,0.16239439704931133,6,18,15,18,0.8333333333333334,0.16239439704931133,High
Romania,ROU,2021,Europe & Central Asia,,,,0.11202761552148095,0.13188731531259787,-0.14874820209472345,1.7586921242895626,-0.3698824077322415,-0.6925642333352459,0.1319020353269051,6,18,17,18,0.9444444444444444,0.1319020353269051,High
Russian Federation,RUS,2021,Europe & Central Asia,,,,0.2610138835338659,0.1524451502713469,-0.16124235027548534,1.5976791947192295,-0.48699191991336727,-0.6779587023872278,0.11415754265806033,6,18,16,18,0.8888888888888888,0.11415754265806033,High
Rwanda,RWA,2021,Sub-Saharan Africa ,Sub-Saharan Africa (excluding high income),,,-0.2973260573784879,-0.04476817217849304,-0.5650366323248394,0.0909113588821724,-0.4580439428071362,-0.7668135467771876,-0.3401794987639953,6,18,13,18,0.7222222222222222,-0.3401794987639953,Medium
Samoa,WSM,2021,East Asia & Pacific,East Asia & Pacific (excluding high income),,,-0.2929601655166016,-0.0016566371087167557,-0.4488808852358341,1.290454174580901,-0.4962392885843565,-0.6557815279978223,-0.1008440549770717,6,18,13,18,0.7222222222222222,-0.1008440549770717,Medium
San Marino,SMR,2021,Europe & Central Asia,,,,0.1045886107072611,0.02075204104168885,-0.16239682546860565,2.443017601665786,0.47586681679018755,-0.6741653201312025,0.3679438207675192,6,18,15,18,0.8333333333333334,0.3679438207675192,High
Sao Tome and Principe,STP,2021,Sub-Saharan Africa ,Sub-Saharan Africa (excluding high income),,,-0.18409514355411485,0.10972719744634496,-0.567030832131793,0.04908689200804541,-0.4839333547786698,-0.6951896373047391,-0.29523914638582105,6,18,13,18,0.7222222222222222,-0.29523914638582105,Medium
Saudi Arabia,SAU,2021,"Middle East, North Africa, Afghanistan & Pakistan",,,,0.25389915554502135,0.21248864177993607,-0.10950578892199707,1.1333359776194187,-0.4765843368632871,-0.7931725705503618,0.036743513101454996,6,18,14,18,0.7777777777777778,0.036743513101454996,Medium
Senegal,SEN,2021,Sub-Saharan Africa ,Sub-Saharan Africa (excluding high income),,,-0.08877711901374678,-0.16723539719896832,-0.48060911549775137,0.18932896948489122,-0.4344375525041002,-0.8378341349131292,-0.30326072494046746,6,18,15,18,0.8333333333333334,-0.30326072494046746,High
Serbia,SRB,2021,Europe & Central Asia,Europe & Central Asia (excluding high income),,,0.10663443468179168,0.15779535568052436,-0.228417980967745,2.362715021916363,-0.28082839189297343,-0.7005418761639438,0.2362260938756695,6,18,16,18,0.8888888888888888,0.2362260938756695,High
Seychelles,SYC,2021,Sub-Saharan Africa ,,,,0.2099178388541766,0.05636890361474541,-0.24274466657273605,1.7275946824249526,-0.08204170386113867,-0.6719676796506463,0.16618789580155893,6,18,15,18,0.8333333333333334,0.16618789580155893,High
Sierra Leone,SLE,2021,Sub-Saharan Africa ,Sub-Saharan Africa (excluding high income),,,-0.2526664675600503,0.04868775294923516,-0.6017567537701888,0.03884926896898303,-0.5226126017354945,-0.7168119630281021,-0.3343851273626029,6,18,13,18,0.7222222222222222,-0.3343851273626029,Medium
Singapore,SGP,2021,East Asia & Pacific,,,,0.2654755417434079,0.31429741934041183,-0.1158856849507397,1.6742237944736449,0.4224141410934263,-0.6720908155850339,0.31473906601918616,6,18,15,18,0.8333333333333334,0.31473906601918616,High
Sint Maarten (Dutch part),SXM,2021,Latin America & Caribbean ,,,,-0.009436624136492785,0.10972719744634496,-0.281407535448032,1.5967262814812269,-0.4271242700233593,-0.7050794740439286,0.04723426254595986,6,18,4,18,0.2222222222222222,0.04723426254595986,Low
Slovak Republic,SVK,2021,Europe & Central Asia,,,,0.18358703452148586,0.09472443084413562,-0.1174134490304884,1.6723003070678313,-0.06816145299471373,-0.685982047287975,0.17984247052004596,6,18,15,18,0.8333333333333334,0.17984247052004596,High
Slovenia,SVN,2021,Europe & Central Asia,,,,0.14241593233761007,0.250025172503307,-0.08526025092353089,1.6697902227195287,-0.1255121100333136,-0.6785956565545567,0.19547721834150744,6,18,15,18,0.8333333333333334,0.19547721834150744,High
Small states,SST,2021,Aggregates,,,,-0.002761770088566682,-0.045145240860496004,-0.3495013613047389,1.6841478127890002,-0.20957568351394187,-0.6906094118889615,0.06442572418871585,6,18,15,18,0.8333333333333334,0.06442572418871585,High
Solomon Islands,SLB,2021,East Asia & Pacific,East Asia & Pacific (excluding high income),,,-0.3548289599780628,0.10972719744634496,-0.5492492171864557,0.024696781770788375,-0.4613608655548105,-0.675020683033309,-0.3176726244225841,6,18,12,18,0.6666666666666666,-0.3176726244225841,Medium
"Somalia, Fed. Rep.",SOM,2021,Sub-Saharan Africa ,Sub-Saharan Africa (excluding high income),,,-0.3949552075244049,0.10972719744634496,-0.6051347492765189,0.23329605599000433,-0.4165974957259621,-0.70692967980054,-0.2967656464818461,6,18,11,18,0.6111111111111112,-0.2967656464818461,Medium
South Africa,ZAF,2021,Sub-Saharan Africa ,Sub-Saharan Africa (excluding high income),,,0.1326203291169904,0.062102240729681235,-0.3152503231717924,1.5771009663725826,-0.47863302310144357,-0.7347773917984511,0.04052713302459452,6,18,15,18,0.8333333333333334,0.04052713302459452,High
South Asia,SAS,2021,Aggregates,,,,-0.19991270933692207,-0.04520840313351095,-0.37360956502690695,1.5869964025353986,-0.5012451739149185,-0.8248332435354296,-0.05963544873538159,6,18,16,18,0.8888888888888888,-0.05963544873538159,High
South Asia (IDA & IBRD),TSA,2021,Aggregates,,,,-0.19991270933692207,-0.04520840313351095,-0.37360956502690695,1.5869964025353986,-0.5012451739149185,-0.8037407455772655,-0.056120032409020894,6,18,15,18,0.8333333333333334,-0.056120032409020894,High
South Sudan,SSD,2021,Sub-Saharan Africa ,Sub-Saharan Africa (excluding high income),,,-0.30227573330008534,0.10972719744634496,-0.6145816316953573,-0.3796421803392864,-0.42306647944138653,-0.7257992758003251,-0.38927301718834934,6,18,9,18,0.5,-0.38927301718834934,Low
Spain,ESP,2021,Europe & Central Asia,,,,0.15491286735710816,0.3702646107779575,-0.06447954155307069,2.4414384393402098,-0.43517729278720013,-0.672623354406236,0.29905595478812813,6,18,17,18,0.9444444444444444,0.29905595478812813,High
Sri Lanka,LKA,2021,South Asia,South Asia,,,-0.028245857192398704,0.011799717309726898,-0.3958875820324586,1.5059968314480112,-0.5268859655823056,-0.7132846170490573,-0.024417912183080353,6,18,15,18,0.8333333333333334,-0.024417912183080353,High
St. Kitts and Nevis,KNA,2021,Latin America & Caribbean ,,,,0.12559307066724704,0.21014646877997453,-0.2559324664139917,1.5967262814812269,-0.4353184851782137,-0.6716469364186034,0.09492798881960661,6,18,11,18,0.6111111111111112,0.09492798881960661,Medium
St. Lucia,LCA,2021,Latin America & Caribbean ,Latin America & Caribbean (excluding high income),,,-0.09388719502651015,0.10972719744634496,-0.2787890642013841,1.3442598648055195,-0.4021454430759561,-0.6795300898002674,-6.078830870888859e-05,6,18,10,18,0.5555555555555556,-6.078830870888859e-05,Low
St. Martin (French part),MAF,2021,Latin America & Caribbean ,,,,-0.009436624136492785,0.10972719744634496,-0.2631880913784117,1.6634749976717302,-0.4011471633941323,-0.6818249808208815,0.06960088923135949,6,18,5,18,0.2777777777777778,0.06960088923135949,Low
St. Vincent and the Grenadines,VCT,2021,Latin America & Caribbean ,Latin America & Caribbean (excluding high income),,,-0.025251549426803337,0.172601019900794,-0.285778351024794,0.8379673176871028,-0.4283638403153258,-0.676931775696476,-0.0676261964792504,6,18,12,18,0.6666666666666666,-0.0676261964792504,Medium
Sub-Saharan Africa ,SSF,2021,Aggregates,,,,-0.277539493489014,-0.24580232800253857,-0.5360896835747113,1.0111444202989264,-0.48717993790815317,-0.9052227221617501,-0.24011495747287348,6,18,17,18,0.9444444444444444,-0.24011495747287348,High
Sub-Saharan Africa (IDA & IBRD countries),TSS,2021,Aggregates,,,,-0.2778590767914105,-0.24580232800253857,-0.5360896835747113,1.0111444202989264,-0.4871799379081531,-0.7617298193857548,-0.216252737560607,6,18,16,18,0.8888888888888888,-0.216252737560607,High
Sub-Saharan Africa (excluding high income),SSA,2021,Aggregates,,,,-0.26248711994614243,-0.24584062950248906,-0.5361139887145895,1.017008523550246,-0.4876215907106343,-0.7617372606034264,-0.21279867765450597,6,18,16,18,0.8888888888888888,-0.21279867765450597,High
Sudan,SDN,2021,Sub-Saharan Africa ,Sub-Saharan Africa (excluding high income),,,-0.16908093645690614,0.10972719744634496,-0.380924691814258,0.24365104471353463,-0.6696473020884955,-0.7735486496026546,-0.27330388963373914,6,18,10,18,0.5555555555555556,-0.27330388963373914,Low
Suriname,SUR,2021,Latin America & Caribbean ,Latin America & Caribbean (excluding high income),,,0.13363971548812809,-0.12176298471782854,-0.2726402814632769,1.449856316776759,-0.44782557207285373,-0.6983647395342679,0.007150409079443365,6,18,13,18,0.7222222222222222,0.007150409079443365,Medium
Sweden,SWE,2021,Europe & Central Asia,,,,0.1953062269525935,0.3593606397481877,-0.06806511031166478,1.6733904408986155,-0.3626700356689021,-0.6595551613195255,0.1896278333832174,6,18,15,18,0.8333333333333334,0.1896278333832174,High
Switzerland,CHE,2021,Europe & Central Asia,,,,0.21530604547412577,0.20234395919427797,-0.06264778360031072,1.6636775350269453,-0.2423000945508963,-0.6700146187317976,0.18439417380205744,6,18,15,18,0.8333333333333334,0.18439417380205744,High
Syrian Arab Republic,SYR,2021,"Middle East, North Africa, Afghanistan & Pakistan","Middle East, North Africa, Afghanistan & Pakistan (excluding high income)",,,-0.12430434455156401,-0.03669071887053398,-0.21040143332157282,0.36480678535853506,-0.48296481653585593,-0.7476258528424481,-0.20619673012723996,6,18,12,18,0.6666666666666666,-0.20619673012723996,Medium
Tajikistan,TJK,2021,Europe & Central Asia,Europe & Central Asia (excluding high income),,,-0.31339974306402557,0.05277298052965481,-0.2203852156884372,0.9562962205845459,-0.41657896748326806,-0.7844344755230415,-0.12095486677409527,6,18,16,18,0.8888888888888888,-0.12095486677409527,High
Tanzania,TZA,2021,Sub-Saharan Africa ,Sub-Saharan Africa (excluding high income),,,-0.28278033381779,-0.2568209967168847,-0.5606231869187447,-0.20888753744410105,-0.5689189251108546,-0.7166801540070447,-0.43245185566923666,6,18,15,18,0.8333333333333334,-0.43245185566923666,High
Thailand,THA,2021,East Asia & Pacific,East Asia & Pacific (excluding high income),,,0.22919734381077858,0.05097134130064734,-0.2382435306263495,2.2137969458951163,-0.2896053530917097,-0.7135741257400019,0.2087571035914135,6,18,15,18,0.8333333333333334,0.2087571035914135,High
Timor-Leste,TLS,2021,East Asia & Pacific,East Asia & Pacific (excluding high income),,,-0.19696940067382318,0.10972719744634496,-0.5332412895694189,0.13780393392728177,-0.338241010694274,-0.6882907647536408,-0.25153522238625503,6,18,12,18,0.6666666666666666,-0.25153522238625503,Medium
Togo,TGO,2021,Sub-Saharan Africa ,Sub-Saharan Africa (excluding high income),,,-0.3126060935905885,0.015584663190691045,-0.5644390115493579,-0.3821201130060814,-0.47821569243206374,-0.8643035177828796,-0.43101662752838005,6,18,15,18,0.8333333333333334,-0.43101662752838005,High
Tonga,TON,2021,East Asia & Pacific,East Asia & Pacific (excluding high income),,,-0.23766613366633374,0.15325143433403174,-0.2883414091100133,1.4490309236900722,-0.4518140269171617,-0.6525077893105675,-0.00467450016332871,6,18,14,18,0.7777777777777778,-0.00467450016332871,Medium
Trinidad and Tobago,TTO,2021,Latin America & Caribbean ,,,,0.14113788282454565,0.10972719744634496,-0.2500521336498974,1.310606897788529,-0.43971108395091657,-0.688456784195625,0.030541996043830105,6,18,11,18,0.6111111111111112,0.030541996043830105,Medium
Tunisia,TUN,2021,"Middle East, North Africa, Afghanistan & Pakistan","Middle East, North Africa, Afghanistan & Pakistan (excluding high income)",,,0.03588749108520286,0.03235681433017259,-0.24467674250358953,1.7057859608248511,-0.35622961659158525,-0.7054475009424322,0.0779460677004366,6,18,16,18,0.8888888888888888,0.0779460677004366,High
Turkiye,TUR,2021,Europe & Central Asia,Europe & Central Asia (excluding high income),,,0.008043666741878628,0.440439932016889,-0.1544615720701024,2.365520088673368,-0.411564313699752,-0.7235009428131223,0.2540794764748598,6,18,16,18,0.8888888888888888,0.2540794764748598,High
Turkmenistan,TKM,2021,Europe & Central Asia,Europe & Central Asia (excluding high income),,,-0.10374200533074153,-0.024632443818311294,-0.11537333835399544,0.5566488850542576,-0.5488905014299319,-0.7600001217892434,-0.16599825427799433,6,18,13,18,0.7222222222222222,-0.16599825427799433,Medium
Turks and Caicos Islands,TCA,2021,Latin America & Caribbean ,,,,-0.009436624136492785,0.12723002115627977,-0.2726861071256335,1.5051785352405564,-0.35038392779241606,-0.7068334170310461,0.048844746718541276,6,18,6,18,0.3333333333333333,0.048844746718541276,Low
Tuvalu,TUV,2021,East Asia & Pacific,East Asia & Pacific (excluding high income),,,-0.10238051456141066,0.0980804508514483,-0.34237016221315314,1.382187047351536,-0.43080045465360733,-0.6501753884921665,-0.007576503619558843,6,18,11,18,0.6111111111111112,-0.007576503619558843,Medium
Uganda,UGA,2021,Sub-Saharan Africa ,Sub-Saharan Africa (excluding high income),,,-0.3951590689954802,0.08376954193672388,-0.5797374642350749,-0.3445723753942076,-0.534395923843814,-0.7546582554609046,-0.4207922576654595,6,18,14,18,0.7777777777777778,-0.4207922576654595,Medium
Ukraine,UKR,2021,Europe & Central Asia,Europe & Central Asia (excluding high income),,,0.10596614762673835,0.15459969036738389,-0.18734988971971858,1.6363280493392711,-0.39014636325242485,-0.6887811211494754,0.10510275220196241,6,18,15,18,0.8333333333333334,0.10510275220196241,High
United Arab Emirates,ARE,2021,"Middle East, North Africa, Afghanistan & Pakistan",,,,0.3945168055322717,0.18675973787653719,-0.08395829972842674,2.4386552707322764,-0.07550845171373129,-0.8069136704904242,0.3422585653680838,6,18,16,18,0.8888888888888888,0.3422585653680838,High
United Kingdom,GBR,2021,Europe & Central Asia,,,,0.17846567539175895,0.2501991887714044,-0.10132983473378654,1.6737444420788004,-0.4553818473759274,-0.6714635269635228,0.1457056828614545,6,18,15,18,0.8333333333333334,0.1457056828614545,High
United States,USA,2021,North America,,,,0.11264086073133467,0.23605508213126783,-0.17265459205691477,1.6656567432324738,-0.5687633656001133,-0.6648703452612968,0.10134406386279192,6,18,15,18,0.8333333333333334,0.10134406386279192,High
Uruguay,URY,2021,Latin America & Caribbean ,,,,0.1883889835171418,0.2646582753892115,-0.23304071446333563,2.365520088673368,-0.4632616301290505,-0.6731494381342507,0.24151926080884745,6,18,15,18,0.8333333333333334,0.24151926080884745,High
Uzbekistan,UZB,2021,Europe & Central Asia,Europe & Central Asia (excluding high income),,,0.0049240215233874495,0.06391227065312292,-0.24247800938310216,1.6955708446953757,-0.4739834157817751,-0.7666663476600553,0.046879894007825586,6,18,17,18,0.9444444444444444,0.046879894007825586,High
Vanuatu,VUT,2021,East Asia & Pacific,East Asia & Pacific (excluding high income),,,-0.1342685236468111,0.015189572575986679,-0.5154948287873452,1.0864548197714696,-0.4872814965908992,-0.6684149007192053,-0.11730255956613407,6,18,13,18,0.7222222222222222,-0.11730255956613407,Medium
"Venezuela, RB",VEN,2021,Latin America & Caribbean ,Latin America & Caribbean (excluding high income),,,-0.17821580840228277,0.10972719744634496,-0.2665905695489125,0.6868156101476531,-0.5707815924584714,-0.6970032725307801,-0.1526747392244081,6,18,11,18,0.6111111111111112,-0.1526747392244081,Medium
Viet Nam,VNM,2021,East Asia & Pacific,East Asia & Pacific (excluding high income),,,0.0997047724456415,0.07203515573321653,-0.24930430872228984,1.5369617727305698,-0.0666197906157262,-0.724680755463921,0.11134947435124846,6,18,14,18,0.7777777777777778,0.11134947435124846,Medium
Virgin Islands (U.S.),VIR,2021,Latin America & Caribbean ,,,,-0.06417637401239583,0.10972719744634496,-0.26362818096995577,1.6698577108741224,-0.07929498751607644,-0.6624460654833096,0.11833988338978828,6,18,8,18,0.4444444444444444,0.11833988338978828,Low
West Bank and Gaza,PSE,2021,"Middle East, North Africa, Afghanistan & Pakistan","Middle East, North Africa, Afghanistan & Pakistan (excluding high income)",,,-0.12323860702782884,0.1072116985444861,-0.21626047925452044,1.5282203039119417,-0.42085903842685896,-0.7190044026242118,0.026011579187167955,6,18,14,18,0.7777777777777778,0.026011579187167955,Medium
World,WLD,2021,Aggregates,,,,-0.03871489160816466,0.019770513650681398,-0.33829299459592366,1.5815295427307616,-0.4700672527412384,-0.7819759772908429,-0.00462517664245445,6,18,17,18,0.9444444444444444,-0.00462517664245445,High
"Yemen, Rep.",YEM,2021,"Middle East, North Africa, Afghanistan & Pakistan","Middle East, North Africa, Afghanistan & Pakistan (excluding high income)",,,-0.24235927186249184,0.10972719744634496,-0.4257973833037403,0.24425121983202433,-0.42306647944138653,-0.7834049202548158,-0.25344160626401085,6,18,8,18,0.4444444444444444,-0.25344160626401085,Low
Zambia,ZMB,2021,Sub-Saharan Africa ,Sub-Saharan Africa (excluding high income),,,-0.25834663714102835,0.08665157010287479,-0.5649950864955277,-0.15092439284796952,-0.3825217588594665,-0.7128689756718366,-0.33050088015215895,6,18,13,18,0.7222222222222222,-0.33050088015215895,Medium
Zimbabwe,ZWE,2021,Sub-Saharan Africa ,Sub-Saharan Africa (excluding high income),,,-0.24035260882314077,0.10972719744634496,-0.5078791586912383,-0.10917980209301355,-0.5357371455655194,-0.6951732541207845,-0.3297657953078919,6,18,13,18,0.7222222222222222,-0.3297657953078919,Medium
Afghanistan,AFG,2022,"Middle East, North Africa, Afghanistan & Pakistan","Middle East, North Africa, Afghanistan & Pakistan (excluding high income)",,,-0.4240578207669907,0.09550860400375766,-0.4602720158117344,0.14906708280874584,-0.4967682809369584,-0.7903614927179521,-0.3211473205701887,6,18,12,18,0.6666666666666666,-0.3211473205701887,Medium
Africa Eastern and Southern,AFE,2022,Aggregates,,,,-0.31930791648667073,-0.10245175696479804,-0.5118654926705849,1.0500296786160666,-0.5195775169904799,-0.7501066063221336,-0.19221326846976675,6,18,15,18,0.8333333333333334,-0.19221326846976675,High
Africa Western and Central,AFW,2022,Aggregates,,,,-0.20857833290753933,-0.14035000646335463,-0.5331844276573856,0.15009684963928574,-0.4445838903061821,-0.7985561404017206,-0.32919265801614944,6,18,13,18,0.7222222222222222,-0.32919265801614944,Medium
Albania,ALB,2022,Europe & Central Asia,Europe & Central Asia (excluding high income),,,-0.01248889367700808,0.1340839379892252,-0.15722129097139734,1.4312304659002375,-0.41462297643613694,-0.7054015914611437,0.04592994189062947,6,18,15,18,0.8333333333333334,0.04592994189062947,High
Algeria,DZA,2022,"Middle East, North Africa, Afghanistan & Pakistan","Middle East, North Africa, Afghanistan & Pakistan (excluding high income)",,,-0.040417019664959454,0.1276240420033827,-0.22790515833075112,-0.06403659482482034,-0.5353852532372717,-0.7240231342347593,-0.24402385304819654,6,18,15,18,0.8333333333333334,-0.24402385304819654,High
American Samoa,ASM,2022,East Asia & Pacific,,,,-0.014119005924437036,0.09550860400375766,-0.2788426737160192,1.3448140811040137,-0.29663903127165686,-0.6679521297617311,0.030461640738987845,6,18,7,18,0.3888888888888889,0.030461640738987845,Low
Andorra,AND,2022,Europe & Central Asia,,,,0.26076131637043387,0.04884668938976944,-0.1227470144764824,1.6091179181651867,-0.42665559125658437,-0.6998518578572354,0.11157857672251464,6,18,13,18,0.7222222222222222,0.11157857672251464,Medium
Angola,AGO,2022,Sub-Saharan Africa ,Sub-Saharan Africa (excluding high income),,,-0.32675925875958584,0.09550860400375766,-0.42363018547063785,0.2999242525519758,-0.5235209071872263,-0.7395662552302987,-0.2696739583486692,6,18,11,18,0.6111111111111112,-0.2696739583486692,Medium
Antigua and Barbuda,ATG,2022,Latin America & Caribbean ,,,,0.24634047922946758,0.14326777483131206,-0.20389679798756052,1.5654419910721016,-0.30315761021921084,-0.6849409566171701,0.12717581338482328,6,18,12,18,0.6666666666666666,0.12717581338482328,Medium
Arab World,ARB,2022,Aggregates,,,,-0.043387477571385974,-0.08009601877952939,-0.2825372860230059,0.747250912256162,-0.41472757684312905,-0.796521101306931,-0.14500309137796988,6,18,14,18,0.7777777777777778,-0.14500309137796988,Medium
Argentina,ARG,2022,Latin America & Caribbean ,Latin America & Caribbean (excluding high income),,,0.12364884795739617,0.328851127226083,-0.21907920960516988,2.215668505172084,-0.5855399136037923,-0.708788786245126,0.19246009515024584,6,18,15,18,0.8333333333333334,0.19246009515024584,High
Armenia,ARM,2022,Europe & Central Asia,Europe & Central Asia (excluding high income),,,0.06248609117030407,0.13690338022741735,-0.18806013579911307,1.5827895611872076,-0.334970359374543,-0.7536641263355387,0.08424740184595571,6,18,16,18,0.8888888888888888,0.08424740184595571,High
Aruba,ABW,2022,Latin America & Caribbean ,,,,0.062168955987471436,0.21955251560215205,-0.26780149767256617,1.5654419910721016,-0.15905167374656323,-0.7183628137516225,0.11699124624849551,6,18,8,18,0.4444444444444444,0.11699124624849551,Low
Australia,AUS,2022,East Asia & Pacific,,,,0.11551193860406772,0.3869047338716487,-0.0840234425382465,1.5654419910721016,-0.549834040330535,-0.6789630953840421,0.12583968088249906,6,18,13,18,0.7222222222222222,0.12583968088249906,Medium
Austria,AUT,2022,Europe & Central Asia,,,,0.12197301258108735,0.24849803075852991,-0.09961228019174502,1.6353584289827452,-0.29781329514897137,-0.6922854688078388,0.15268640469563455,6,18,15,18,0.8333333333333334,0.15268640469563455,High
Azerbaijan,AZE,2022,Europe & Central Asia,Europe & Central Asia (excluding high income),,,0.03252831743202856,0.045043949623037816,-0.20567025113443638,1.9888966460385502,-0.41303208278911924,-0.7350326034228472,0.118788995957869,6,18,15,18,0.8333333333333334,0.118788995957869,High
"Bahamas, The",BHS,2022,Latin America & Caribbean ,,,,0.029805966784976407,0.09550860400375766,-0.23215763200551798,1.5654419910721016,-0.4293035536047562,-0.675406153102824,0.05898153719128957,6,18,11,18,0.6111111111111112,0.05898153719128957,Medium
Bahrain,BHR,2022,"Middle East, North Africa, Afghanistan & Pakistan",,,,0.16527293507453486,0.1459870798499772,-0.09421920901705975,1.6268505313636588,-0.15797849419539023,-0.795445823836824,0.14841116987314948,6,18,16,18,0.8888888888888888,0.14841116987314948,High
Bangladesh,BGD,2022,South Asia,South Asia,,,-0.14932578075942646,-0.11472844894300671,-0.4642511615821441,0.8725784279889782,-0.5778778877813241,-0.8087372330055396,-0.20705701401374377,6,18,17,18,0.9444444444444444,-0.20705701401374377,High
Barbados,BRB,2022,Latin America & Caribbean ,,,,0.04923549817912379,0.13189739570917985,-0.21599632510253616,1.5654419910721016,-0.4007407543320853,-0.6925244370552942,0.07288556141174828,6,18,12,18,0.6666666666666666,0.07288556141174828,Medium
Belarus,BLR,2022,Europe & Central Asia,Europe & Central Asia (excluding high income),,,0.14700064111876962,0.1855316984459798,-0.10435342633079663,1.6165605481780838,-0.3352287345749682,-0.6916784189660984,0.13630538464516168,6,18,14,18,0.7777777777777778,0.13630538464516168,Medium
Belgium,BEL,2022,Europe & Central Asia,,,,0.1068417524313392,0.34550411803285935,-0.11088337414907297,1.6375144960145096,-0.08699278862695074,-0.6881489513538619,0.20063920872480376,6,18,15,18,0.8333333333333334,0.20063920872480376,High
Belize,BLZ,2022,Latin America & Caribbean ,Latin America & Caribbean (excluding high income),,,-0.1866415989182323,-0.020157082336353865,-0.29350067714503625,1.453951723898422,-0.338562052194121,-0.7149266761446844,-0.016639393806667607,6,18,15,18,0.8333333333333334,-0.016639393806667607,High
Benin,BEN,2022,Sub-Saharan Africa ,Sub-Saharan Africa (excluding high income),,,-0.21993926475101644,-0.31928992424183394,-0.575775303022779,0.020764500083149395,-0.5519003426890946,-0.7979951429603914,-0.4073559129303277,6,18,15,18,0.8333333333333334,-0.4073559129303277,High
Bermuda,BMU,2022,North America,,,,0.03903298270416225,0.09550860400375766,-0.24925333895362786,1.5654419910721016,-0.4371463745837299,-0.6733796653391755,0.05670069981724805,6,18,8,18,0.4444444444444444,0.05670069981724805,Low
Bhutan,BTN,2022,South Asia,South Asia,,,-0.06839342681421154,-0.1149444993131385,-0.2675535956197771,1.53647290844559,-0.4181419120578685,-0.7373433139911567,-0.011650639891760406,6,18,16,18,0.8888888888888888,-0.011650639891760406,High
Bolivia,BOL,2022,Latin America & Caribbean ,Latin America & Caribbean (excluding high income),,,-0.06498032943263861,0.0878808150194284,-0.2873221952139848,0.7398498115054911,-0.513413739795612,-0.7648939646338576,-0.13381326709186225,6,18,14,18,0.7777777777777778,-0.13381326709186225,Medium
Bosnia and Herzegovina,BIH,2022,Europe & Central Asia,Europe & Central Asia (excluding high income),,,0.061885748464749424,0.0472335395131517,-0.3227817234571641,2.0578409631008943,-0.3364977152923896,-0.7402196160401445,0.1279101993815162,6,18,15,18,0.8333333333333334,0.1279101993815162,High
Botswana,BWA,2022,Sub-Saharan Africa ,Sub-Saharan Africa (excluding high income),,,0.11123737470820672,-0.013665327132891036,-0.35846690613301063,1.3245917240202263,-0.4186332592936046,-0.7056347176906909,-0.010095185253627348,6,18,14,18,0.7777777777777778,-0.010095185253627348,Medium
Brazil,BRA,2022,Latin America & Caribbean ,Latin America & Caribbean (excluding high income),,,-0.009250250466922108,0.17620801059176408,-0.24207053588563598,2.386621886393319,-0.5725577209383169,-0.7177826713658441,0.1701947863880607,6,18,17,18,0.9444444444444444,0.1701947863880607,High
British Virgin Islands,VGB,2022,Latin America & Caribbean ,,,,-0.04809784173999607,-0.05230469532353674,-0.26477899956740675,1.5654419910721016,-0.4417280092096119,-0.7237742070939515,0.005793039689599803,6,18,7,18,0.3888888888888889,0.005793039689599803,Low
Brunei Darussalam,BRN,2022,East Asia & Pacific,,,,0.09295274860676683,0.019651995246589244,-0.23716016830154418,1.5654419910721016,-0.24489802981522676,-0.6843410450415339,0.08527458196119213,6,18,12,18,0.6666666666666666,0.08527458196119213,Medium
Bulgaria,BGR,2022,Europe & Central Asia,,,,0.07988692652107095,0.20028979408182057,-0.17297903999857547,2.2660171605344885,-0.2479146877361762,-0.7275037410730608,0.23296606872159464,6,18,15,18,0.8333333333333334,0.23296606872159464,High
Burkina Faso,BFA,2022,Sub-Saharan Africa ,Sub-Saharan Africa (excluding high income),,,-0.20985170717905724,-0.38591735582802356,-0.5432778864872848,0.25284677599559857,-0.4919422206417526,-0.7974232607814189,-0.3625942758203231,6,18,14,18,0.7777777777777778,-0.3625942758203231,Medium
Burundi,BDI,2022,Sub-Saharan Africa ,Sub-Saharan Africa (excluding high income),,,-0.45195186203248755,0.09550860400375766,-0.5862412191745036,0.21815737688211553,-0.4525104384822622,-0.7819975604234238,-0.32650584987113396,6,18,10,18,0.5555555555555556,-0.32650584987113396,Low
Cabo Verde,CPV,2022,Sub-Saharan Africa ,Sub-Saharan Africa (excluding high income),,,-0.0397110715571956,0.10713663945136624,-0.28168719086020183,1.6359441327128224,-0.3479004149749832,-0.7180227632078039,0.059293221927334015,6,18,13,18,0.7222222222222222,0.059293221927334015,Medium
Cambodia,KHM,2022,East Asia & Pacific,East Asia & Pacific (excluding high income),,,-0.07561340875837468,-0.15268394570904517,-0.3968313379178468,0.6142954907427667,-0.22882798337836607,-0.7252772131509567,-0.16082306636197044,6,18,14,18,0.7777777777777778,-0.16082306636197044,Medium
Cameroon,CMR,2022,Sub-Saharan Africa ,Sub-Saharan Africa (excluding high income),,,-0.2337764874068667,-0.1771493591235803,-0.49483210455569177,0.23210798147898068,-0.5697950393311079,-0.7995356715504881,-0.34049678008145906,6,18,13,18,0.7222222222222222,-0.34049678008145906,Medium
Canada,CAN,2022,North America,,,,0.06922414200826273,0.21781897521381266,-0.12567455322746204,1.6293535701484456,-0.48268672267521745,-0.6806723482214475,0.10456051054106569,6,18,15,18,0.8333333333333334,0.10456051054106569,High
Caribbean small states,CSS,2022,Aggregates,,,,-0.014119005924437036,0.0704354547624742,-0.2477626047235294,1.5654419910721016,-0.40581519896845547,-0.7030187479420787,0.0441936480460125,6,18,8,18,0.4444444444444444,0.0441936480460125,Low
Cayman Islands,CYM,2022,Latin America & Caribbean ,,,,0.21326601122415434,0.07271522574577192,-0.2558577038984452,1.5654419910721016,-0.4401605212163789,-0.7261686136695596,0.07153939820960736,6,18,7,18,0.3888888888888889,0.07153939820960736,Low
Central African Republic,CAF,2022,Sub-Saharan Africa ,Sub-Saharan Africa (excluding high income),,,-0.4864146385350234,0.09550860400375766,-0.7237442244548576,-0.034892530098210285,-0.558248832160734,-0.7608639946189711,-0.4114426026440065,6,18,12,18,0.6666666666666666,-0.4114426026440065,Medium
Central Europe and the Baltics,CEB,2022,Aggregates,,,,0.08165138139565052,0.20205840548872042,-0.11436824695406661,2.2585298384291934,-0.24652869421707088,-0.7068602946445198,0.24574706491631781,6,18,14,18,0.7777777777777778,0.24574706491631781,Medium
Chad,TCD,2022,Sub-Saharan Africa ,Sub-Saharan Africa (excluding high income),,,-0.4100843117017459,0.09550860400375766,-0.5854593742387839,-0.6056548906205336,-0.5499358443310535,-0.9232567154007105,-0.49648042204817827,6,18,14,18,0.7777777777777778,-0.49648042204817827,Medium
Channel Islands,CHI,2022,Europe & Central Asia,,,,-0.014119005924437036,0.09550860400375766,-0.2526286207492949,1.5654419910721016,-0.43516653500136565,-0.7204179985054052,0.03976973914922608,6,18,3,18,0.16666666666666666,0.03976973914922608,Low
Chile,CHL,2022,Latin America & Caribbean ,,,,0.14170304016499566,0.2784875706980959,-0.1222384974451201,2.1394058256888315,-0.460270209168227,-0.7497558650313176,0.2045553108178764,6,18,16,18,0.8888888888888888,0.2045553108178764,High
China,CHN,2022,East Asia & Pacific,East Asia & Pacific (excluding high income),,,0.1129639295252859,0.1480125305806004,-0.185084846058603,2.3541185300155876,-0.575108125602143,-0.7548930394425035,0.1833348298363707,6,18,14,18,0.7777777777777778,0.1833348298363707,Medium
Colombia,COL,2022,Latin America & Caribbean ,Latin America & Caribbean (excluding high income),,,0.12827925645708874,0.16061845169245595,-0.25276210647002745,1.855756417803251,-0.5312150531686585,-0.7464336528605772,0.10237388557558878,6,18,17,18,0.9444444444444444,0.10237388557558878,High
Comoros,COM,2022,Sub-Saharan Africa ,Sub-Saharan Africa (excluding high income),,,-0.23358303179302706,-0.025159994057512486,-0.5446095654631647,-0.25632217463971513,-0.5426398088766008,-0.7024248878455127,-0.3841232437792555,6,18,13,18,0.7222222222222222,-0.3841232437792555,Medium
"Congo, Dem. Rep.",COD,2022,Sub-Saharan Africa ,Sub-Saharan Africa (excluding high income),,,-0.4415561052947634,0.09550860400375766,-0.5776695289646033,-0.004845653667490753,-0.41299905252623725,-0.7853215442783954,-0.35448054678795543,6,18,12,18,0.6666666666666666,-0.35448054678795543,Medium
"Congo, Rep.",COG,2022,Sub-Saharan Africa ,Sub-Saharan Africa (excluding high income),,,-0.22434710536731275,0.09550860400375766,-0.45682999115570116,-0.17711283732607463,-0.3953039031907823,-0.7850501921190028,-0.3238559041925193,6,18,12,18,0.6666666666666666,-0.3238559041925193,Medium
Costa Rica,CRI,2022,Latin America & Caribbean ,,,,0.11199075352126624,0.2198875742120848,-0.1812264730831419,1.7587358245645441,-0.43716738660628657,-0.7179876885946523,0.12570543400230239,6,18,15,18,0.8333333333333334,0.12570543400230239,High
Cote d'Ivoire,CIV,2022,Sub-Saharan Africa ,Sub-Saharan Africa (excluding high income),,,-0.015065653624077913,-0.16716628538435485,-0.45853987967365667,0.2685849574464383,-0.5243756350026387,-0.7353921267154439,-0.27199243715895566,6,18,14,18,0.7777777777777778,-0.27199243715895566,Medium
Croatia,HRV,2022,Europe & Central Asia,,,,0.05966257368368511,0.21789414395681292,-0.10825551936810025,2.3865605331523523,-0.280501422798305,-0.7064159620451574,0.26149072443021465,6,18,16,18,0.8888888888888888,0.26149072443021465,High
Cuba,CUB,2022,Latin America & Caribbean ,Latin America & Caribbean (excluding high income),,,-0.21021783581470468,0.13000577847093278,-0.2355329138011849,0.6329561552919823,-0.3985597666476883,-0.6861201894733387,-0.12791146199566691,6,18,12,18,0.6666666666666666,-0.12791146199566691,Medium
Curacao,CUW,2022,Latin America & Caribbean ,,,,-0.009309874891256833,0.09550860400375766,-0.2662028472552211,1.5654419910721016,-0.4278571207035828,-0.7182187197189965,0.03989367208446698,6,18,6,18,0.3333333333333333,0.03989367208446698,Low
Cyprus,CYP,2022,Europe & Central Asia,,,,0.2143568735370979,0.29058709529127996,-0.21326940252185614,2.1506562612893445,-0.02899511657663112,-0.7249408729335011,0.28139913968095565,6,18,16,18,0.8888888888888888,0.28139913968095565,High
Czechia,CZE,2022,Europe & Central Asia,,,,0.1421365655081617,0.17787920327529919,-0.09441858490191711,1.632975852795657,-0.24267888484933486,-0.6993960578700023,0.15274968232631062,6,18,15,18,0.8333333333333334,0.15274968232631062,High
Denmark,DNK,2022,Europe & Central Asia,,,,0.20211280926325767,0.3087061813199592,-0.09640304160967217,1.638608202338812,-0.2859149815320741,-0.6827757226804305,0.18072224118330868,6,18,15,18,0.8333333333333334,0.18072224118330868,High
Djibouti,DJI,2022,"Middle East, North Africa, Afghanistan & Pakistan","Middle East, North Africa, Afghanistan & Pakistan (excluding high income)",,,-0.2977102071792342,0.09550860400375766,-0.5472824581092626,-0.0903733778788759,0.2681602396037848,-0.7865659122048996,-0.22637718529412162,6,18,12,18,0.6666666666666666,-0.22637718529412162,Medium
Dominica,DMA,2022,Latin America & Caribbean ,Latin America & Caribbean (excluding high income),,,-0.060409679100717616,0.13560086268492083,-0.2849480563238123,1.5654419910721016,-0.41617784223409576,-0.6916856535308531,0.04130360376125727,6,18,11,18,0.6111111111111112,0.04130360376125727,Medium
Dominican Republic,DOM,2022,Latin America & Caribbean ,Latin America & Caribbean (excluding high income),,,-0.07333453412294676,0.06280159666299394,-0.2546595106432979,0.752814415700562,-0.5180551568383661,-0.7005616344873783,-0.12183247062140552,6,18,17,18,0.9444444444444444,-0.12183247062140552,High
Early-demographic dividend,EAR,2022,Aggregates,,,,-0.08332768725117519,-0.04129026432111461,-0.3374135470755227,1.4677666635369782,-0.5018962282107613,-0.7922101562275943,-0.048061869924864976,6,18,14,18,0.7777777777777778,-0.048061869924864976,Medium
East Asia & Pacific,EAS,2022,Aggregates,,,,0.11626870318956238,0.1313626755318015,-0.27343464399295053,1.5434683381934395,-0.5055344500808533,-0.7486028652531479,0.04392129293130862,6,18,16,18,0.8888888888888888,0.04392129293130862,High
East Asia & Pacific (IDA & IBRD countries),TEA,2022,Aggregates,,,,0.10876807697696911,0.12385630060772723,-0.27777790761267196,1.928495948344352,-0.5449402611396905,-0.7503559034117352,0.09800770896082513,6,18,15,18,0.8333333333333334,0.09800770896082513,High
East Asia & Pacific (excluding high income),EAP,2022,Aggregates,,,,0.1012038861354555,0.12280809673455818,-0.28063718494347284,1.5654419910721016,-0.5449525723433651,-0.750049057811847,0.03563585980723836,6,18,14,18,0.7777777777777778,0.03563585980723836,Medium
Ecuador,ECU,2022,Latin America & Caribbean ,Latin America & Caribbean (excluding high income),,,-0.07206725105750317,0.14186400235000785,-0.24237246787300734,1.4067599394294008,-0.4916821950020487,-0.733011879592301,0.0015816913757580875,6,18,17,18,0.9444444444444444,0.0015816913757580875,High
"Egypt, Arab Rep.",EGY,2022,"Middle East, North Africa, Afghanistan & Pakistan","Middle East, North Africa, Afghanistan & Pakistan (excluding high income)",,,-0.101946166733149,0.009697317389123957,-0.18664853593004194,0.11997675726451133,-0.5708532919018878,-0.7959030994154371,-0.25427950322114673,6,18,15,18,0.8333333333333334,-0.25427950322114673,High
El Salvador,SLV,2022,Latin America & Caribbean ,Latin America & Caribbean (excluding high income),,,0.1506679159307431,-0.062302173562391865,-0.25097911862881345,0.7349025786080005,-0.41431001837707243,-0.7660251868553383,-0.10134100048081207,6,18,15,18,0.8333333333333334,-0.10134100048081207,High
Equatorial Guinea,GNQ,2022,Sub-Saharan Africa ,Sub-Saharan Africa (excluding high income),,,-0.29347449048609275,0.09550860400375766,-0.5132277081652213,-0.08994602292006561,-0.4422107545365799,-0.8226858665343616,-0.34433937310642726,6,18,13,18,0.7222222222222222,-0.34433937310642726,Medium
Eritrea,ERI,2022,Sub-Saharan Africa ,Sub-Saharan Africa (excluding high income),,,-0.22019782333775126,-0.05936285115820688,-0.5334603295505472,0.18659749907437825,-0.4417280092096119,-0.7689915540928899,-0.3061905113791048,6,18,9,18,0.5,-0.3061905113791048,Low
Estonia,EST,2022,Europe & Central Asia,,,,0.24750694823490882,0.21038262846063607,-0.11058105457250093,2.423121040633007,-0.154025357179383,-0.6804771234320602,0.3226545136907679,6,18,16,18,0.8888888888888888,0.3226545136907679,High
Eswatini,SWZ,2022,Sub-Saharan Africa ,Sub-Saharan Africa (excluding high income),,,-0.07823682952855149,0.10470958549484731,-0.42781909451648437,0.530520664206281,-0.41211960659363883,-0.7197818175419807,-0.1671211830799212,6,18,14,18,0.7777777777777778,-0.1671211830799212,Medium
Ethiopia,ETH,2022,Sub-Saharan Africa ,Sub-Saharan Africa (excluding high income),,,-0.4139252167348044,0.008440952085322409,-0.5521864692304622,0.008910345547322432,-0.6115593306872212,-0.7411190722725461,-0.3835731318820648,6,18,13,18,0.7222222222222222,-0.3835731318820648,Medium
Euro area,EMU,2022,Aggregates,,,,0.11384632817586286,0.229862947681123,-0.09900261460231972,1.5654419910721016,-0.3733279600039929,-0.6963678823176586,0.12340880166751934,6,18,12,18,0.6666666666666666,0.12340880166751934,Medium
Europe & Central Asia,ECS,2022,Aggregates,,,,0.12850489425671668,0.24624950329954323,-0.1404778873122845,2.1901133508082182,-0.39641954818451347,-0.7043101718866455,0.2206100234968391,6,18,17,18,0.9444444444444444,0.2206100234968391,High
Europe & Central Asia (IDA & IBRD countries),TEC,2022,Aggregates,,,,0.10590766867555639,0.23196976993556315,-0.1693918738599892,2.080380276812987,-0.465518327580017,-0.7177633783465459,0.1775973559395924,6,18,16,18,0.8888888888888888,0.1775973559395924,High
Europe & Central Asia (excluding high income),ECA,2022,Aggregates,,,,0.020635718978997953,0.22816240035861127,-0.1935177401478949,2.053628571695866,-0.43143855387027835,-0.7334191604643037,0.15734187275849976,6,18,16,18,0.8888888888888888,0.15734187275849976,High
European Union,EUU,2022,Aggregates,,,,0.10740525996739407,0.22085399808041897,-0.10146136177709619,1.5654419910721016,-0.36412737771014614,-0.697524189533525,0.12176472001652455,6,18,12,18,0.6666666666666666,0.12176472001652455,Medium
Faroe Islands,FRO,2022,Europe & Central Asia,,,,0.03756173815247851,0.09550860400375766,-0.24685622377563576,1.5654419910721016,-0.3053232795904271,-0.7231449129479414,0.07053131948572228,6,18,7,18,0.3888888888888889,0.07053131948572228,Low
Fiji,FJI,2022,East Asia & Pacific,East Asia & Pacific (excluding high income),,,-0.05971510554427284,0.14716530502030498,-0.37404341844992567,0.8778818174288591,-0.27015119170087487,-0.6823504219705175,-0.06020216920273782,6,18,14,18,0.7777777777777778,-0.06020216920273782,Medium
Finland,FIN,2022,Europe & Central Asia,,,,0.15786300655918295,0.41957268161223144,-0.10313159013440447,1.6377284551004507,-0.40223773640321675,-0.6710126356698146,0.17313036351073827,6,18,15,18,0.8333333333333334,0.17313036351073827,High
France,FRA,2022,Europe & Central Asia,,,,0.13951448925906115,0.1844804252937312,-0.10331763295075665,1.6379258818356484,-0.4559079977078036,-0.6884785149484003,0.11903610846358004,6,18,15,18,0.8333333333333334,0.11903610846358004,High
French Polynesia,PYF,2022,East Asia & Pacific,,,,0.051510505086049936,0.09550860400375766,-0.24354205704514054,1.6085099901509823,-0.47471197135088766,-0.7201807510119286,0.0528490533054722,6,18,8,18,0.4444444444444444,0.0528490533054722,Low
Gabon,GAB,2022,Sub-Saharan Africa ,Sub-Saharan Africa (excluding high income),,,-0.03631700428948464,0.09550860400375766,-0.2823037677607286,0.27401929182039053,-0.4093611260335868,-0.7674481018627967,-0.18765035068707472,6,18,11,18,0.6111111111111112,-0.18765035068707472,Medium
"Gambia, The",GMB,2022,Sub-Saharan Africa ,Sub-Saharan Africa (excluding high income),,,-0.16022640920954329,0.09550860400375766,-0.5751905084367124,0.24750107973278646,-0.5524288553763225,-0.7802508526665047,-0.28751449032542314,6,18,12,18,0.6666666666666666,-0.28751449032542314,Medium
Georgia,GEO,2022,Europe & Central Asia,Europe & Central Asia (excluding high income),,,0.17614195823907622,0.24462330252368525,-0.19481341251485218,2.3321557310879366,-0.3053470692679023,-0.7398720168422174,0.25214808220428764,6,18,17,18,0.9444444444444444,0.25214808220428764,High
Germany,DEU,2022,Europe & Central Asia,,,,0.17407037201796569,0.19196781404820226,-0.09226126341063479,1.6386005083610815,-0.4163317945337435,-0.6863835425771171,0.13494368231762568,6,18,15,18,0.8333333333333334,0.13494368231762568,High
Ghana,GHA,2022,Sub-Saharan Africa ,Sub-Saharan Africa (excluding high income),,,-0.04543443474651698,-0.062038147881569104,-0.47924923577588463,-0.1321693176030817,-0.47567382632903205,-0.7597418939986881,-0.3257178093891288,6,18,15,18,0.8333333333333334,-0.3257178093891288,High
Gibraltar,GIB,2022,Europe & Central Asia,,,,0.09536515983803817,0.030829480538849614,-0.24462901219967734,1.6388661751161167,-0.4417280092096119,-0.7259265069675848,0.05879621451935507,6,18,7,18,0.3888888888888889,0.05879621451935507,Low
Greece,GRC,2022,Europe & Central Asia,,,,0.09370535715074173,0.49328315099913783,-0.11075934560483829,1.6295777734995294,-0.3388966877662373,-0.703280466399252,0.1772716303131802,6,18,15,18,0.8333333333333334,0.1772716303131802,High
Greenland,GRL,2022,Europe & Central Asia,,,,0.07007430695152757,0.09550860400375766,-0.28367916679845123,1.5654419910721016,-0.4012735945920829,-0.6636928064296806,0.06372988903452868,6,18,8,18,0.4444444444444444,0.06372988903452868,Low
Grenada,GRD,2022,Latin America & Caribbean ,Latin America & Caribbean (excluding high income),,,-0.03715413643827167,0.09550860400375766,-0.2774156477967589,1.5654419910721016,-0.4286182106392742,-0.6935469006060799,0.03736928326591241,6,18,10,18,0.5555555555555556,0.03736928326591241,Low
Guam,GUM,2022,East Asia & Pacific,,,,-0.05254927973735863,0.09550860400375766,-0.2650173669258578,1.6266357363107815,-0.4626489340998809,-0.6726531605952313,0.04487926649270176,6,18,8,18,0.4444444444444444,0.04487926649270176,Low
Guatemala,GTM,2022,Latin America & Caribbean ,Latin America & Caribbean (excluding high income),,,-0.09869057804821331,-0.06882287601364483,-0.415811736113443,0.39759522278716936,-0.5227000980444042,-0.752463775246563,-0.24348230677984983,6,18,15,18,0.8333333333333334,-0.24348230677984983,High
Guinea,GIN,2022,Sub-Saharan Africa ,Sub-Saharan Africa (excluding high income),,,-0.2510784784149595,0.09550860400375766,-0.5914853010604267,-0.33022363027585877,-0.4005329097523213,-0.7536358255882903,-0.37190792351468316,6,18,12,18,0.6666666666666666,-0.37190792351468316,Medium
Guinea-Bissau,GNB,2022,Sub-Saharan Africa ,Sub-Saharan Africa (excluding high income),,,-0.16466262908169751,0.019469419082668343,-0.5817185958268254,0.03163057750242052,-0.5482428787146865,-0.7657185190104787,-0.33487377100809984,6,18,13,18,0.7222222222222222,-0.33487377100809984,Medium
Guyana,GUY,2022,Latin America & Caribbean ,,,,-0.011359288684238786,0.09550860400375766,-0.24678703135152089,0.4312921574319734,-0.25379211267603125,-0.7160360622149397,-0.11686228891516659,6,18,11,18,0.6111111111111112,-0.11686228891516659,Medium
Haiti,HTI,2022,Latin America & Caribbean ,Latin America & Caribbean (excluding high income),,,-0.29356289468459906,0.09550860400375766,-0.5695046523797932,0.20535089044100932,-0.6185545314798414,-0.708124236702908,-0.31481447013372915,6,18,11,18,0.6111111111111112,-0.31481447013372915,Medium
Heavily indebted poor countries (HIPC),HPC,2022,Aggregates,,,,-0.16264432961320605,-0.1360382788688471,-0.5311129730268053,0.2773732800716255,-0.5207541753758244,-0.7665947734421482,-0.3066285417092009,6,18,12,18,0.6666666666666666,-0.3066285417092009,Medium
Honduras,HND,2022,Latin America & Caribbean ,Latin America & Caribbean (excluding high income),,,-0.21768192192036862,-0.027006130333224344,-0.3965548317820436,0.31099008486748386,-0.33848736596860335,-0.7576196005452255,-0.2377266276136636,6,18,15,18,0.8333333333333334,-0.2377266276136636,High
"Hong Kong SAR, China",HKG,2022,East Asia & Pacific,,,,0.707906057341043,0.2834326288603286,-0.24417142438929149,1.6388661751161167,0.5100009290494814,-0.7166302317012763,0.3632340223794002,6,18,11,18,0.6111111111111112,0.3632340223794002,Medium
Hungary,HUN,2022,Europe & Central Asia,,,,0.08210425872118687,0.1441150770299229,-0.1391076197464813,2.385264954346575,-0.10236907246982492,-0.7015393707431645,0.27807803785636903,6,18,15,18,0.8333333333333334,0.27807803785636903,High
IBRD only,IBD,2022,Aggregates,,,,-0.00046773782253566276,0.07415436401565785,-0.28179979545706796,1.9094720865136352,-0.5230581452043384,-0.7662650725530851,0.06867261658204434,6,18,16,18,0.8888888888888888,0.06867261658204434,High
IDA & IBRD total,IBT,2022,Aggregates,,,,-0.07356706108086011,-0.026540980917185042,-0.3390648347306158,1.4284601194092101,-0.5247892911006237,-0.7753689314268769,-0.05181182997449191,6,18,16,18,0.8888888888888888,-0.05181182997449191,High
IDA blend,IDB,2022,Aggregates,,,,-0.22688494603658052,-0.24984584781681293,-0.4630623288029008,0.8050391384133936,-0.44235836165985337,-0.7974325630140533,-0.22909081815280122,6,18,15,18,0.8333333333333334,-0.22909081815280122,High
IDA only,IDX,2022,Aggregates,,,,-0.2896550170953591,-0.23417152513132136,-0.5044295325264304,-0.0822976027818861,-0.5239355334393662,-0.7801185793238966,-0.40243463171637667,6,18,16,18,0.8888888888888888,-0.40243463171637667,High
IDA total,IDA,2022,Aggregates,,,,-0.2674391792877206,-0.24087622238029072,-0.48995570939676963,0.22725642189469752,-0.5345126658864904,-0.9075455755759322,-0.36884548843875103,6,18,17,18,0.9444444444444444,-0.36884548843875103,High
Iceland,ISL,2022,Europe & Central Asia,,,,0.15726628279076807,0.25359890891464393,-0.09063571430275863,1.638866172680838,-0.389145071167511,-0.6815038945163906,0.14807444739993164,6,18,14,18,0.7777777777777778,0.14807444739993164,Medium
India,IND,2022,South Asia,South Asia,,,-0.21358685593987312,-0.04916407284255697,-0.3255753888982106,1.5531387243466181,-0.521712555447591,-0.8060864821226635,-0.06049777181737951,6,18,16,18,0.8888888888888888,-0.06049777181737951,High
Indonesia,IDN,2022,East Asia & Pacific,East Asia & Pacific (excluding high income),,,-0.036416268504615844,0.07106725470366608,-0.2790873975373623,1.7861647390626272,-0.545457689357806,-0.743862356445903,0.04206804698676769,6,18,16,18,0.8888888888888888,0.04206804698676769,High
"Iran, Islamic Rep.",IRN,2022,"Middle East, North Africa, Afghanistan & Pakistan","Middle East, North Africa, Afghanistan & Pakistan (excluding high income)",,,0.1620978206206051,0.08659703094607657,-0.1714279855350804,1.620317824394743,-0.5389860746249838,-0.7994465283526743,0.059858681241447644,6,18,16,18,0.8888888888888888,0.059858681241447644,High
Iraq,IRQ,2022,"Middle East, North Africa, Afghanistan & Pakistan","Middle East, North Africa, Afghanistan & Pakistan (excluding high income)",,,-0.042263796791349374,0.09550860400375766,-0.24186395084164503,0.22706840925106672,-0.46828823979085893,-0.7984698379135157,-0.20471813534709074,6,18,12,18,0.6666666666666666,-0.20471813534709074,Medium
Ireland,IRL,2022,Europe & Central Asia,,,,0.10025688633053308,0.2873633988797422,-0.09575189175243998,1.623400813960016,0.06847669063110347,-0.6862412576523226,0.21625077339943868,6,18,15,18,0.8333333333333334,0.21625077339943868,High
Isle of Man,IMN,2022,Europe & Central Asia,,,,-0.014119005924437036,0.09550860400375766,-0.25276846293291944,1.6379439521119126,-0.4645379832995234,-0.719614028858316,0.04706884585007907,6,18,5,18,0.2777777777777778,0.04706884585007907,Low
Israel,ISR,2022,"Middle East, North Africa, Afghanistan & Pakistan",,,,0.21141360252600874,0.12635121180788875,-0.08243432681523945,1.6372396231001642,-0.4979759015582245,-0.7344342763491536,0.11002665545190733,6,18,15,18,0.8333333333333334,0.11002665545190733,High
Italy,ITA,2022,Europe & Central Asia,,,,0.1344039389093162,0.18264628371652306,-0.10468194693733822,2.416931966971601,-0.459452198034288,-0.7067430410628656,0.24385083392715812,6,18,16,18,0.8888888888888888,0.24385083392715812,High
Jamaica,JAM,2022,Latin America & Caribbean ,Latin America & Caribbean (excluding high income),,,0.002950438717620999,0.06399810060378425,-0.2639717287801192,0.7636672343338432,-0.4309040763737995,-0.7242784363408967,-0.09808974463992781,6,18,11,18,0.6111111111111112,-0.09808974463992781,Medium
Japan,JPN,2022,East Asia & Pacific,,,,0.2692935430015837,0.1492976223881103,-0.08467071650347147,1.6346765863992545,-0.5560923866198237,-0.6961284467641441,0.11939603365025155,6,18,14,18,0.7777777777777778,0.11939603365025155,Medium
Jordan,JOR,2022,"Middle East, North Africa, Afghanistan & Pakistan","Middle East, North Africa, Afghanistan & Pakistan (excluding high income)",,,-0.12813933236975558,0.018182913823245512,-0.20356308368572903,0.701774872427822,-0.4479746668133721,-0.7692683089751426,-0.13816460093215532,6,18,13,18,0.7222222222222222,-0.13816460093215532,Medium
Kazakhstan,KAZ,2022,Europe & Central Asia,Europe & Central Asia (excluding high income),,,0.08509784781563597,0.10649331281050405,-0.1653766328618696,1.6110640354446069,-0.48174631590263645,-0.7230282967663556,0.07208399175664754,6,18,14,18,0.7777777777777778,0.07208399175664754,Medium
Kenya,KEN,2022,Sub-Saharan Africa ,Sub-Saharan Africa (excluding high income),,,-0.17030807970928255,0.06690730151662812,-0.4941773888778129,1.8474141390426297,-0.5672317827423162,-0.8588685567026836,-0.029377394578806244,6,18,14,18,0.7777777777777778,-0.029377394578806244,Medium
Kiribati,KIR,2022,East Asia & Pacific,East Asia & Pacific (excluding high income),,,-0.2271089207122683,0.08251712672861279,-0.5297100164442504,0.1572602383432997,-0.35274439400466145,-0.6749954062775636,-0.2574635620611386,6,18,13,18,0.7222222222222222,-0.2574635620611386,Medium
"Korea, Dem. People's Rep.",PRK,2022,East Asia & Pacific,East Asia & Pacific (excluding high income),,,-0.28766587734052645,0.09550860400375766,-0.5094583256702486,0.16099405771394534,-0.4417280092096119,-0.725405559189066,-0.2846258516152917,6,18,8,18,0.4444444444444444,-0.2846258516152917,Low
"Korea, Rep.",KOR,2022,East Asia & Pacific,,,,0.27227655892162006,0.26331335354038526,-0.09520926687141308,1.6362293479886,-0.4071526663363055,-0.7319162991361056,0.15625683801779694,6,18,14,18,0.7777777777777778,0.15625683801779694,Medium
Kuwait,KWT,2022,"Middle East, North Africa, Afghanistan & Pakistan",,,,0.20284607728435958,0.09550860400375766,-0.1050385290020129,1.5490164198963097,-0.41080626617349575,-0.8074308122665101,0.08734924895706804,6,18,13,18,0.7222222222222222,0.08734924895706804,Medium
Kyrgyz Republic,KGZ,2022,Europe & Central Asia,Europe & Central Asia (excluding high income),,,-0.028326465929974242,0.09283368503931737,-0.3063446080789405,1.4418414848152363,-0.25678528109172033,-0.7329756999059646,0.035040519141325686,6,18,15,18,0.8333333333333334,0.035040519141325686,High
Lao PDR,LAO,2022,East Asia & Pacific,East Asia & Pacific (excluding high income),,,-0.23951375661893723,-0.1500956466355881,-0.5356024575451607,0.38148776856259164,-0.44716007054378043,-0.7430370572220664,-0.28898687000049017,6,18,14,18,0.7777777777777778,-0.28898687000049017,Medium
Late-demographic dividend,LTE,2022,Aggregates,,,,0.104092856905318,0.1589504165205994,-0.2501822478122488,2.051845482333621,-0.5108713389015797,-0.7443864541579347,0.13490811914796258,6,18,14,18,0.7777777777777778,0.13490811914796258,Medium
Latin America & Caribbean ,LCN,2022,Aggregates,,,,-0.0033917107528686624,0.14099179151024552,-0.2665590372277323,1.7515086464695384,-0.5153074036201883,-0.7292251437042947,0.06300285711244998,6,18,17,18,0.9444444444444444,0.06300285711244998,High
Latin America & Caribbean (excluding high income),LAC,2022,Aggregates,,,,-0.003296363809488251,0.132869117761498,-0.2692575829753908,1.5673598353536964,-0.5232450510292913,-0.7171858703908485,0.031207347485029274,6,18,16,18,0.8888888888888888,0.031207347485029274,High
Latin America & the Caribbean (IDA & IBRD countries),TLA,2022,Aggregates,,,,0.00016790846666710676,0.1405026854731248,-0.26715522657339585,1.7536839475300228,-0.5194011422929973,-0.7185888319448539,0.06486822344309462,6,18,16,18,0.8888888888888888,0.06486822344309462,High
Latvia,LVA,2022,Europe & Central Asia,,,,0.08449261561655468,0.24889596438478825,-0.19183525461425674,1.9515323158103444,-0.18921261637461703,-0.6982191653571639,0.2009423099109416,6,18,16,18,0.8888888888888888,0.2009423099109416,High
Least developed countries: UN classification,LDC,2022,Aggregates,,,,-0.30850192957022277,-0.2545610375773841,-0.5143210515699616,0.4406693099038586,-0.5345759471249582,-0.7813216255398977,-0.3254353802464276,6,18,14,18,0.7777777777777778,-0.3254353802464276,Medium
Lebanon,LBN,2022,"Middle East, North Africa, Afghanistan & Pakistan","Middle East, North Africa, Afghanistan & Pakistan (excluding high income)",,,-0.13623765711363547,0.01555952043440686,-0.17665935449521963,0.7151152188475621,-0.3426187937907828,-0.7623938224030065,-0.11453914808677923,6,18,15,18,0.8333333333333334,-0.11453914808677923,High
Lesotho,LSO,2022,Sub-Saharan Africa ,Sub-Saharan Africa (excluding high income),,,-0.28308476890296763,0.09550860400375766,-0.4415363414374813,-0.1929154909171128,-0.24774546926915364,-0.7591951466554692,-0.3048281021964045,6,18,13,18,0.7222222222222222,-0.3048281021964045,Medium
Liberia,LBR,2022,Sub-Saharan Africa ,Sub-Saharan Africa (excluding high income),,,-0.4542280937371202,0.09550860400375766,-0.5873472437177164,-0.3526722983692067,-0.4429795591719108,-0.7221178785213106,-0.4106394115855845,6,18,11,18,0.6111111111111112,-0.4106394115855845,Medium
Libya,LBY,2022,"Middle East, North Africa, Afghanistan & Pakistan","Middle East, North Africa, Afghanistan & Pakistan (excluding high income)",,,0.2304266564541874,0.09550860400375766,-0.27340789794333503,0.7368387063707497,-0.23746279119693817,-0.7356219787153884,-0.030619783504494475,6,18,10,18,0.5555555555555556,-0.030619783504494475,Low
Liechtenstein,LIE,2022,Europe & Central Asia,,,,0.21446929769393877,0.09550860400375766,-0.24270633721051907,1.6388661751161167,-0.4417280092096119,-0.7220284986813138,0.09039687195206138,6,18,7,18,0.3888888888888889,0.09039687195206138,Low
Lithuania,LTU,2022,Europe & Central Asia,,,,0.1473467113834728,0.20992742110181103,-0.12392962664576018,2.060242054610546,-0.1377975610855828,-0.6940030350758776,0.24363099404810154,6,18,16,18,0.8888888888888888,0.24363099404810154,High
Low & middle income,LMY,2022,Aggregates,,,,-0.030620650208411603,-0.029577349546770965,-0.34344566661778736,1.4304104792339183,-0.5291798946684959,-0.8148368880490985,-0.05287499497610767,6,18,15,18,0.8333333333333334,-0.05287499497610767,High
Luxembourg,LUX,2022,Europe & Central Asia,,,,0.22432946445318203,0.03524719237414523,-0.09118609096780006,1.6377402441779934,0.5958962390480002,-0.6891339366615717,0.2854821854039915,6,18,15,18,0.8333333333333334,0.2854821854039915,High
"Macao SAR, China",MAC,2022,East Asia & Pacific,,,,0.2723733665496214,0.2818176092357035,-0.2460163489847824,1.6388661751161167,-0.2211376883736207,-0.7170850125954162,0.16813635015793704,6,18,11,18,0.6111111111111112,0.16813635015793704,Medium
Madagascar,MDG,2022,Sub-Saharan Africa ,Sub-Saharan Africa (excluding high income),,,-0.3908223091560483,-0.060811004677991644,-0.5815183672457265,-0.2306979437161586,-0.4753259343658998,-0.7094599829558464,-0.40810592368627857,6,18,14,18,0.7777777777777778,-0.40810592368627857,Medium
Malawi,MWI,2022,Sub-Saharan Africa ,Sub-Saharan Africa (excluding high income),,,-0.4102044525995148,-0.25287771025207045,-0.5717643749379092,-0.45210246300813234,-0.5709153712295761,-0.7302662518975161,-0.49802177065411984,6,18,15,18,0.8333333333333334,-0.49802177065411984,High
Malaysia,MYS,2022,East Asia & Pacific,East Asia & Pacific (excluding high income),,,0.13394741883758646,0.018917901412712324,-0.26345367705441886,1.978888833133069,-0.21438438843363306,-0.710551191357204,0.15722748275635193,6,18,16,18,0.8888888888888888,0.15722748275635193,High
Maldives,MDV,2022,South Asia,South Asia,,,0.10212643243691306,0.013469832490849062,-0.18776091693614694,1.9912258767756927,-0.15023396268808867,-0.6959710269317231,0.17880937252458273,6,18,14,18,0.7777777777777778,0.17880937252458273,Medium
Mali,MLI,2022,Sub-Saharan Africa ,Sub-Saharan Africa (excluding high income),,,-0.18288782210399124,0.09550860400375766,-0.59179358951069,0.2304978343951715,-0.5066801075157367,-0.7862356108942464,-0.2902651152709559,6,18,11,18,0.6111111111111112,-0.2902651152709559,Medium
Malta,MLT,2022,"Middle East, North Africa, Afghanistan & Pakistan",,,,0.19771652825574734,0.18676126318822106,-0.1059609912997584,2.2450399831117704,0.07328406827053342,-0.6985322502951449,0.3163847668718949,6,18,16,18,0.8888888888888888,0.3163847668718949,High
Marshall Islands,MHL,2022,East Asia & Pacific,East Asia & Pacific (excluding high income),,,-0.31564107067218816,0.048489185086911725,-0.36744223173655444,0.5010134580296806,-0.28851515065357863,-0.6630634129178831,-0.18085987047726867,6,18,13,18,0.7222222222222222,-0.18085987047726867,Medium
Mauritania,MRT,2022,Sub-Saharan Africa ,Sub-Saharan Africa (excluding high income),,,-0.1680443562022327,0.09550860400375766,-0.4143020761765864,0.007228668517414554,-0.3682729265106414,-0.8004907738161737,-0.2747288100307437,6,18,12,18,0.6666666666666666,-0.2747288100307437,Medium
Mauritius,MUS,2022,Sub-Saharan Africa ,Sub-Saharan Africa (excluding high income),,,0.19186506591155264,0.06100124647050439,-0.23812115696584255,1.7530367457544502,-0.20747142837167987,-0.7049017774881698,0.14256811588513585,6,18,13,18,0.7222222222222222,0.14256811588513585,Medium
Mexico,MEX,2022,Latin America & Caribbean ,Latin America & Caribbean (excluding high income),,,-0.002152744893228531,0.10884369624746874,-0.2814774275847649,1.2893260589663742,-0.4127952110625727,-0.716129524651846,-0.0023975254964282064,6,18,16,18,0.8888888888888888,-0.0023975254964282064,High
"Micronesia, Fed. Sts.",FSM,2022,East Asia & Pacific,East Asia & Pacific (excluding high income),,,-0.4475029344568491,0.09550860400375766,-0.5316423811634272,0.6373723403453282,-0.3826249125126613,-0.6722115926764264,-0.21685014607671302,6,18,11,18,0.6111111111111112,-0.21685014607671302,Medium
"Middle East, North Africa, Afghanistan & Pakistan",MEA,2022,Aggregates,,,,-0.12015993407942688,-0.12915960906964316,-0.3108466812892777,1.494149829611432,-0.44219286776723093,-0.8356944745142644,-0.05731728951806852,6,18,17,18,0.9444444444444444,-0.05731728951806852,High
"Middle East, North Africa, Afghanistan & Pakistan (IDA & IBRD)",TMN,2022,Aggregates,,,,-0.15578790858924504,0.09550860400375766,-0.319733685002267,1.5251808675235239,-0.5136911936571318,-0.7965539961588103,-0.0275128853133621,6,18,12,18,0.6666666666666666,-0.0275128853133621,Medium
"Middle East, North Africa, Afghanistan & Pakistan (excluding high income)",MNA,2022,Aggregates,,,,-0.15512047998558204,0.09550860400375766,-0.3196062411203253,1.525566189154823,-0.5129775895858981,-0.796570371812384,-0.027199981557601467,6,18,12,18,0.6666666666666666,-0.027199981557601467,Medium
Middle income,MIC,2022,Aggregates,,,,-0.014260174077698149,0.006435437521491912,-0.320910321647697,1.4911434659502019,-0.5283854330704559,-0.7785735198754477,-0.024091757533267495,6,18,14,18,0.7777777777777778,-0.024091757533267495,Medium
Moldova,MDA,2022,Europe & Central Asia,Europe & Central Asia (excluding high income),,,0.10418934175864845,0.15220149168091615,-0.17445684010313187,1.4982035393841986,-0.3547224870565313,-0.6914826807993392,0.08898872747746013,6,18,16,18,0.8888888888888888,0.08898872747746013,High
Monaco,MCO,2022,Europe & Central Asia,,,,0.15384184563541625,0.09550860400375766,-0.07910989672270873,1.6388661751161167,-0.41905831509363484,-0.7021418136774479,0.11465109987691652,6,18,11,18,0.6111111111111112,0.11465109987691652,Medium
Mongolia,MNG,2022,East Asia & Pacific,East Asia & Pacific (excluding high income),,,0.0990001400511028,0.1727163293248366,-0.3827748729283678,1.4518327070073953,-0.2599194594899872,-0.7895546825596673,0.04855002690088539,6,18,16,18,0.8888888888888888,0.04855002690088539,High
Montenegro,MNE,2022,Europe & Central Asia,Europe & Central Asia (excluding high income),,,0.38696600830407596,0.10110142483426983,-0.2560045226876829,1.95273606445578,-0.2802058856877501,-0.7166441634363446,0.19799148763039134,6,18,15,18,0.8333333333333334,0.19799148763039134,High
Morocco,MAR,2022,"Middle East, North Africa, Afghanistan & Pakistan","Middle East, North Africa, Afghanistan & Pakistan (excluding high income)",,,0.10362412237784706,0.040087747208987716,-0.23606685668411534,1.56780932648255,-0.3811550661533614,-0.7289879539546421,0.060885219879544296,6,18,14,18,0.7777777777777778,0.060885219879544296,Medium
Mozambique,MOZ,2022,Sub-Saharan Africa ,Sub-Saharan Africa (excluding high income),,,-0.44704801563862534,0.012271817732494009,-0.564537076629673,-0.2933140166749036,-0.27014826793321284,-0.8470925360195727,-0.4016446825272489,6,18,15,18,0.8333333333333334,-0.4016446825272489,High
Myanmar,MMR,2022,East Asia & Pacific,East Asia & Pacific (excluding high income),,,-0.06019982267239787,0.09550860400375766,-0.4199434369932615,0.17586264268168658,-0.4406372975015233,-0.7646096944193738,-0.23566983415018536,6,18,10,18,0.5555555555555556,-0.23566983415018536,Low
Namibia,NAM,2022,Sub-Saharan Africa ,Sub-Saharan Africa (excluding high income),,,-0.12328437837312495,-0.03132634976670464,-0.431118098757447,1.567844011751671,-0.38086821642639235,-0.7199110975149616,-0.019777354847826594,6,18,14,18,0.7777777777777778,-0.019777354847826594,Medium
Naoero,NRU,2022,East Asia & Pacific,,,,-0.08035588187693773,0.09553568018550264,-0.2720793971989011,0.8066703094808125,-0.2582716299377827,-0.6743695815863449,-0.06381175015560854,6,18,13,18,0.7222222222222222,-0.06381175015560854,Medium
Nepal,NPL,2022,South Asia,South Asia,,,-0.09710699009318353,-0.05986495981257164,-0.43335239546399484,1.133424908976201,-0.5335046381257245,-0.7969401201003709,-0.13122403243660738,6,18,15,18,0.8333333333333334,-0.13122403243660738,High
Netherlands,NLD,2022,Europe & Central Asia,,,,0.14704847591122241,0.2416899528958001,-0.08906210214778094,1.6387475065335406,-0.10645075018914922,-0.6919214578625943,0.1900086041901731,6,18,13,18,0.7222222222222222,0.1900086041901731,Medium
New Caledonia,NCL,2022,East Asia & Pacific,,,,-0.055695519577402396,0.09550860400375766,-0.26312314098403344,1.6289033266471893,-0.5349839534152406,-0.7216359668639655,0.024828891635050827,6,18,8,18,0.4444444444444444,0.024828891635050827,Low
New Zealand,NZL,2022,East Asia & Pacific,,,,0.12625336978842172,0.23519939497860612,-0.14835549807598092,1.6388661751161167,-0.5244044726426829,-0.6800320087196231,0.10792116007414293,6,18,14,18,0.7777777777777778,0.10792116007414293,Medium
Nicaragua,NIC,2022,Latin America & Caribbean ,Latin America & Caribbean (excluding high income),,,-0.11750196261217177,0.09550860400375766,-0.36382540435099037,0.48601052854861554,-0.33031036615388165,-0.7282750477261598,-0.1597322747151384,6,18,11,18,0.6111111111111112,-0.1597322747151384,Medium
Niger,NER,2022,Sub-Saharan Africa ,Sub-Saharan Africa (excluding high income),,,-0.36626477103851457,-0.07053809449853181,-0.5804695508685418,-0.3523186943546941,-0.5588443200021084,-0.8015146148806278,-0.4549916742738364,6,18,12,18,0.6666666666666666,-0.4549916742738364,Medium
Nigeria,NGA,2022,Sub-Saharan Africa ,Sub-Saharan Africa (excluding high income),,,-0.21250091204853536,0.09550860400375766,-0.5373059896002242,-0.3089773888265772,-0.4443358509320623,-0.926231946086418,-0.3889739139150099,6,18,13,18,0.7222222222222222,-0.3889739139150099,Medium
North America,NAC,2022,Aggregates,,,,0.10148992696559678,0.22509704326700666,-0.15198291002361225,1.6303092410422249,-0.6016337044574728,-0.6828674662036698,0.08673535509834555,6,18,16,18,0.8888888888888888,0.08673535509834555,High
North Macedonia,MKD,2022,Europe & Central Asia,Europe & Central Asia (excluding high income),,,0.055681939409418325,0.08527063295442543,-0.17055118124518123,2.2335796936703454,-0.1665484682040906,-0.72859159252361,0.21814017067688454,6,18,15,18,0.8333333333333334,0.21814017067688454,High
Northern Mariana Islands,MNP,2022,East Asia & Pacific,,,,-0.014119005924437036,0.09550860400375766,-0.2604756741895036,1.5799244282991278,-0.34811700154827535,-0.6607430099808221,0.06532972344330791,6,18,7,18,0.3888888888888889,0.06532972344330791,Low
Norway,NOR,2022,Europe & Central Asia,,,,0.1610869762641323,0.315605823248107,-0.08303896596838355,1.636064363100756,-0.4403154771854689,-0.6765051672200278,0.15214959203985248,6,18,15,18,0.8333333333333334,0.15214959203985248,High
OECD members,OED,2022,Aggregates,,,,0.09093367754465498,0.20938201125138256,-0.1561841358359843,1.5654419910721016,-0.4965739787747536,-0.7004524980308151,0.08542451120443102,6,18,12,18,0.6666666666666666,0.08542451120443102,Medium
Oman,OMN,2022,"Middle East, North Africa, Afghanistan & Pakistan",,,,0.11852269940141343,0.12308484141150337,-0.12943719167034204,1.1318532817369105,-0.3595456076512762,-0.8070079663193344,0.01291167615147911,6,18,14,18,0.7777777777777778,0.01291167615147911,Medium
Other small states,OSS,2022,Aggregates,,,,0.036188300755905185,-0.07288331722276853,-0.3409012709169105,1.7205789647696736,-0.1723323369486076,-0.7155100784079251,0.07585671033822783,6,18,14,18,0.7777777777777778,0.07585671033822783,Medium
Pacific island small states,PSS,2022,Aggregates,,,,-0.014119005924437036,-0.03756416185453948,-0.46103202668228255,1.5654419910721016,-0.3620217098753204,-0.6853327588474004,0.0008953879813535978,6,18,10,18,0.5555555555555556,0.0008953879813535978,Low
Pakistan,PAK,2022,"Middle East, North Africa, Afghanistan & Pakistan","Middle East, North Africa, Afghanistan & Pakistan (excluding high income)",,,-0.15314168026438024,-0.21249237987549838,-0.40401731921728473,-0.06420738646813175,-0.5899379588984911,-0.7967354795740365,-0.3700887007163038,6,18,14,18,0.7777777777777778,-0.3700887007163038,Medium
Palau,PLW,2022,East Asia & Pacific,,,,0.06059841598911044,0.07245718325728619,-0.24985720292837055,1.6084145455855836,-0.375948792300572,-0.6743021389712162,0.07356033510530359,6,18,14,18,0.7777777777777778,0.07356033510530359,Medium
Panama,PAN,2022,Latin America & Caribbean ,,,,0.09564901511757579,0.10426842279218933,-0.21075859967950494,1.5654419910721016,-0.37660555867913437,-0.7103894421749944,0.07793430474137214,6,18,12,18,0.6666666666666666,0.07793430474137214,Medium
Papua New Guinea,PNG,2022,East Asia & Pacific,East Asia & Pacific (excluding high income),,,-0.43851731795967197,0.09280612046916253,-0.5468565750954967,0.4498172856600822,-0.4393223927942194,-0.7151355526252519,-0.2662014053908992,6,18,11,18,0.6111111111111112,-0.2662014053908992,Medium
Paraguay,PRY,2022,Latin America & Caribbean ,Latin America & Caribbean (excluding high income),,,0.031346431894370454,0.062245878399814235,-0.33218293207447386,1.8484806696385032,-0.4732216681014137,-0.7130956650603908,0.07059545244940162,6,18,15,18,0.8333333333333334,0.07059545244940162,High
Peru,PER,2022,Latin America & Caribbean ,Latin America & Caribbean (excluding high income),,,0.008286736924480965,0.129892378605542,-0.2561755270430466,1.3957988630664229,-0.5164714138111086,-0.7750915698345672,-0.002293422015379428,6,18,15,18,0.8333333333333334,-0.002293422015379428,High
Philippines,PHL,2022,East Asia & Pacific,East Asia & Pacific (excluding high income),,,0.07831914463621777,0.04103173320979577,-0.38286618894406094,0.4104072538824921,-0.45263269883648355,-0.7374754927851579,-0.17386937480619946,6,18,14,18,0.7777777777777778,-0.17386937480619946,Medium
Poland,POL,2022,Europe & Central Asia,,,,0.13394166535835936,0.20973501336770872,-0.09687590043456701,2.3948290472045692,-0.2951895612563514,-0.7036423591152525,0.2737996508540777,6,18,16,18,0.8888888888888888,0.2737996508540777,High
Portugal,PRT,2022,Europe & Central Asia,,,,0.14174292400749808,0.24858680261921764,-0.1271466170118476,2.4119842642554423,-0.3623360317303548,-0.6857934463979318,0.2711729826236706,6,18,16,18,0.8888888888888888,0.2711729826236706,High
Post-demographic dividend,PST,2022,Aggregates,,,,0.11060058311141585,0.21061841583384355,-0.12349655489795959,1.5654419910721016,-0.4920399377507268,-0.6920991930917904,0.09650421737948071,6,18,12,18,0.6666666666666666,0.09650421737948071,Medium
Pre-demographic dividend,PRE,2022,Aggregates,,,,-0.1290424006840313,-0.12484875677762575,-0.5193630294953733,-0.1431269398147317,-0.4447483374385881,-0.7974172226419296,-0.35975778114204665,6,18,12,18,0.6666666666666666,-0.35975778114204665,Medium
Puerto Rico (US),PRI,2022,Latin America & Caribbean ,,,,0.07676371030475851,0.18117858804992917,-0.257627978813875,1.6366556311063452,-0.3783274777634303,-0.6739736090170386,0.09744481064444815,6,18,12,18,0.6666666666666666,0.09744481064444815,Medium
Qatar,QAT,2022,"Middle East, North Africa, Afghanistan & Pakistan",,,,0.2138657804429136,0.0644280946659264,-0.10100473315429988,1.6245662925184552,-0.3915247456169853,-0.8099538104293508,0.10006281307110988,6,18,14,18,0.7777777777777778,0.10006281307110988,Medium
Romania,ROU,2022,Europe & Central Asia,,,,0.10875725278254696,0.07465773998995866,-0.1382006610167649,1.7431446719821215,-0.3911528189386459,-0.7092600044203873,0.11465769672980484,6,18,16,18,0.8888888888888888,0.11465769672980484,High
Russian Federation,RUS,2022,Europe & Central Asia,,,,0.24755629473069854,0.0918698590655536,-0.14648964366364994,1.5629560746189366,-0.5718989942491017,-0.6902518103317784,0.08229029669510977,6,18,15,18,0.8333333333333334,0.08229029669510977,High
Rwanda,RWA,2022,Sub-Saharan Africa ,Sub-Saharan Africa (excluding high income),,,-0.30725614538073404,-0.23935006390892796,-0.5489097126096217,0.23789763836469593,-0.48692904297602163,-0.7797720206257878,-0.35405322452273286,6,18,15,18,0.8333333333333334,-0.35405322452273286,High
Samoa,WSM,2022,East Asia & Pacific,East Asia & Pacific (excluding high income),,,-0.20752936967600244,-0.020526239060754754,-0.4366482214735115,1.2763612439374157,-0.5059789325429646,-0.6771394631863856,-0.0952434970003672,6,18,13,18,0.7222222222222222,-0.0952434970003672,Medium
San Marino,SMR,2022,Europe & Central Asia,,,,0.15175492417989983,0.030986615787439914,-0.133260604099897,2.427542714059603,0.5031490738797638,-0.7064308543498113,0.378956978242833,6,18,16,18,0.8888888888888888,0.378956978242833,High
Sao Tome and Principe,STP,2022,Sub-Saharan Africa ,Sub-Saharan Africa (excluding high income),,,-0.18518349047506066,0.09550860400375766,-0.5533306325510274,-0.18618116480956762,-0.5033498766868137,-0.7118430006358268,-0.34072992685908976,6,18,13,18,0.7222222222222222,-0.34072992685908976,Medium
Saudi Arabia,SAU,2022,"Middle East, North Africa, Afghanistan & Pakistan",,,,0.27327616660158777,0.2482995760154932,-0.11863438298534013,1.1816229010594457,-0.5009810485367984,-0.8052242896033052,0.04639315375851385,6,18,14,18,0.7777777777777778,0.04639315375851385,Medium
Senegal,SEN,2022,Sub-Saharan Africa ,Sub-Saharan Africa (excluding high income),,,-0.09297891806593911,-0.18039194547535722,-0.4648137085480885,0.16556565237302504,-0.4477988673471415,-0.7908501811382433,-0.3018779947002908,6,18,14,18,0.7777777777777778,-0.3018779947002908,Medium
Serbia,SRB,2022,Europe & Central Asia,Europe & Central Asia (excluding high income),,,0.11778534810616044,0.17626951313989325,-0.19832349783453415,2.3477732348381535,-0.268171176924018,-0.7140496282054943,0.2435472988533601,6,18,17,18,0.9444444444444444,0.2435472988533601,High
Seychelles,SYC,2022,Sub-Saharan Africa ,,,,0.23028694133711233,-0.08571652355359448,-0.23209802078644512,1.6211330685908008,-0.12412006631342047,-0.6917614990207555,0.11962065004228291,6,18,14,18,0.7777777777777778,0.11962065004228291,Medium
Sierra Leone,SLE,2022,Sub-Saharan Africa ,Sub-Saharan Africa (excluding high income),,,-0.19805290863147249,0.09550860400375766,-0.5894416982406396,0.008315580354130825,-0.5516226419468823,-0.7361694274820874,-0.3285770819905322,6,18,11,18,0.6111111111111112,-0.3285770819905322,Medium
Singapore,SGP,2022,East Asia & Pacific,,,,0.2888153945862987,0.26458732589320394,-0.18033935892050332,1.6388661751161167,0.34725365813085757,-0.7164950108642706,0.2737813639902839,6,18,14,18,0.7777777777777778,0.2737813639902839,Medium
Sint Maarten (Dutch part),SXM,2022,Latin America & Caribbean ,,,,0.2883618465333781,-0.053234664602418436,-0.26794769631908283,1.5654419910721016,-0.4118975295144642,-0.7238289304175987,0.06614916945865257,6,18,6,18,0.3333333333333333,0.06614916945865257,Low
Slovak Republic,SVK,2022,Europe & Central Asia,,,,0.16990378817066318,0.08555178830123107,-0.10701523392575339,1.6371370154687561,-0.05315413615309047,-0.6985911619762586,0.17230534331425798,6,18,15,18,0.8333333333333334,0.17230534331425798,High
Slovenia,SVN,2022,Europe & Central Asia,,,,0.132675253533273,0.23037377990976957,-0.1250768906799311,1.6362617084723834,-0.1032635444165444,-0.6975575423453445,0.17890212741226766,6,18,15,18,0.8333333333333334,0.17890212741226766,High
Small states,SST,2022,Aggregates,,,,-0.006156772110900933,-0.06276153681590114,-0.3358741476414005,1.7205789647696736,-0.1970619663060282,-0.7086409810614779,0.06834726013899416,6,18,15,18,0.8333333333333334,0.06834726013899416,High
Solomon Islands,SLB,2022,East Asia & Pacific,East Asia & Pacific (excluding high income),,,-0.3668929303391404,0.09550860400375766,-0.5356215269338368,-0.025280150009433358,-0.48202754352598354,-0.6968575371677478,-0.33519518066206405,6,18,12,18,0.6666666666666666,-0.33519518066206405,Medium
"Somalia, Fed. Rep.",SOM,2022,Sub-Saharan Africa ,Sub-Saharan Africa (excluding high income),,,-0.40582393153690494,-0.011709035767366677,-0.6000697041961108,0.2016542776702375,-0.4169749504721734,-0.7313653164138936,-0.327381443452702,6,18,12,18,0.6666666666666666,-0.327381443452702,Medium
South Africa,ZAF,2022,Sub-Saharan Africa ,Sub-Saharan Africa (excluding high income),,,0.11602933171901024,0.03330786700135585,-0.2952042092000998,1.5406145970154543,-0.49593065493670424,-0.8039572369105672,0.01580994911474154,6,18,15,18,0.8333333333333334,0.01580994911474154,High
South Asia,SAS,2022,Aggregates,,,,-0.20142731215400755,-0.056745921739415395,-0.3431459049309371,1.5572658714916576,-0.5275337070598731,-0.8086782393101721,-0.06337753561712461,6,18,16,18,0.8888888888888888,-0.06337753561712461,High
South Asia (IDA & IBRD),TSA,2022,Aggregates,,,,-0.20142731215400755,-0.056745921739415395,-0.3431459049309371,1.5572658714916576,-0.5275337070598731,-0.7937405515139059,-0.06088792098441357,6,18,15,18,0.8333333333333334,-0.06088792098441357,High
South Sudan,SSD,2022,Sub-Saharan Africa ,Sub-Saharan Africa (excluding high income),,,-0.2545213083837384,0.09550860400375766,-0.6049260418456205,-0.38937102292562575,-0.4417280092096119,-0.7397181934575761,-0.38912599530306907,6,18,9,18,0.5,-0.38912599530306907,Low
Spain,ESP,2022,Europe & Central Asia,,,,0.15265854232019518,0.3079425396350127,-0.08423274070664259,2.425922187781179,-0.4371276749806879,-0.6963183107058546,0.27814075722386694,6,18,16,18,0.8888888888888888,0.27814075722386694,High
Sri Lanka,LKA,2022,South Asia,South Asia,,,0.012794568642659885,-0.0082232397847359,-0.36911080324571177,1.4707528658437106,-0.579655958455799,-0.7347353980974375,-0.03469632751621896,6,18,15,18,0.8333333333333334,-0.03469632751621896,High
St. Kitts and Nevis,KNA,2022,Latin America & Caribbean ,,,,0.10740452215257719,0.181672568167316,-0.24543628298696493,1.5654419910721016,-0.4174800942712456,-0.6839151090116595,0.08461459918702079,6,18,11,18,0.6111111111111112,0.08461459918702079,Medium
St. Lucia,LCA,2022,Latin America & Caribbean ,Latin America & Caribbean (excluding high income),,,-0.08405155470260561,-0.04423082311335066,-0.2611462810246126,1.5654419910721016,-0.3902599293326818,-0.6918449252508435,0.01565141294133456,6,18,12,18,0.6666666666666666,0.01565141294133456,Medium
St. Martin (French part),MAF,2022,Latin America & Caribbean ,,,,-0.014119005924437036,0.09550860400375766,-0.2550567895740496,1.6281588766387245,-0.4417280092096119,-0.7077266079491817,0.050839511330866984,6,18,4,18,0.2222222222222222,0.050839511330866984,Low
St. Vincent and the Grenadines,VCT,2022,Latin America & Caribbean ,Latin America & Caribbean (excluding high income),,,0.0014257484711156648,0.16494529368033156,-0.27315681765909994,0.9001379255241155,-0.4387554657682167,-0.6894840976480762,-0.05581456889997167,6,18,12,18,0.6666666666666666,-0.05581456889997167,Medium
Sub-Saharan Africa ,SSF,2022,Aggregates,,,,-0.27452663541233197,-0.1175701188968633,-0.5204814378274425,1.0012896268144562,-0.5121090032836337,-0.913462376327752,-0.22280999082226124,6,18,16,18,0.8888888888888888,-0.22280999082226124,High
Sub-Saharan Africa (IDA & IBRD countries),TSS,2022,Aggregates,,,,-0.27452663541233197,-0.1175701188968633,-0.5204814378274425,1.0012896268144562,-0.5121090032836336,-0.7847440027641807,-0.20135692856166598,6,18,15,18,0.8333333333333334,-0.20135692856166598,High
Sub-Saharan Africa (excluding high income),SSA,2022,Aggregates,,,,-0.2586036958678013,-0.11757602328038591,-0.5205095884178724,1.0078581433011828,-0.5125889046217269,-0.7847479159281008,-0.19769466413578407,6,18,15,18,0.8333333333333334,-0.19769466413578407,High
Sudan,SDN,2022,Sub-Saharan Africa ,Sub-Saharan Africa (excluding high income),,,-0.18530515918569243,0.09550860400375766,-0.3611811157879066,0.21385630433695305,-0.680352383629154,-0.7905902045693409,-0.2846773258052306,6,18,11,18,0.6111111111111112,-0.2846773258052306,Medium
Suriname,SUR,2022,Latin America & Caribbean ,Latin America & Caribbean (excluding high income),,,0.12873411368985632,-0.11039847426774851,-0.2507089689559023,1.473873740947515,-0.4462993508920033,-0.7142709156778606,0.013488357473976142,6,18,14,18,0.7777777777777778,0.013488357473976142,Medium
Sweden,SWE,2022,Europe & Central Asia,,,,0.22490291149848343,0.3353732385708925,-0.08765127745711125,1.6380713431438683,-0.3621015296801839,-0.6779345882424268,0.17844334963892036,6,18,15,18,0.8333333333333334,0.17844334963892036,High
Switzerland,CHE,2022,Europe & Central Asia,,,,0.1953392094360611,0.1899402220736844,-0.08273664639181148,1.6283780158502505,-0.2628324270018432,-0.6891736834479679,0.16315244841972892,6,18,15,18,0.8333333333333334,0.16315244841972892,High
Syrian Arab Republic,SYR,2022,"Middle East, North Africa, Afghanistan & Pakistan","Middle East, North Africa, Afghanistan & Pakistan (excluding high income)",,,-0.13588119880743185,-0.07340211728852757,-0.20260325778903276,0.43466734203941115,-0.6041176990402072,-0.8352095940614671,-0.23609108749120922,6,18,12,18,0.6666666666666666,-0.23609108749120922,Medium
Tajikistan,TJK,2022,Europe & Central Asia,Europe & Central Asia (excluding high income),,,-0.29332999494418693,0.03302153009780456,-0.19442884650988448,0.9554204656167546,-0.47819807977635653,-0.7979311531582504,-0.12924101311235317,6,18,16,18,0.8888888888888888,-0.12924101311235317,High
Tanzania,TZA,2022,Sub-Saharan Africa ,Sub-Saharan Africa (excluding high income),,,-0.2722149540435707,-0.0932259047880656,-0.5465228607936651,-0.3040143924737688,-0.5881816895477009,-0.7367985514352067,-0.4234930588469963,6,18,15,18,0.8333333333333334,-0.4234930588469963,High
Thailand,THA,2022,East Asia & Pacific,East Asia & Pacific (excluding high income),,,0.24178538719391574,0.053470081496504236,-0.2741102870929042,2.0807742977850894,-0.2738755478920795,-0.7290011180979433,0.1831738022320971,6,18,16,18,0.8888888888888888,0.1831738022320971,High
Timor-Leste,TLS,2022,East Asia & Pacific,East Asia & Pacific (excluding high income),,,-0.06485171055986662,0.03685434897204249,-0.5160467994578359,0.428705415473378,-0.46283124391988345,-0.7029214304149333,-0.21351523665118313,6,18,12,18,0.6666666666666666,-0.21351523665118313,Medium
Togo,TGO,2022,Sub-Saharan Africa ,Sub-Saharan Africa (excluding high income),,,-0.3075818681436176,0.04702467990009498,-0.549659775230881,-0.207341521909315,-0.49417487951507955,-0.777097888567715,-0.3814718755777522,6,18,14,18,0.7777777777777778,-0.3814718755777522,Medium
Tonga,TON,2022,East Asia & Pacific,East Asia & Pacific (excluding high income),,,-0.23560265000273453,0.10893273439963296,-0.274288268053881,1.4149854714481516,-0.4868924344158618,-0.6735225441439368,-0.02439794846143828,6,18,13,18,0.7222222222222222,-0.02439794846143828,Medium
Trinidad and Tobago,TTO,2022,Latin America & Caribbean ,,,,0.11354427289505525,0.09550860400375766,-0.19802342627532643,1.4372894229628794,-0.44804674963380603,-0.7036503711286356,0.04943695880398737,6,18,11,18,0.6111111111111112,0.04943695880398737,Medium
Tunisia,TUN,2022,"Middle East, North Africa, Afghanistan & Pakistan","Middle East, North Africa, Afghanistan & Pakistan (excluding high income)",,,0.054770322084255925,0.03851528352974513,-0.2151254896863283,1.7493634794536532,-0.32851347644728635,-0.7310556915415415,0.09465907123208304,6,18,13,18,0.7222222222222222,0.09465907123208304,Medium
Turkiye,TUR,2022,Europe & Central Asia,Europe & Central Asia (excluding high income),,,0.010626821856329979,0.39993586591841407,-0.17081776509744573,2.3541185300155876,-0.43638941299117606,-0.7462913836422179,0.23519710934324864,6,18,15,18,0.8333333333333334,0.23519710934324864,High
Turkmenistan,TKM,2022,Europe & Central Asia,Europe & Central Asia (excluding high income),,,-0.04181352348090253,0.010952895481176339,-0.13006648149665287,0.5692218925655946,-0.5707989361604007,-0.7701771471983904,-0.15544688338159593,6,18,13,18,0.7222222222222222,-0.15544688338159593,Medium
Turks and Caicos Islands,TCA,2022,Latin America & Caribbean ,,,,-0.014119005924437036,0.016423744913569054,-0.2624239300659103,1.47069029669018,-0.41120025622366924,-0.7237307023677783,0.012606691170325738,6,18,7,18,0.3888888888888889,0.012606691170325738,Low
Tuvalu,TUV,2022,East Asia & Pacific,East Asia & Pacific (excluding high income),,,-0.08006163881972082,0.13192778383843856,-0.3303300231414477,1.3485516698255025,-0.4802349641713917,-0.6688166505383334,-0.013160637167825432,6,18,12,18,0.6666666666666666,-0.013160637167825432,Medium
Uganda,UGA,2022,Sub-Saharan Africa ,Sub-Saharan Africa (excluding high income),,,-0.3997422906308832,0.09550860400375766,-0.5665584318293381,-0.31693011131244525,-0.5899356819246817,-0.7689307850529069,-0.4244314494577495,6,18,13,18,0.7222222222222222,-0.4244314494577495,Medium
Ukraine,UKR,2022,Europe & Central Asia,Europe & Central Asia (excluding high income),,,0.04016676338293092,0.09550860400375766,-0.17124046987976563,1.6009657947416507,-0.498859455552117,-0.6783655950967376,0.06469594026661984,6,18,12,18,0.6666666666666666,0.06469594026661984,Medium
United Arab Emirates,ARE,2022,"Middle East, North Africa, Afghanistan & Pakistan",,,,0.40311419726905523,0.17624131070068974,-0.08628952155925458,2.423211328873387,-0.10707410099151182,-0.8073518663469743,0.33364189132423183,6,18,16,18,0.8888888888888888,0.33364189132423183,High
United Kingdom,GBR,2022,Europe & Central Asia,,,,0.16192722950082675,0.23897184746203395,-0.1259404394191653,1.6383608003893757,-0.471288794168008,-0.6929543517845703,0.12484604866341548,6,18,14,18,0.7777777777777778,0.12484604866341548,Medium
United States,USA,2022,North America,,,,0.10604413083006968,0.18768489305585154,-0.15320036308514873,1.6308201342813067,-0.6126425670223005,-0.6834301630730933,0.07921267749778088,6,18,15,18,0.8333333333333334,0.07921267749778088,High
Uruguay,URY,2022,Latin America & Caribbean ,,,,0.18291113455748165,0.2884197372924364,-0.1562709997690392,2.3541185300155876,-0.49779014277526895,-0.6911269563492093,0.246710217161998,6,18,16,18,0.8888888888888888,0.246710217161998,High
Uzbekistan,UZB,2022,Europe & Central Asia,Europe & Central Asia (excluding high income),,,0.030300297125368914,0.07450648182348596,-0.258994618335661,1.810556134611362,-0.5008540544388619,-0.778355981694042,0.06285970984860863,6,18,17,18,0.9444444444444444,0.06285970984860863,High
Vanuatu,VUT,2022,East Asia & Pacific,East Asia & Pacific (excluding high income),,,-0.14564788059349046,0.06112707869535459,-0.4987762897801953,1.381567745571832,-0.47027511142845785,-0.6885406514811926,-0.060090851502691583,6,18,12,18,0.6666666666666666,-0.060090851502691583,Medium
"Venezuela, RB",VEN,2022,Latin America & Caribbean ,Latin America & Caribbean (excluding high income),,,-0.17088789345779096,0.1082778732833662,-0.2576629393597812,0.8651156677868878,-0.5897035104975562,-0.7173372082261844,-0.12703300174517645,6,18,12,18,0.6666666666666666,-0.12703300174517645,Medium
Viet Nam,VNM,2022,East Asia & Pacific,East Asia & Pacific (excluding high income),,,0.10225448257716414,0.09108448005453122,-0.23816131120703868,1.5039965550015626,-0.09767611357760515,-0.74215337072699,0.10322412035360401,6,18,16,18,0.8888888888888888,0.10322412035360401,High
Virgin Islands (U.S.),VIR,2022,Latin America & Caribbean ,,,,-0.08595568853441142,0.09550860400375766,-0.2547913684893872,1.634662912341402,-0.05360491671800623,-0.6747954679008791,0.11017067911707928,6,18,9,18,0.5,0.11017067911707928,Low
West Bank and Gaza,PSE,2022,"Middle East, North Africa, Afghanistan & Pakistan","Middle East, North Africa, Afghanistan & Pakistan (excluding high income)",,,-0.10325086331847862,0.08942776553423744,-0.18727782575635274,1.5421384626691712,-0.46425595085663335,-0.7411547352050173,0.022604475511154465,6,18,16,18,0.8888888888888888,0.022604475511154465,High
World,WLD,2022,Aggregates,,,,-0.04102197107367565,0.004131733780341984,-0.3216424655288402,1.5794252850922639,-0.49872268992552105,-0.7949919314461017,-0.012137006516922122,6,18,17,18,0.9444444444444444,-0.012137006516922122,High
"Yemen, Rep.",YEM,2022,"Middle East, North Africa, Afghanistan & Pakistan","Middle East, North Africa, Afghanistan & Pakistan (excluding high income)",,,-0.2569557382587614,0.09550860400375766,-0.41566553746692647,0.21306974112552735,-0.4417280092096119,-0.8003120902142656,-0.2676805050033801,6,18,8,18,0.4444444444444444,-0.2676805050033801,Low
Zambia,ZMB,2022,Sub-Saharan Africa ,Sub-Saharan Africa (excluding high income),,,-0.29166934847055,0.07049321604304686,-0.5484297996612737,-0.10353977700695173,-0.47664410327535744,-0.8701711802257462,-0.3699934987661387,6,18,14,18,0.7777777777777778,-0.3699934987661387,Medium
Zimbabwe,ZWE,2022,Sub-Saharan Africa ,Sub-Saharan Africa (excluding high income),,,-0.25032811089700197,0.09550860400375766,-0.4915998431750954,-0.09891391140053846,-0.5519107779518566,-0.7187047837458701,-0.3359914705277675,6,18,13,18,0.7222222222222222,-0.3359914705277675,Medium
Afghanistan,AFG,2023,"Middle East, North Africa, Afghanistan & Pakistan","Middle East, North Africa, Afghanistan & Pakistan (excluding high income)",,,-0.41988182647912914,-0.04104701199668733,-0.44514756188831767,0.17186141256854845,-0.4669900928076511,-0.7491466884559229,-0.32505862817652664,6,18,13,18,0.7222222222222222,-0.32505862817652664,Medium
Africa Eastern and Southern,AFE,2023,Aggregates,,,,-0.305033241714326,-0.12588436408281933,-0.49464344967387525,1.0236675350196087,-0.5003329813620029,-0.7132781754376637,-0.18591744620851305,6,18,15,18,0.8333333333333334,-0.18591744620851305,High
Africa Western and Central,AFW,2023,Aggregates,,,,-0.21887639408781512,-0.15816588626096098,-0.511448535253192,0.15461286993938647,-0.433701941148471,-0.760903285148521,-0.3214138619932623,6,18,13,18,0.7222222222222222,-0.3214138619932623,Medium
Albania,ALB,2023,Europe & Central Asia,Europe & Central Asia (excluding high income),,,-0.04873041083172752,0.12623648135444418,-0.16536569028398693,1.4042596074876628,-0.40569752461092784,-0.6725871016739928,0.03968589357357866,6,18,16,18,0.8888888888888888,0.03968589357357866,High
Algeria,DZA,2023,"Middle East, North Africa, Afghanistan & Pakistan","Middle East, North Africa, Afghanistan & Pakistan (excluding high income)",,,-0.04529949200357867,0.08596379410344379,-0.23683490718294434,0.0010649156598795707,-0.5277808148173831,-0.6847613546666595,-0.23460797648454038,6,18,15,18,0.8333333333333334,-0.23460797648454038,High
American Samoa,ASM,2023,East Asia & Pacific,,,,-0.009099647747245546,0.053469912487009025,-0.28026110761949924,1.5732260926710924,-0.43192829685249085,-0.6397103454397473,0.04428276791651975,6,18,5,18,0.2777777777777778,0.04428276791651975,Low
Andorra,AND,2023,Europe & Central Asia,,,,0.2532993058812323,0.10092422765923263,-0.12348762119529068,1.6034095871339045,-0.4339482755348745,-0.6622096529203899,0.12299792850396905,6,18,13,18,0.7222222222222222,0.12299792850396905,Medium
Angola,AGO,2023,Sub-Saharan Africa ,Sub-Saharan Africa (excluding high income),,,-0.3125346516565848,-0.2500293578702401,-0.41541030688719444,0.2966813834596517,-0.5115353112790401,-0.6992175380085581,-0.3153409637069943,6,18,14,18,0.7777777777777778,-0.3153409637069943,Medium
Antigua and Barbuda,ATG,2023,Latin America & Caribbean ,,,,-0.03209193323619299,0.10284128134320292,-0.2123985673747439,1.5611968364265867,-0.4274867161990607,-0.6581522309957341,0.055651444994009626,6,18,9,18,0.5,0.055651444994009626,Low
Arab World,ARB,2023,Aggregates,,,,-0.009099647747245546,-0.10164997171774477,-0.28558903660167173,0.7494862680979405,-0.4105800937582041,-0.7523455186348293,-0.1349630000602925,6,18,12,18,0.6666666666666666,-0.1349630000602925,Medium
Argentina,ARG,2023,Latin America & Caribbean ,Latin America & Caribbean (excluding high income),,,0.10797386418186138,0.25126884086202966,-0.20744235820789006,2.1484856639635175,-0.5913064050675125,-0.6751092362492538,0.17231172824712537,6,18,15,18,0.8333333333333334,0.17231172824712537,High
Armenia,ARM,2023,Europe & Central Asia,Europe & Central Asia (excluding high income),,,0.05180913060290713,0.08821612089473825,-0.1695600577928287,1.5788021063818698,-0.2777601589478811,-0.7173246178740927,0.09236375387745212,6,18,16,18,0.8888888888888888,0.09236375387745212,High
Aruba,ABW,2023,Latin America & Caribbean ,,,,-0.009099647747245546,0.053469912487009025,-0.2700361881774513,1.5611968364265867,-0.1863820208938091,-0.6868871151935902,0.07704362948358323,6,18,5,18,0.2777777777777778,0.07704362948358323,Low
Australia,AUS,2023,East Asia & Pacific,,,,0.08742346599701144,0.32530659852660515,-0.10009320553538904,1.5611968364265867,-0.5165487309331145,-0.6579236476951066,0.1165602194644322,6,18,13,18,0.7222222222222222,0.1165602194644322,Medium
Austria,AUT,2023,Europe & Central Asia,,,,0.09091856931432434,0.1893207150395014,-0.11545113554636512,1.6275159634887653,-0.33181392599632625,-0.6625205688277004,0.13299493624536654,6,18,15,18,0.8333333333333334,0.13299493624536654,High
Azerbaijan,AZE,2023,Europe & Central Asia,Europe & Central Asia (excluding high income),,,0.006560260848180945,0.054287694033676726,-0.17521677662446897,1.9862706044272602,-0.41540435149356414,-0.7016880647224237,0.12580156107811016,6,18,16,18,0.8888888888888888,0.12580156107811016,High
"Bahamas, The",BHS,2023,Latin America & Caribbean ,,,,0.0027108639286012684,0.0393619249459825,-0.24094999187127494,1.5611968364265867,-0.43193925366294866,-0.6488989985059287,0.04691356354350301,6,18,12,18,0.6666666666666666,0.04691356354350301,Medium
Bahrain,BHR,2023,"Middle East, North Africa, Afghanistan & Pakistan",,,,0.16277850554463338,0.1284354722668653,-0.14906306237038747,1.5555456635951537,-0.20188680678056894,-0.7638165197242647,0.12199887542190518,6,18,16,18,0.8888888888888888,0.12199887542190518,High
Bangladesh,BGD,2023,South Asia,South Asia,,,-0.15083849275648664,-0.10857809630896754,-0.44971241452696975,0.958781381615715,-0.5593735844769081,-0.7575222525916327,-0.17787390984087495,6,18,15,18,0.8333333333333334,-0.17787390984087495,High
Barbados,BRB,2023,Latin America & Caribbean ,,,,-0.03924440457331863,0.08589612788988037,-0.21654577834524036,1.5611968364265867,-0.4319492963238156,-0.6639551478425595,0.04923305620525548,6,18,10,18,0.5555555555555556,0.04923305620525548,Low
Belarus,BLR,2023,Europe & Central Asia,Europe & Central Asia (excluding high income),,,0.11758761291724451,0.1252592313666606,-0.1239467919599045,1.61043572993755,-0.2649735702581064,-0.6655004965743035,0.13314361923819013,6,18,14,18,0.7777777777777778,0.13314361923819013,Medium
Belgium,BEL,2023,Europe & Central Asia,,,,0.07652570998610173,0.28547067888924443,-0.10783628063832552,1.6294637466423874,-0.1761504294983388,-0.6563179306980716,0.1751925824471663,6,18,15,18,0.8333333333333334,0.1751925824471663,High
Belize,BLZ,2023,Latin America & Caribbean ,Latin America & Caribbean (excluding high income),,,-0.03774877946741886,-0.062412749571754,-0.2937714408940911,1.4565978048521069,-0.35674415325632913,-0.6870509203784535,0.003144960214010062,6,18,12,18,0.6666666666666666,0.003144960214010062,Medium
Benin,BEN,2023,Sub-Saharan Africa ,Sub-Saharan Africa (excluding high income),,,-0.1948665888495326,0.053469912487009025,-0.5557233045319558,0.04416694145966523,-0.5217193024446698,-0.7552664498479124,-0.32165646528789943,6,18,12,18,0.6666666666666666,-0.32165646528789943,Medium
Bermuda,BMU,2023,North America,,,,-0.009099647747245546,-0.1040615563458288,-0.252641266670214,1.5611968364265867,-0.4233054283781847,-0.6453853112460824,0.021117271006505196,6,18,8,18,0.4444444444444444,0.021117271006505196,Low
Bhutan,BTN,2023,South Asia,South Asia,,,-0.0828178474603314,-0.07447185057188759,-0.27008852979567155,1.5333569710619994,-0.4128568044453553,-0.7219473635854569,-0.004804237466117227,6,18,14,18,0.7777777777777778,-0.004804237466117227,Medium
Bolivia,BOL,2023,Latin America & Caribbean ,Latin America & Caribbean (excluding high income),,,-0.030503028909636343,0.07386018580826019,-0.2858420903413461,0.7830904889719336,-0.5148268805096302,-0.7232321059658432,-0.11624223849104369,6,18,14,18,0.7777777777777778,-0.11624223849104369,Medium
Bosnia and Herzegovina,BIH,2023,Europe & Central Asia,Europe & Central Asia (excluding high income),,,0.04155378734078462,0.017541324401885838,-0.30366057329451374,1.9819933291726717,-0.3643217104988947,-0.7064692035233233,0.11110615893310172,6,18,15,18,0.8333333333333334,0.11110615893310172,High
Botswana,BWA,2023,Sub-Saharan Africa ,Sub-Saharan Africa (excluding high income),,,0.145636854627512,-0.04328609790260679,-0.3548201387224625,1.4048314636638033,-0.45374209007018057,-0.675548212356465,0.0038452965399333925,6,18,13,18,0.7222222222222222,0.0038452965399333925,Medium
Brazil,BRA,2023,Latin America & Caribbean ,Latin America & Caribbean (excluding high income),,,-0.0225845514010159,0.07278233489264989,-0.2473869305888624,2.3919550555607727,-0.5563763353701431,-0.6802058515939912,0.15969728691656834,6,18,15,18,0.8333333333333334,0.15969728691656834,High
British Virgin Islands,VGB,2023,Latin America & Caribbean ,,,,-0.061258124550907254,-0.08839782349931698,-0.2673405010466286,1.5611968364265867,-0.43192829685249085,-0.6917862515084615,0.003414306494796885,6,18,7,18,0.3888888888888889,0.003414306494796885,Low
Brunei Darussalam,BRN,2023,East Asia & Pacific,,,,0.06580977937568296,0.002609280669683689,-0.22195175546241563,1.5611968364265867,-0.26226743592229546,-0.6564717097934856,0.0814874992156261,6,18,13,18,0.7222222222222222,0.0814874992156261,Medium
Bulgaria,BGR,2023,Europe & Central Asia,,,,0.05847804222919262,0.14052089349917063,-0.16742755721273225,2.160343926480716,-0.30703870728587385,-0.6884334478285804,0.1994071916469821,6,18,15,18,0.8333333333333334,0.1994071916469821,High
Burkina Faso,BFA,2023,Sub-Saharan Africa ,Sub-Saharan Africa (excluding high income),,,-0.21419237663549154,-0.38783117499787007,-0.5226682807544355,0.24517885443072077,-0.47652241735943274,-0.7477169937703024,-0.3506253981811353,6,18,14,18,0.7777777777777778,-0.3506253981811353,Medium
Burundi,BDI,2023,Sub-Saharan Africa ,Sub-Saharan Africa (excluding high income),,,-0.42338710606945007,-0.08575226335609347,-0.5645521909853437,0.20930406577679347,-0.43583744376795647,-0.7442855496114227,-0.3407517480022455,6,18,11,18,0.6111111111111112,-0.3407517480022455,Medium
Cabo Verde,CPV,2023,Sub-Saharan Africa ,Sub-Saharan Africa (excluding high income),,,-0.05978629913161363,0.053469912487009025,-0.2785173766431025,1.5611968364265867,-0.37294199150028273,-0.6925056990085793,0.03515256377166959,6,18,11,18,0.6111111111111112,0.03515256377166959,Medium
Cambodia,KHM,2023,East Asia & Pacific,East Asia & Pacific (excluding high income),,,-0.06409653319141463,-0.15520003208705022,-0.37495747649821815,0.694580892454079,-0.26030229991916803,-0.6925621093040627,-0.14208959309097247,6,18,14,18,0.7777777777777778,-0.14208959309097247,Medium
Cameroon,CMR,2023,Sub-Saharan Africa ,Sub-Saharan Africa (excluding high income),,,-0.17760657118919274,-0.19416475744139616,-0.4750396071580579,0.22904349556001735,-0.5504101351042907,-0.7616716207155368,-0.3216415326747428,6,18,12,18,0.6666666666666666,-0.3216415326747428,Medium
Canada,CAN,2023,North America,,,,0.04525773697674271,0.15544610546059215,-0.1334603742540416,1.6216654935744568,-0.4710078012219648,-0.6593358021197945,0.09309422640266513,6,18,14,18,0.7777777777777778,0.09309422640266513,Medium
Caribbean small states,CSS,2023,Aggregates,,,,-0.009099647747245546,0.0358035233250466,-0.2546622063223684,1.5611968364265867,-0.41310125464103403,-0.672945993142196,0.041198542983131546,6,18,8,18,0.4444444444444444,0.041198542983131546,Low
Cayman Islands,CYM,2023,Latin America & Caribbean ,,,,-0.009099647747245546,0.036124671226848266,-0.2583393008979877,1.5611968364265867,-0.4263987272534329,-0.6925979909180514,0.03514764013945291,6,18,5,18,0.2777777777777778,0.03514764013945291,Low
Central African Republic,CAF,2023,Sub-Saharan Africa ,Sub-Saharan Africa (excluding high income),,,-0.20230982704323522,0.053469912487009025,-0.5801568024046132,-0.017893733297427494,-0.5370487091843513,-0.7323915309045029,-0.3360551150578535,6,18,10,18,0.5555555555555556,-0.3360551150578535,Low
Central Europe and the Baltics,CEB,2023,Aggregates,,,,-0.009099647747245546,0.15193476667171038,-0.12723460157466185,2.1432565119199696,-0.30023848989587965,-0.677115118785116,0.19691723676479614,6,18,12,18,0.6666666666666666,0.19691723676479614,Medium
Chad,TCD,2023,Sub-Saharan Africa ,Sub-Saharan Africa (excluding high income),,,-0.3887271823510737,-0.14449199595158235,-0.5615790495994525,-0.021280045911833412,-0.5280129357243161,-0.7673128170448732,-0.4019006710971886,6,18,13,18,0.7222222222222222,-0.4019006710971886,Medium
Channel Islands,CHI,2023,Europe & Central Asia,,,,-0.009099647747245546,0.053469912487009025,-0.256172237137348,1.5611968364265867,-0.42723871273640174,-0.6875839850120767,0.03909536104675395,6,18,3,18,0.16666666666666666,0.03909536104675395,Low
Chile,CHL,2023,Latin America & Caribbean ,,,,0.11098446776660742,0.2429974170531264,-0.12896077144790358,2.057212926128901,-0.4853716430122497,-0.7011294967761392,0.18262214995205703,6,18,15,18,0.8333333333333334,0.18262214995205703,High
China,CHN,2023,East Asia & Pacific,East Asia & Pacific (excluding high income),,,0.14092599365063818,0.114504993899279,-0.18887336711604744,2.3575903940379144,-0.5395401310007623,-0.7252093254985427,0.19323309299541314,6,18,13,18,0.7222222222222222,0.19323309299541314,Medium
Colombia,COL,2023,Latin America & Caribbean ,Latin America & Caribbean (excluding high income),,,0.13443663622635993,0.07536434298378843,-0.25563170282105363,1.7753910629397505,-0.5465890548173723,-0.7108686396522613,0.07868377414320192,6,18,15,18,0.8333333333333334,0.07868377414320192,High
Comoros,COM,2023,Sub-Saharan Africa ,Sub-Saharan Africa (excluding high income),,,-0.21364544321555567,0.053469912487009025,-0.5253406033164104,-0.290229146618675,-0.5296211366768624,-0.6674061166218305,-0.36212875566038744,6,18,12,18,0.6666666666666666,-0.36212875566038744,Medium
"Congo, Dem. Rep.",COD,2023,Sub-Saharan Africa ,Sub-Saharan Africa (excluding high income),,,-0.4180629191300775,-0.10993598741550904,-0.5553699154281319,0.016752985041848596,-0.39488960471950946,-0.7461917494809369,-0.36794953185538604,6,18,14,18,0.7777777777777778,-0.36794953185538604,Medium
"Congo, Rep.",COG,2023,Sub-Saharan Africa ,Sub-Saharan Africa (excluding high income),,,-0.22206005351498592,-0.07303098412346538,-0.4415348154302161,0.23354430617529598,-0.38353229643563597,-0.7458629076751985,-0.272079458500701,6,18,12,18,0.6666666666666666,-0.272079458500701,Medium
Costa Rica,CRI,2023,Latin America & Caribbean ,,,,0.0762938587048581,0.15140831169044633,-0.18085347885901695,1.7145333844260637,-0.441766408285526,-0.6862975830062356,0.10555301411176497,6,18,15,18,0.8333333333333334,0.10555301411176497,High
Cote d'Ivoire,CIV,2023,Sub-Saharan Africa ,Sub-Saharan Africa (excluding high income),,,-0.003848881002522342,-0.1513727023553747,-0.44103247719998695,0.2478469474486805,-0.5088261911503439,-0.6989340730233358,-0.2593612295471472,6,18,14,18,0.7777777777777778,-0.2593612295471472,Medium
Croatia,HRV,2023,Europe & Central Asia,,,,0.039432747683827006,0.171845440214515,-0.1163842936314478,2.389713262463587,-0.33899481479162635,-0.6761313066217758,0.24491350588617986,6,18,16,18,0.8888888888888888,0.24491350588617986,High
Cuba,CUB,2023,Latin America & Caribbean ,Latin America & Caribbean (excluding high income),,,-0.21384202992747423,0.052465768456729095,-0.22587116188664544,0.6737614706464093,-0.31554731277592823,-0.658617141624098,-0.11460840118516791,6,18,13,18,0.7222222222222222,-0.11460840118516791,Medium
Curacao,CUW,2023,Latin America & Caribbean ,,,,-0.029252882004995952,0.14533255764573313,-0.26873069289307666,1.5611968364265867,-0.42757968361446047,-0.6892820080538619,0.04861402125098748,6,18,7,18,0.3888888888888889,0.04861402125098748,Low
Cyprus,CYP,2023,Europe & Central Asia,,,,0.17854141464517748,0.2484187182557319,-0.13923826116985924,2.0648789108272814,-0.10111357721182734,-0.6787668372420629,0.26212006135074023,6,18,16,18,0.8888888888888888,0.26212006135074023,High
Czechia,CZE,2023,Europe & Central Asia,,,,0.10101019627254697,0.1080047398684989,-0.11243083762212867,1.6253307935690129,-0.28279823411244404,-0.6713054177458413,0.12796854003827415,6,18,15,18,0.8333333333333334,0.12796854003827415,High
Denmark,DNK,2023,Europe & Central Asia,,,,0.15830920626643422,0.23612407470754163,-0.10972396684097324,1.6305090463414762,-0.28480094116988247,-0.6541110935238365,0.16271772096346,6,18,15,18,0.8333333333333334,0.16271772096346,High
Djibouti,DJI,2023,"Middle East, North Africa, Afghanistan & Pakistan","Middle East, North Africa, Afghanistan & Pakistan (excluding high income)",,,-0.2939314394366443,0.053469912487009025,-0.5288160829325306,-0.08188215996247629,0.18761377299704662,-0.753812671982264,-0.2362264448049766,6,18,12,18,0.6666666666666666,-0.2362264448049766,Medium
Dominica,DMA,2023,Latin America & Caribbean ,Latin America & Caribbean (excluding high income),,,-0.005186457116089227,0.08445637154525636,-0.27450743251458726,1.5611968364265867,-0.42512400410782214,-0.6643294478766067,0.04608431105945626,6,18,9,18,0.5,0.04608431105945626,Low
Dominican Republic,DOM,2023,Latin America & Caribbean ,Latin America & Caribbean (excluding high income),,,-0.07650123968171357,0.0371284171979375,-0.2623636192203454,0.828737070488999,-0.5136503325634237,-0.6747305911365453,-0.11023004915251526,6,18,17,18,0.9444444444444444,-0.11023004915251526,High
Early-demographic dividend,EAR,2023,Aggregates,,,,-0.009099647747245546,-0.062111831257173865,-0.3313252093981477,1.4120643629930612,-0.4988180250217944,-0.7573810129543243,-0.04111189389760411,6,18,12,18,0.6666666666666666,-0.04111189389760411,Medium
East Asia & Pacific,EAS,2023,Aggregates,,,,0.098151599466685,0.10232200173972583,-0.27509023583811587,1.5447682076623537,-0.4848008482969952,-0.7156125296984021,0.04495636583920857,6,18,16,18,0.8888888888888888,0.04495636583920857,High
East Asia & Pacific (IDA & IBRD countries),TEA,2023,Aggregates,,,,0.08953591470403388,0.0961889405667341,-0.2787488902141059,1.892834606946358,-0.5165368546645509,-0.7170567576057745,0.09436949328878241,6,18,15,18,0.8333333333333334,0.09436949328878241,High
East Asia & Pacific (excluding high income),EAP,2023,Aggregates,,,,0.08252654404967372,0.09512072127423506,-0.2814009754674282,1.5611968364265867,-0.5165492246729756,-0.7168057251001958,0.03734802941831596,6,18,14,18,0.7777777777777778,0.03734802941831596,Medium
Ecuador,ECU,2023,Latin America & Caribbean ,Latin America & Caribbean (excluding high income),,,-0.07455941735562331,0.09735404368322613,-0.2481345967919942,1.3798533722000579,-0.49325980856618495,-0.6994882152417629,-0.006372437012046909,6,18,16,18,0.8888888888888888,-0.006372437012046909,High
"Egypt, Arab Rep.",EGY,2023,"Middle East, North Africa, Afghanistan & Pakistan","Middle East, North Africa, Afghanistan & Pakistan (excluding high income)",,,-0.10987392739886608,-0.014566616444629588,-0.17754155122483184,0.11363436094833068,-0.5389299264215996,-0.7588850685068865,-0.2476937881747472,6,18,15,18,0.8333333333333334,-0.2476937881747472,High
El Salvador,SLV,2023,Latin America & Caribbean ,Latin America & Caribbean (excluding high income),,,0.11282078508195391,-0.0803792653481853,-0.25649627050398754,0.71014080161651,-0.4214827771241671,-0.7300691497167161,-0.11091097933243203,6,18,15,18,0.8333333333333334,-0.11091097933243203,High
Equatorial Guinea,GNQ,2023,Sub-Saharan Africa ,Sub-Saharan Africa (excluding high income),,,-0.05722227645416681,0.053469912487009025,-0.5001360746717735,0.307265762091092,-0.5138564019268417,-0.7609943956702674,-0.24524557902415803,6,18,9,18,0.5,-0.24524557902415803,Low
Eritrea,ERI,2023,Sub-Saharan Africa ,Sub-Saharan Africa (excluding high income),,,-0.009099647747245546,0.053469912487009025,-0.5152733947140855,0.1800640367577099,-0.43192829685249085,-0.7355502092394115,-0.24305293321808574,6,18,6,18,0.3333333333333333,-0.24305293321808574,Low
Estonia,EST,2023,Europe & Central Asia,,,,0.18490170608092038,0.14222300765181092,-0.12129227775833196,2.405014222779149,-0.22393840879999163,-0.6516346373377616,0.2892122687692991,6,18,16,18,0.8888888888888888,0.2892122687692991,High
Eswatini,SWZ,2023,Sub-Saharan Africa ,Sub-Saharan Africa (excluding high income),,,-0.06666740580241264,0.053469912487009025,-0.41656101190295197,0.020471959988433246,-0.36425480119078846,-0.6837499329160498,-0.24288187988946008,6,18,13,18,0.7222222222222222,-0.24288187988946008,Medium
Ethiopia,ETH,2023,Sub-Saharan Africa ,Sub-Saharan Africa (excluding high income),,,-0.39303823479580374,0.053469912487009025,-0.5334072207111366,0.04629953877263863,-0.5915603918220735,-0.7092020415254936,-0.3545730729324766,6,18,12,18,0.6666666666666666,-0.3545730729324766,Medium
Euro area,EMU,2023,Aggregates,,,,-0.009099647747245546,0.1825292820215064,-0.11152234624212691,1.5611968364265867,-0.3937557133820892,-0.6633674979511562,0.09433015218757917,6,18,10,18,0.5555555555555556,0.09433015218757917,Low
Europe & Central Asia,ECS,2023,Aggregates,,,,0.10816915836020806,0.19793039698037676,-0.14702480162873655,2.1292760205168455,-0.40847503742134084,-0.673169188639467,0.20111775802798104,6,18,17,18,0.9444444444444444,0.20111775802798104,High
Europe & Central Asia (IDA & IBRD countries),TEC,2023,Aggregates,,,,0.09599037684825729,0.18667047145318608,-0.17384917892051246,2.0817668747088893,-0.4584737127671081,-0.6862220926330586,0.17431378978160894,6,18,16,18,0.8888888888888888,0.17431378978160894,High
Europe & Central Asia (excluding high income),ECA,2023,Aggregates,,,,0.012462043217131472,0.18248988711095737,-0.19704763716127027,2.012363691736384,-0.43485549637150234,-0.7002129256310576,0.14586659381677372,6,18,16,18,0.8888888888888888,0.14586659381677372,High
European Union,EUU,2023,Aggregates,,,,-0.009099647747245546,0.17257896988377455,-0.11360460438577359,1.5611968364265867,-0.38471246501493866,-0.6653419055998667,0.09350286392708945,6,18,10,18,0.5555555555555556,0.09350286392708945,Low
Faroe Islands,FRO,2023,Europe & Central Asia,,,,-0.009099647747245546,0.053469912487009025,-0.2507629904052029,1.5611968364265867,-0.32548618714525435,-0.6894235543011135,0.05664906155246324,6,18,5,18,0.2777777777777778,0.05664906155246324,Low
Fiji,FJI,2023,East Asia & Pacific,East Asia & Pacific (excluding high income),,,0.6474065155905492,0.09388196809486839,-0.36187923772118724,0.749327565433093,-0.2682171975789012,-0.6524091769144303,0.03468507281733196,6,18,14,18,0.7777777777777778,0.03468507281733196,Medium
Finland,FIN,2023,Europe & Central Asia,,,,0.11973078172038447,0.36106764052742163,-0.12189776201201168,1.6297073458638378,-0.4184290188588042,-0.64424540040177,0.15432226447317635,6,18,15,18,0.8333333333333334,0.15432226447317635,High
France,FRA,2023,Europe & Central Asia,,,,0.10768140049337127,0.1374217752109341,-0.1153371620397902,1.6298945795886899,-0.45331884019515517,-0.6539903187224457,0.10872523905593402,6,18,15,18,0.8333333333333334,0.10872523905593402,High
French Polynesia,PYF,2023,East Asia & Pacific,,,,0.05550411145380759,0.053469912487009025,-0.24749814095257724,1.602850925109767,-0.44634504312638185,-0.6875235953979625,0.055076361595610336,6,18,8,18,0.4444444444444444,0.055076361595610336,Low
Gabon,GAB,2023,Sub-Saharan Africa ,Sub-Saharan Africa (excluding high income),,,-0.06000474551932436,0.053469912487009025,-0.28421825280641927,0.30498812006860815,-0.39519088572619127,-0.7299778117049153,-0.18515561053353882,6,18,11,18,0.6111111111111112,-0.18515561053353882,Medium
"Gambia, The",GMB,2023,Sub-Saharan Africa ,Sub-Saharan Africa (excluding high income),,,-0.1430405510949931,0.053469912487009025,-0.5537197927532512,0.24872206494627236,-0.5360219574583421,-0.7505558970019647,-0.2801910368125449,6,18,12,18,0.6666666666666666,-0.2801910368125449,Medium
Georgia,GEO,2023,Europe & Central Asia,Europe & Central Asia (excluding high income),,,0.1492991467299499,0.19184004678026922,-0.19750949587644043,2.340270332635752,-0.327412513028951,-0.7002783082045617,0.2427015348393363,6,18,17,18,0.9444444444444444,0.2427015348393363,High
Germany,DEU,2023,Europe & Central Asia,,,,0.13784061751957813,0.15138720415371676,-0.11180398333596629,1.6305032144329568,-0.426519890199545,-0.6581996275865672,0.12053458916402883,6,18,14,18,0.7777777777777778,0.12053458916402883,Medium
Ghana,GHA,2023,Sub-Saharan Africa ,Sub-Saharan Africa (excluding high income),,,-0.13226481347644062,-0.0388176176028067,-0.4636552209869346,-0.11975355052008423,-0.47145151718280864,-0.7198483933655808,-0.32429851885577593,6,18,14,18,0.7777777777777778,-0.32429851885577593,Medium
Gibraltar,GIB,2023,Europe & Central Asia,,,,-0.009099647747245546,0.0019903908859390898,-0.24900807621437068,1.6307461234938392,-0.43192829685249085,-0.6933721879800133,0.041554717597609626,6,18,5,18,0.2777777777777778,0.041554717597609626,Low
Greece,GRC,2023,Europe & Central Asia,,,,0.071067258790055,0.4174727074827809,-0.11269440135608318,1.6216392642168322,-0.38579763501799746,-0.6709997009837618,0.15678124885530428,6,18,15,18,0.8333333333333334,0.15678124885530428,High
Greenland,GRL,2023,Europe & Central Asia,,,,-0.009099647747245546,0.053469912487009025,-0.2857504990967992,1.5611968364265867,-0.3931331148072546,-0.6379073029345068,0.048129364054631606,6,18,6,18,0.3333333333333333,0.048129364054631606,Low
Grenada,GRD,2023,Latin America & Caribbean ,Latin America & Caribbean (excluding high income),,,-0.040009597211274506,0.053469912487009025,-0.28518788241360576,1.5611968364265867,-0.42444669308992883,-0.6647165746635059,0.03338433358921342,6,18,8,18,0.4444444444444444,0.03338433358921342,Low
Guam,GUM,2023,East Asia & Pacific,,,,-0.009099647747245546,0.053469912487009025,-0.2675361793107294,1.6163607974694967,-0.43192829685249085,-0.6445505515733347,0.05278600574545086,6,18,5,18,0.2777777777777778,0.05278600574545086,Low
Guatemala,GTM,2023,Latin America & Caribbean ,Latin America & Caribbean (excluding high income),,,-0.1162565685700736,-0.16831920249315455,-0.40289565969805546,0.29444754305507376,-0.5161535177976426,-0.7483734415052267,-0.27625847450151325,6,18,17,18,0.9444444444444444,-0.27625847450151325,High
Guinea,GIN,2023,Sub-Saharan Africa ,Sub-Saharan Africa (excluding high income),,,-0.20252030649718863,0.053469912487009025,-0.5704254594794764,-0.31226455432379857,-0.3744112571013097,-0.7188956390618136,-0.354174550662763,6,18,11,18,0.6111111111111112,-0.354174550662763,Medium
Guinea-Bissau,GNB,2023,Sub-Saharan Africa ,Sub-Saharan Africa (excluding high income),,,-0.16994696155700384,0.053469912487009025,-0.5612402633511585,0.045473914159380256,-0.5323030544300101,-0.7329472188872974,-0.3162489452631801,6,18,12,18,0.6666666666666666,-0.3162489452631801,Medium
Guyana,GUY,2023,Latin America & Caribbean ,,,,-0.010972696037537482,-0.05176972293672092,-0.2537187287466344,0.4497278623207091,-0.3407581571892779,-0.6832429976336852,-0.14845574003719114,6,18,11,18,0.6111111111111112,-0.14845574003719114,Medium
Haiti,HTI,2023,Latin America & Caribbean ,Latin America & Caribbean (excluding high income),,,-0.1025694059189266,0.053469912487009025,-0.547948744247828,0.2008053955105511,-0.597977417209513,-0.6816382341917455,-0.2793097489284088,6,18,9,18,0.5,-0.2793097489284088,Low
Heavily indebted poor countries (HIPC),HPC,2023,Aggregates,,,,-0.009099647747245546,-0.15573757327931684,-0.5115032220597994,0.2780513676801594,-0.5085679945593107,-0.7280493702299727,-0.2724844066992476,6,18,10,18,0.5555555555555556,-0.2724844066992476,Low
Honduras,HND,2023,Latin America & Caribbean ,Latin America & Caribbean (excluding high income),,,-0.2291990061334397,-0.05851884422343943,-0.39097388844343123,0.3113241530561813,-0.36914743767973035,-0.7732407167139329,-0.2516259566896321,6,18,16,18,0.8888888888888888,-0.2516259566896321,High
"Hong Kong SAR, China",HKG,2023,East Asia & Pacific,,,,0.701032505706278,0.20465845915424064,-0.2440597027260939,1.6307461234938392,0.3701584903740618,-0.6942115365812255,0.32805405657018333,6,18,10,18,0.5555555555555556,0.32805405657018333,Low
Hungary,HUN,2023,Europe & Central Asia,,,,0.05248754953487703,0.10119337543224079,-0.1482256420308279,2.2544250264444328,-0.20171663772518963,-0.6717439856582587,0.23106994766621236,6,18,15,18,0.8333333333333334,0.23106994766621236,High
IBRD only,IBD,2023,Aggregates,,,,-0.011749491251471051,0.04488805469694107,-0.2814214257783844,1.8655017345681737,-0.5055881348372453,-0.7335836937382725,0.06300784060995694,6,18,16,18,0.8888888888888888,0.06300784060995694,High
IDA & IBRD total,IBT,2023,Aggregates,,,,-0.08160955210659443,-0.0490721827122745,-0.33479941655569595,1.5044265566818569,-0.5074879441895522,-0.740963446079232,-0.03491766416024872,6,18,16,18,0.8888888888888888,-0.03491766416024872,High
IDA blend,IDB,2023,Aggregates,,,,-0.23102596988870613,-0.2495309401064202,-0.44737204987905005,0.7965653484714142,-0.4344846898203101,-0.7595012699502397,-0.220891595195552,6,18,15,18,0.8333333333333334,-0.220891595195552,High
IDA only,IDX,2023,Aggregates,,,,-0.2819023185549373,-0.24137553351307958,-0.48701926660573536,0.40662031663708254,-0.5087363177398011,-0.7442931357373684,-0.3094510425856398,6,18,15,18,0.8333333333333334,-0.3094510425856398,High
IDA total,IDA,2023,Aggregates,,,,-0.26423286336373764,-0.2457189449530638,-0.47317703688348395,0.6951420457875813,-0.5190514640952507,-0.8623275681657527,-0.27822763861228456,6,18,16,18,0.8888888888888888,-0.27822763861228456,High
Iceland,ISL,2023,Europe & Central Asia,,,,0.12127869078640945,0.16959295598803867,-0.10475187261664061,1.6307461234938392,-0.3964036917871197,-0.6492707668170444,0.12853190650791377,6,18,14,18,0.7777777777777778,0.12853190650791377,Medium
India,IND,2023,South Asia,South Asia,,,-0.20958650395002,-0.05992901210161717,-0.31644383438984036,1.5569524089054643,-0.5093830611784509,-0.7565338576875328,-0.04915397673366615,6,18,15,18,0.8333333333333334,-0.04915397673366615,High
Indonesia,IDN,2023,East Asia & Pacific,East Asia & Pacific (excluding high income),,,-0.0469038217007692,0.039481749452141446,-0.27835082545449863,1.7942767116915614,-0.529717695059322,-0.7117727986258741,0.04450222005053983,6,18,16,18,0.8888888888888888,0.04450222005053983,High
"Iran, Islamic Rep.",IRN,2023,"Middle East, North Africa, Afghanistan & Pakistan","Middle East, North Africa, Afghanistan & Pakistan (excluding high income)",,,0.1363553507737231,0.03631948795290179,-0.16930262013485256,1.6140685402755708,-0.5068280036049971,-0.7572237229103416,0.05889817205866743,6,18,15,18,0.8333333333333334,0.05889817205866743,High
Iraq,IRQ,2023,"Middle East, North Africa, Afghanistan & Pakistan","Middle East, North Africa, Afghanistan & Pakistan (excluding high income)",,,-0.04349937922795869,0.053469912487009025,-0.24891730984839774,0.2587702586467843,-0.46513407698125214,-0.7587774385674805,-0.20068133891521592,6,18,13,18,0.7222222222222222,-0.20068133891521592,Medium
Ireland,IRL,2023,Europe & Central Asia,,,,0.0707718991961477,0.053469912487009025,-0.10664668216344948,1.6179732964812767,0.02423962392211369,-0.6565764270088592,0.1672052704857064,6,18,13,18,0.7222222222222222,0.1672052704857064,Medium
Isle of Man,IMN,2023,Europe & Central Asia,,,,-0.009099647747245546,0.053469912487009025,-0.2564672148190523,1.6305209833282308,-0.443285092390272,-0.6868683204637581,0.04804510339915197,6,18,5,18,0.2777777777777778,0.04804510339915197,Low
Israel,ISR,2023,"Middle East, North Africa, Afghanistan & Pakistan",,,,0.15913543446572362,0.08493496438406621,-0.09967292822989383,1.629213132395293,-0.4964466958816007,-0.7048162671008152,0.0953912733387955,6,18,14,18,0.7777777777777778,0.0953912733387955,Medium
Italy,ITA,2023,Europe & Central Asia,,,,0.10343956039332985,0.1438830975955755,-0.11089931862752771,2.4175308067297343,-0.46999723347689115,-0.6730891259170192,0.2351446311162002,6,18,16,18,0.8888888888888888,0.2351446311162002,High
Jamaica,JAM,2023,Latin America & Caribbean ,Latin America & Caribbean (excluding high income),,,0.014683064919029478,0.03436713274577253,-0.270368904621846,0.7366410692649525,-0.4292757792687711,-0.6953854349099621,-0.10155647531180408,6,18,11,18,0.6111111111111112,-0.10155647531180408,Medium
Japan,JPN,2023,East Asia & Pacific,,,,0.2533612113383285,0.11292335488220771,-0.1001224112464489,1.6270283071763298,-0.5321121705664954,-0.6641015932964507,0.11616278304791187,6,18,14,18,0.7777777777777778,0.11616278304791187,Medium
Jordan,JOR,2023,"Middle East, North Africa, Afghanistan & Pakistan","Middle East, North Africa, Afghanistan & Pakistan (excluding high income)",,,-0.14078729630477016,0.013298455498012396,-0.20183778225550783,0.7455228062297792,-0.4329074547047336,-0.7320915967412934,-0.1248004780464189,6,18,14,18,0.7777777777777778,-0.1248004780464189,Medium
Kazakhstan,KAZ,2023,Europe & Central Asia,Europe & Central Asia (excluding high income),,,0.055537421394075075,0.06580832681876511,-0.16565774739458522,1.6060230494509655,-0.4704918568867204,-0.6935868769513415,0.06627205273852642,6,18,14,18,0.7777777777777778,0.06627205273852642,Medium
Kenya,KEN,2023,Sub-Saharan Africa ,Sub-Saharan Africa (excluding high income),,,-0.17596840826442703,-0.10040297619115102,-0.4725688040023959,1.5513691361113435,-0.5327836895896013,-0.6970186445009788,-0.07122889773953511,6,18,14,18,0.7777777777777778,-0.07122889773953511,Medium
Kiribati,KIR,2023,East Asia & Pacific,East Asia & Pacific (excluding high income),,,-0.22204799811990342,0.06155439560321336,-0.5087050302967288,0.06661227602157908,-0.34752661649972066,-0.6473661876684679,-0.2662465268266714,6,18,14,18,0.7777777777777778,-0.2662465268266714,Medium
"Korea, Dem. People's Rep.",PRK,2023,East Asia & Pacific,East Asia & Pacific (excluding high income),,,-0.009099647747245546,0.053469912487009025,-0.4933165411393022,0.16275747351500747,-0.43192829685249085,-0.6966670512898205,-0.23579735850447378,6,18,7,18,0.3888888888888889,-0.23579735850447378,Low
"Korea, Rep.",KOR,2023,East Asia & Pacific,,,,0.26511266624843777,0.2209252820268273,-0.10483022940241098,1.628593033972565,-0.4183430755474322,-0.6962481241672918,0.1492015921884492,6,18,14,18,0.7777777777777778,0.1492015921884492,Medium
Kuwait,KWT,2023,"Middle East, North Africa, Afghanistan & Pakistan",,,,0.15514730524707873,0.053469912487009025,-0.11721772489827713,1.3746558821914396,-0.4029065913954329,-0.770274698599521,0.048812347505382735,6,18,13,18,0.7222222222222222,0.048812347505382735,Medium
Kyrgyz Republic,KGZ,2023,Europe & Central Asia,Europe & Central Asia (excluding high income),,,-0.02698869371138656,0.051084684730109665,-0.30725635879139096,1.5334274014293623,-0.2556314961796974,-0.7006931491523177,0.048990398054113204,6,18,16,18,0.8888888888888888,0.048990398054113204,High
Lao PDR,LAO,2023,East Asia & Pacific,East Asia & Pacific (excluding high income),,,-0.24370995021486164,-0.20550826800371405,-0.5169089145334362,0.3247952140451387,-0.43047892387091474,-0.7120109312488324,-0.29730362897110335,6,18,15,18,0.8333333333333334,-0.29730362897110335,High
Late-demographic dividend,LTE,2023,Aggregates,,,,-0.009099647747245546,0.12661108090069098,-0.228504540486112,1.9493801075111012,-0.49051754229211303,-0.7103216589933607,0.10625796648216013,6,18,12,18,0.6666666666666666,0.10625796648216013,Medium
Latin America & Caribbean ,LCN,2023,Aggregates,,,,-0.01285930827174478,0.11003470301228835,-0.26937558245797455,1.7090499132820003,-0.5162443384537508,-0.6949915550501108,0.05426897201011791,6,18,17,18,0.9444444444444444,0.05426897201011791,High
Latin America & Caribbean (excluding high income),LAC,2023,Aggregates,,,,-0.012479634027966915,0.1027954871196437,-0.2719378084835795,1.5580736961476094,-0.5224968012691252,-0.6846324102674856,0.028220421536515976,6,18,16,18,0.8888888888888888,0.028220421536515976,High
Latin America & the Caribbean (IDA & IBRD countries),TLA,2023,Aggregates,,,,-0.009851120032581831,0.1100428694346393,-0.26989699433380415,1.7110516083101484,-0.5214869378480723,-0.6854026015168787,0.0557428040022418,6,18,16,18,0.8888888888888888,0.0557428040022418,High
Latvia,LVA,2023,Europe & Central Asia,,,,0.06650051346007889,0.17669248483643854,-0.17201048818419037,1.8811389360008883,-0.27023656531552015,-0.6687089968193156,0.1688959806630633,6,18,16,18,0.8888888888888888,0.1688959806630633,High
Least developed countries: UN classification,LDC,2023,Aggregates,,,,-0.2959210598636577,-0.2610793113583912,-0.4959544713998787,0.47067161672598923,-0.519269269458079,-0.7455127893746646,-0.30784421412144697,6,18,14,18,0.7777777777777778,-0.30784421412144697,Medium
Lebanon,LBN,2023,"Middle East, North Africa, Afghanistan & Pakistan","Middle East, North Africa, Afghanistan & Pakistan (excluding high income)",,,-0.0041075980911275305,-0.02959658583747088,-0.18769368505091763,1.1674319931603576,-0.36028378332287714,-0.7115139013528816,-0.020960593415819535,6,18,13,18,0.7222222222222222,-0.020960593415819535,Medium
Lesotho,LSO,2023,Sub-Saharan Africa ,Sub-Saharan Africa (excluding high income),,,-0.282133206707102,0.053469912487009025,-0.4260470268551861,-0.16490120921522314,-0.25029734033423706,-0.7125150143960745,-0.29707064750346895,6,18,13,18,0.7222222222222222,-0.29707064750346895,Medium
Liberia,LBR,2023,Sub-Saharan Africa ,Sub-Saharan Africa (excluding high income),,,-0.1515432903610978,0.053469912487009025,-0.5668536010168587,-0.34225753536961717,-0.4302140245977701,-0.6908457557023562,-0.35470738242678185,6,18,9,18,0.5,-0.35470738242678185,Low
Libya,LBY,2023,"Middle East, North Africa, Afghanistan & Pakistan","Middle East, North Africa, Afghanistan & Pakistan (excluding high income)",,,-0.0029428857827000867,0.053469912487009025,-0.29052107391481896,0.5070324996986685,-0.16637597432530413,-0.6938232766527861,-0.0988601330816553,6,18,8,18,0.4444444444444444,-0.0988601330816553,Low
Liechtenstein,LIE,2023,Europe & Central Asia,,,,0.17311764940207178,0.053469912487009025,-0.24596448495472792,1.6307461234938392,-0.43192829685249085,-0.689352680593811,0.0816813704969817,6,18,7,18,0.3888888888888889,0.0816813704969817,Low
Lithuania,LTU,2023,Europe & Central Asia,,,,0.11199630708201852,0.16084233920032062,-0.13444197107941847,2.0899551243067815,-0.2326923800540579,-0.6675531302971437,0.22135104819308338,6,18,16,18,0.8888888888888888,0.22135104819308338,High
Low & middle income,LMY,2023,Aggregates,,,,-0.009099647747245546,-0.051889977220461646,-0.33876227719542484,1.4200920644304513,-0.5106451063385918,-0.7770171153746558,-0.04455367657432141,6,18,13,18,0.7222222222222222,-0.04455367657432141,Medium
Luxembourg,LUX,2023,Europe & Central Asia,,,,0.19532517172237493,0.005602148618387259,-0.12562327100818055,1.62972240891986,0.507192643776177,-0.6567573989955934,0.25924361717217087,6,18,15,18,0.8333333333333334,0.25924361717217087,High
"Macao SAR, China",MAC,2023,East Asia & Pacific,,,,0.28229556995662014,0.27561157613338205,-0.2500960245680702,1.6307461234938392,-0.01812804103605714,-0.6873998828867127,0.20550488684883358,6,18,11,18,0.6111111111111112,0.20550488684883358,Medium
Madagascar,MDG,2023,Sub-Saharan Africa ,Sub-Saharan Africa (excluding high income),,,-0.3548535559148193,-0.0853982782223645,-0.5602268251773823,-0.211278200372221,-0.47472212360527594,-0.6754451595949442,-0.3936540238145012,6,18,14,18,0.7777777777777778,-0.3936540238145012,Medium
Malawi,MWI,2023,Sub-Saharan Africa ,Sub-Saharan Africa (excluding high income),,,-0.39769050047586135,-0.10813109539559718,-0.5496514372026163,-0.41524187549722685,-0.540910399868964,-0.6884239625197309,-0.4500082118266661,6,18,14,18,0.7777777777777778,-0.4500082118266661,Medium
Malaysia,MYS,2023,East Asia & Pacific,East Asia & Pacific (excluding high income),,,0.11136285668900892,-0.031078242035447807,-0.23617493674855494,1.911495973482032,-0.26910671390191593,-0.6820177648982164,0.134080195431151,6,18,15,18,0.8333333333333334,0.134080195431151,High
Maldives,MDV,2023,South Asia,South Asia,,,0.08604126787351991,0.01661361306816984,-0.19416544196008945,1.9577235762831442,-0.213453892821613,-0.6657296270378334,0.164504915900883,6,18,13,18,0.7222222222222222,0.164504915900883,Medium
Mali,MLI,2023,Sub-Saharan Africa ,Sub-Saharan Africa (excluding high income),,,-0.13748161905198772,-0.10142881082577637,-0.5704283800505824,0.2202618698324352,-0.4897190970309781,-0.7445150878265778,-0.3038851874922445,6,18,10,18,0.5555555555555556,-0.3038851874922445,Low
Malta,MLT,2023,"Middle East, North Africa, Afghanistan & Pakistan",,,,0.17998226123336858,0.16410462996024613,-0.11672621415117267,2.194246214829728,0.0012696519690215124,-0.6732625746283648,0.29160232820213783,6,18,16,18,0.8888888888888888,0.29160232820213783,High
Marshall Islands,MHL,2023,East Asia & Pacific,East Asia & Pacific (excluding high income),,,-0.055597280942002204,0.046390177836281236,-0.3659708792051071,0.6305431119765407,-0.32467912407077787,-0.634803466598902,-0.11735291016732789,6,18,10,18,0.5555555555555556,-0.11735291016732789,Low
Mauritania,MRT,2023,Sub-Saharan Africa ,Sub-Saharan Africa (excluding high income),,,-0.23073623802077256,0.053469912487009025,-0.4064529153051433,-0.016173700355885216,-0.3830316648899008,-0.7626181118955246,-0.29092378633003624,6,18,12,18,0.6666666666666666,-0.29092378633003624,Medium
Mauritius,MUS,2023,Sub-Saharan Africa ,Sub-Saharan Africa (excluding high income),,,0.16455298955797068,0.04170440241755926,-0.24690738705994833,1.7299445882121134,-0.21559198383826775,-0.6699175042601434,0.1339641841715473,6,18,14,18,0.7777777777777778,0.1339641841715473,Medium
Mexico,MEX,2023,Latin America & Caribbean ,Latin America & Caribbean (excluding high income),,,-0.0048232832081919795,0.08773926725867158,-0.28295656608863445,1.2856534286413668,-0.4411581194321901,-0.6831366268050582,-0.006446983272339372,6,18,15,18,0.8333333333333334,-0.006446983272339372,High
"Micronesia, Fed. Sts.",FSM,2023,East Asia & Pacific,East Asia & Pacific (excluding high income),,,-0.12766820869209278,0.053469912487009025,-0.5156413866734394,0.6459744872689356,-0.38279928832581883,-0.6436905271613551,-0.1617258351827936,6,18,9,18,0.5,-0.1617258351827936,Low
"Middle East, North Africa, Afghanistan & Pakistan",MEA,2023,Aggregates,,,,-0.12991579819956015,-0.13839619843291223,-0.3106076334087621,1.4582324694278401,-0.4363248239677724,-0.7970496165167346,-0.05901026684965022,6,18,17,18,0.9444444444444444,-0.05901026684965022,High
"Middle East, North Africa, Afghanistan & Pakistan (IDA & IBRD)",TMN,2023,Aggregates,,,,-0.16344395449624985,0.053469912487009025,-0.3188777121410886,1.5264445515491847,-0.4960819224937309,-0.7590193218359548,-0.026251407821805073,6,18,12,18,0.6666666666666666,-0.026251407821805073,Medium
"Middle East, North Africa, Afghanistan & Pakistan (excluding high income)",MNA,2023,Aggregates,,,,-0.16312269167459167,0.053469912487009025,-0.31900496463785977,1.5267984643887604,-0.4956297716302284,-0.7590329132788055,-0.026086994057619328,6,18,12,18,0.6666666666666666,-0.026086994057619328,Medium
Middle income,MIC,2023,Aggregates,,,,-0.009099647747245546,-0.01764669767974476,-0.31755639096964955,1.528774008846156,-0.5097896235204141,-0.7445691141127453,-0.011647910863940514,6,18,12,18,0.6666666666666666,-0.011647910863940514,Medium
Moldova,MDA,2023,Europe & Central Asia,Europe & Central Asia (excluding high income),,,0.052672529144902704,0.12177197633357754,-0.18932605563747487,1.5249902208270063,-0.37646768764961575,-0.6645039953824099,0.07818949793933098,6,18,16,18,0.8888888888888888,0.07818949793933098,High
Monaco,MCO,2023,Europe & Central Asia,,,,0.12702159522612694,0.053469912487009025,-0.09915634331134278,1.6307461234938392,-0.4215270188960047,-0.6654964878808061,0.10417629685313694,6,18,11,18,0.6111111111111112,0.10417629685313694,Medium
Mongolia,MNG,2023,East Asia & Pacific,East Asia & Pacific (excluding high income),,,0.07026286288893989,0.14041086012641726,-0.37500300206952786,1.4620758810028711,-0.22832657383272345,-0.7579579256142459,0.051910350416955166,6,18,15,18,0.8333333333333334,0.051910350416955166,High
Montenegro,MNE,2023,Europe & Central Asia,Europe & Central Asia (excluding high income),,,0.328511776382815,0.06332903960290166,-0.24046582557077736,1.8988484307800908,-0.3028833510694462,-0.6859478788628163,0.17689869854379459,6,18,15,18,0.8333333333333334,0.17689869854379459,High
Morocco,MAR,2023,"Middle East, North Africa, Afghanistan & Pakistan","Middle East, North Africa, Afghanistan & Pakistan (excluding high income)",,,0.09011110548102493,0.022898220010359654,-0.2442765223609901,1.569821773561201,-0.38346132634296515,-0.6897384691549693,0.06089246353227684,6,18,14,18,0.7777777777777778,0.06089246353227684,Medium
Mozambique,MOZ,2023,Sub-Saharan Africa ,Sub-Saharan Africa (excluding high income),,,-0.4314504377900447,0.053469912487009025,-0.5433488447559041,-0.27706204937117757,-0.34621371517410204,-0.6807800878761346,-0.37089753708005896,6,18,13,18,0.7222222222222222,-0.37089753708005896,Medium
Myanmar,MMR,2023,East Asia & Pacific,East Asia & Pacific (excluding high income),,,-0.033587900613211,0.053469912487009025,-0.39913688468465486,0.18983294443108648,-0.43648312798638705,-0.7365342109574772,-0.22707321122060575,6,18,10,18,0.5555555555555556,-0.22707321122060575,Low
Namibia,NAM,2023,Sub-Saharan Africa ,Sub-Saharan Africa (excluding high income),,,-0.1764940468060947,0.022281774367627027,-0.41375142249899594,1.5787462349793329,-0.3371664080345497,-0.6809539086304373,-0.0012229627705196238,6,18,14,18,0.7777777777777778,-0.0012229627705196238,Medium
Naoero,NRU,2023,East Asia & Pacific,,,,-0.0002121366408415574,0.07319593352771327,-0.2772906581430266,1.2409340490774385,-0.272607890744954,-0.6480358798515141,0.019330569537469238,6,18,12,18,0.6666666666666666,0.019330569537469238,Medium
Nepal,NPL,2023,South Asia,South Asia,,,-0.11998143779141275,-0.05384764931183048,-0.4205592737470432,1.3864374711696295,-0.5355693707993855,-0.7537494277563175,-0.08287828137272667,6,18,14,18,0.7777777777777778,-0.08287828137272667,Medium
Netherlands,NLD,2023,Europe & Central Asia,,,,0.14667392154422335,0.282552224591237,-0.10940341635373113,1.6306324751474335,-0.18560084692632106,-0.6600511869681336,0.18413386183911803,6,18,14,18,0.7777777777777778,0.18413386183911803,Medium
New Caledonia,NCL,2023,East Asia & Pacific,,,,-0.009099647747245546,0.053469912487009025,-0.26298885009871326,1.6215909666508306,-0.5068533679339103,-0.6895347105797177,0.0344307171297088,6,18,6,18,0.3333333333333333,0.0344307171297088,Low
New Zealand,NZL,2023,East Asia & Pacific,,,,0.1247409654989684,0.18228486868790486,-0.11847143347060159,1.6307461234111347,-0.5188084374544316,-0.6588974129438361,0.10693244562152311,6,18,14,18,0.7777777777777778,0.10693244562152311,Medium
Nicaragua,NIC,2023,Latin America & Caribbean ,Latin America & Caribbean (excluding high income),,,-0.1277702237654589,-0.07834299118792713,-0.35778743896614157,0.481397166681035,-0.3474831714940003,-0.6957173436277014,-0.18761733372669906,6,18,13,18,0.7222222222222222,-0.18761733372669906,Medium
Niger,NER,2023,Sub-Saharan Africa ,Sub-Saharan Africa (excluding high income),,,-0.39865667267331323,-0.15218376023464752,-0.5571573049449938,0.19306622425386444,-0.5752832929198912,-0.7635771134456052,-0.3756319866607644,6,18,12,18,0.6666666666666666,-0.3756319866607644,Medium
Nigeria,NGA,2023,Sub-Saharan Africa ,Sub-Saharan Africa (excluding high income),,,-0.22409672440656955,-0.078197994679111,-0.5151624130120581,-0.2944046935471299,-0.4338102411092277,-0.7600826425566082,-0.38429245155178404,6,18,13,18,0.7222222222222222,-0.38429245155178404,Medium
North America,NAC,2023,Aggregates,,,,0.07893424158931409,0.1537869068043975,-0.1536003116796541,1.6231405422540088,-0.5744610890029929,-0.6553035915502258,0.07874944973580794,6,18,15,18,0.8333333333333334,0.07874944973580794,High
North Macedonia,MKD,2023,Europe & Central Asia,Europe & Central Asia (excluding high income),,,0.02573880629056788,0.051745732663501486,-0.18021942999525217,2.1079338774777954,-0.22323296556425953,-0.6951595995316492,0.18113440355678398,6,18,15,18,0.8333333333333334,0.18113440355678398,High
Northern Mariana Islands,MNP,2023,East Asia & Pacific,,,,-0.009099647747245546,0.053469912487009025,-0.262866186112262,1.5765828048010555,-0.43192829685249085,-0.6339133248066794,0.04870754362823113,6,18,5,18,0.2777777777777778,0.04870754362823113,Low
Norway,NOR,2023,Europe & Central Asia,,,,0.11322741070747554,0.2496196391261556,-0.09728660793598061,1.628089729087699,-0.4392085541010113,-0.6489004724599298,0.13425685740406806,6,18,15,18,0.8333333333333334,0.13425685740406806,High
OECD members,OED,2023,Aggregates,,,,-0.009099647747245546,0.16778328570801163,-0.1581884580470751,1.5611968364265867,-0.4900854841134074,-0.6691332154378363,0.06707888613150564,6,18,10,18,0.5555555555555556,0.06707888613150564,Low
Oman,OMN,2023,"Middle East, North Africa, Afghanistan & Pakistan",,,,0.03825796271955978,0.053469912487009025,-0.14104025354225103,1.038576097452537,-0.36667685611902173,-0.7730168610794905,-0.02507166634694291,6,18,12,18,0.6666666666666666,-0.02507166634694291,Medium
Other small states,OSS,2023,Aggregates,,,,-0.009099647747245546,-0.040838457009084506,-0.3384018434596597,1.427840544728799,-0.21218274971069453,-0.682171262916006,0.024191097314351446,6,18,11,18,0.6111111111111112,0.024191097314351446,Medium
Pacific island small states,PSS,2023,Aggregates,,,,-0.009099647747245546,-0.044774990103288594,-0.44906392160043795,1.3586482881014927,-0.32494313866247787,-0.6560785006181631,-0.020885318438353395,6,18,10,18,0.5555555555555556,-0.020885318438353395,Low
Pakistan,PAK,2023,"Middle East, North Africa, Afghanistan & Pakistan","Middle East, North Africa, Afghanistan & Pakistan (excluding high income)",,,-0.1677295560306403,-0.21785952510579762,-0.39282845109573067,-0.10362250472802514,-0.5855168261707264,-0.7584775417024191,-0.3710057341388899,6,18,14,18,0.7777777777777778,-0.3710057341388899,Medium
Palau,PLW,2023,East Asia & Pacific,,,,0.030121107958155705,0.03228283751935629,-0.25637936902418534,1.6032962388347627,-0.34707867406289156,-0.6459828938351122,0.06937654123168095,6,18,14,18,0.7777777777777778,0.06937654123168095,Medium
Panama,PAN,2023,Latin America & Caribbean ,,,,0.08161868472449685,0.0772123683520947,-0.21241024965916785,1.5611968364265867,-0.38808827842218063,-0.6876574960254199,0.07197864423273498,6,18,14,18,0.7777777777777778,0.07197864423273498,Medium
Papua New Guinea,PNG,2023,East Asia & Pacific,East Asia & Pacific (excluding high income),,,-0.47451892332266893,-0.06301153673550869,-0.5269264734269593,0.43137302806761246,-0.4315414754001709,-0.6785824148310583,-0.2905346326081257,6,18,11,18,0.6111111111111112,-0.2905346326081257,Medium
Paraguay,PRY,2023,Latin America & Caribbean ,Latin America & Caribbean (excluding high income),,,0.006602941597371191,0.01776819910686579,-0.32683814695603536,1.9478927816858036,-0.41012484643287,-0.6842349659356478,0.09184432717758123,6,18,15,18,0.8333333333333334,0.09184432717758123,High
Peru,PER,2023,Latin America & Caribbean ,Latin America & Caribbean (excluding high income),,,-0.010007790759109009,0.11018539262045146,-0.2555878942544639,1.3493028891251597,-0.5185067249473844,-0.7401212534430224,-0.010789230276394723,6,18,15,18,0.8333333333333334,-0.010789230276394723,High
Philippines,PHL,2023,East Asia & Pacific,East Asia & Pacific (excluding high income),,,-0.039840049384898,0.02460800298123118,-0.37301529671273914,0.9898429333155594,-0.45243981977506725,-0.7115630169960278,-0.0937345410953236,6,18,15,18,0.8333333333333334,-0.0937345410953236,High
Poland,POL,2023,Europe & Central Asia,,,,0.08984899969868854,0.16910845206554917,-0.11409057681162647,2.3629765352991696,-0.3398397666128728,-0.6766377029659271,0.24856099011216348,6,18,16,18,0.8888888888888888,0.24856099011216348,High
Portugal,PRT,2023,Europe & Central Asia,,,,0.1097532092786675,0.20637305163082764,-0.14016913978481035,2.41301887973604,-0.3860078640839711,-0.6596333150407565,0.25722247028933287,6,18,16,18,0.8888888888888888,0.25722247028933287,High
Post-demographic dividend,PST,2023,Aggregates,,,,-0.009099647747245546,0.16729849211706369,-0.13110459083337522,1.5611968364265867,-0.48392859173073804,-0.6617898162836404,0.07376211365810852,6,18,10,18,0.5555555555555556,0.07376211365810852,Low
Pre-demographic dividend,PRE,2023,Aggregates,,,,-0.009099647747245546,-0.1449522583826001,-0.4999596787660056,0.3152400385413419,-0.4375788574668598,-0.7523964863259409,-0.254791148357885,6,18,9,18,0.5,-0.254791148357885,Low
Puerto Rico (US),PRI,2023,Latin America & Caribbean ,,,,0.0360592119943059,0.17807615386678033,-0.16470002873351017,1.6035774799625264,-0.3624407633666777,-0.6534879570055158,0.10618068278631815,6,18,12,18,0.6666666666666666,0.10618068278631815,Medium
Qatar,QAT,2023,"Middle East, North Africa, Afghanistan & Pakistan",,,,0.15271964196179239,0.03206633710375001,-0.10792973891371703,1.548098847412204,-0.4336168923928705,-0.7538111249272962,0.0729211783739771,6,18,13,18,0.7222222222222222,0.0729211783739771,Medium
Romania,ROU,2023,Europe & Central Asia,,,,0.09288422242838214,0.027561090123429815,-0.14871002943377148,1.7002640465958632,-0.4130763078038823,-0.6778547889369418,0.09684470549551326,6,18,16,18,0.8888888888888888,0.09684470549551326,High
Russian Federation,RUS,2023,Europe & Central Asia,,,,0.24412352357478995,0.17187211242672804,-0.149148827434085,1.5611968364265867,-0.529503740097934,-0.6621050080623115,0.10607248280562899,6,18,15,18,0.8333333333333334,0.10607248280562899,High
Rwanda,RWA,2023,Sub-Saharan Africa ,Sub-Saharan Africa (excluding high income),,,-0.27631343771952516,-0.21422861842164176,-0.5256092958581609,0.3651088641785522,-0.4495077920002209,-0.8531804047783821,-0.32562178076656306,6,18,15,18,0.8333333333333334,-0.32562178076656306,High
Samoa,WSM,2023,East Asia & Pacific,East Asia & Pacific (excluding high income),,,-0.009099647747245546,-0.060678564278694,-0.42539573949855175,1.3977778256241244,-0.3845634410063363,-0.6473495543638702,-0.021551520211762227,6,18,11,18,0.6111111111111112,-0.021551520211762227,Medium
San Marino,SMR,2023,Europe & Central Asia,,,,0.04154239088819747,-0.04507385645882802,-0.10986315698587802,2.248032371463306,0.33315385140580767,-0.6701824806279865,0.29960151994743645,6,18,13,18,0.7222222222222222,0.29960151994743645,Medium
Sao Tome and Principe,STP,2023,Sub-Saharan Africa ,Sub-Saharan Africa (excluding high income),,,-0.2647972679612495,0.053469912487009025,-0.533690516108417,-0.2248004924072192,-0.5304947845194797,-0.6820704438019313,-0.36373059871854796,6,18,13,18,0.7222222222222222,-0.36373059871854796,Medium
Saudi Arabia,SAU,2023,"Middle East, North Africa, Afghanistan & Pakistan",,,,0.25124382835902787,0.053469912487009025,-0.12731064877302298,1.4774070636803476,-0.5117405333818129,-0.7675003866137886,0.06259487262629333,6,18,12,18,0.6666666666666666,0.06259487262629333,Medium
Senegal,SEN,2023,Sub-Saharan Africa ,Sub-Saharan Africa (excluding high income),,,-0.0883475857219661,-0.3061478069788292,-0.44851205980241055,0.17012939039492525,-0.44862994266834777,-0.7606883286520834,-0.31369938890478527,6,18,15,18,0.8333333333333334,-0.31369938890478527,High
Serbia,SRB,2023,Europe & Central Asia,Europe & Central Asia (excluding high income),,,0.08696038900009286,0.1104532850779583,-0.19591643118828903,2.3539291620909935,-0.31576078203360286,-0.6867414603201659,0.22548736043783113,6,18,15,18,0.8333333333333334,0.22548736043783113,High
Seychelles,SYC,2023,Sub-Saharan Africa ,,,,0.08964467853432394,-0.11412842731048413,-0.2384163608201134,1.561695017666949,-0.11065570279260821,-0.6588672601641931,0.08821199085231236,6,18,15,18,0.8333333333333334,0.08821199085231236,High
Sierra Leone,SLE,2023,Sub-Saharan Africa ,Sub-Saharan Africa (excluding high income),,,-0.17347823950655772,0.03866807700732075,-0.567662599213216,0.026707889426413223,-0.49153503230807066,-0.7040898647235009,-0.3118982948862685,6,18,11,18,0.6111111111111112,-0.3118982948862685,Medium
Singapore,SGP,2023,East Asia & Pacific,,,,0.2324671647774661,0.2132263524505866,-0.1116401464202648,1.6307461234938392,0.2726003058344182,-0.6904932715029887,0.2578177547721761,6,18,14,18,0.7777777777777778,0.2578177547721761,Medium
Sint Maarten (Dutch part),SXM,2023,Latin America & Caribbean ,,,,-0.009099647747245546,-0.08099937462719731,-0.2699836178975436,1.5611968364265867,-0.43045649562848015,-0.690951267703419,0.013284405470450159,6,18,5,18,0.2777777777777778,0.013284405470450159,Low
Slovak Republic,SVK,2023,Europe & Central Asia,,,,0.12644806325730354,0.054609640162287885,-0.12033774964076661,1.6293259946431833,-0.12676649573198576,-0.6701173418537468,0.1488603518060459,6,18,15,18,0.8333333333333334,0.1488603518060459,High
Slovenia,SVN,2023,Europe & Central Asia,,,,0.10562063869784628,0.17624055747459474,-0.10629051495540266,1.6295036956089772,-0.18946281353406438,-0.6666912981175339,0.15815337752906955,6,18,15,18,0.8333333333333334,0.15815337752906955,High
Small states,SST,2023,Aggregates,,,,0.01024240917658409,-0.08385258556533354,-0.33436315611038875,1.427840544728799,-0.23122200613291077,-0.6765858690901676,0.01867655616776374,6,18,15,18,0.8333333333333334,0.01867655616776374,High
Solomon Islands,SLB,2023,East Asia & Pacific,East Asia & Pacific (excluding high income),,,-0.15899571337537263,0.053469912487009025,-0.5193505119780383,-0.0643908997461433,-0.36641917606493285,-0.667599457852055,-0.2872143077549222,6,18,10,18,0.5555555555555556,-0.2872143077549222,Low
"Somalia, Fed. Rep.",SOM,2023,Sub-Saharan Africa ,Sub-Saharan Africa (excluding high income),,,-0.3928810189713812,-0.205375140376863,-0.5631941254210614,0.20865310088183697,-0.3588369502131928,-0.6952205216249041,-0.334475775954261,6,18,12,18,0.6666666666666666,-0.334475775954261,Medium
South Africa,ZAF,2023,Sub-Saharan Africa ,Sub-Saharan Africa (excluding high income),,,0.11077133311814136,0.000771723040546605,-0.2953105818669443,1.538900236216911,-0.4726841726853162,-0.716929597345433,0.027586490079650933,6,18,14,18,0.7777777777777778,0.027586490079650933,Medium
South Asia,SAS,2023,Aggregates,,,,-0.19925015625560658,-0.0799668837152969,-0.3333828053103,1.560490230425601,-0.5140900474848021,-0.7670391023270117,-0.05553979411123605,6,18,16,18,0.8888888888888888,-0.05553979411123605,High
South Asia (IDA & IBRD),TSA,2023,Aggregates,,,,-0.19925015625560658,-0.0799668837152969,-0.3333828053103,1.560490230425601,-0.5140900474848021,-0.7565250463454714,-0.053787451447646,6,18,15,18,0.8333333333333334,-0.053787451447646,High
South Sudan,SSD,2023,Sub-Saharan Africa ,Sub-Saharan Africa (excluding high income),,,-0.25908211799641717,0.053469912487009025,-0.582466974149446,-0.39185825384691114,-0.43395663348559627,-0.7132206039409582,-0.38785244515538664,6,18,10,18,0.5555555555555556,-0.38785244515538664,Low
Spain,ESP,2023,Europe & Central Asia,,,,0.13158032069000733,0.24745719722633575,-0.10043512605511391,2.4023225541175557,-0.44960526090580116,-0.6640859172164196,0.261205627976094,6,18,16,18,0.8888888888888888,0.261205627976094,High
Sri Lanka,LKA,2023,South Asia,South Asia,,,-0.03820152923044572,-0.04079552423294199,-0.3517536176967427,1.475513605196686,-0.5404329464681646,-0.6964210494339822,-0.032015176977598536,6,18,15,18,0.8333333333333334,-0.032015176977598536,High
St. Kitts and Nevis,KNA,2023,Latin America & Caribbean ,,,,-0.011843745041809281,0.18646432993512643,-0.24797980652337703,1.5611968364265867,-0.42872029221969826,-0.6582926188075402,0.06680411729488141,6,18,10,18,0.5555555555555556,0.06680411729488141,Low
St. Lucia,LCA,2023,Latin America & Caribbean ,Latin America & Caribbean (excluding high income),,,-0.045760786242057004,-0.0690466668744698,-0.26944016301014323,1.5611968364265867,-0.42666908218971694,-0.6633505661107395,0.01448826199991001,6,18,10,18,0.5555555555555556,0.01448826199991001,Low
St. Martin (French part),MAF,2023,Latin America & Caribbean ,,,,-0.009099647747245546,0.053469912487009025,-0.25873065742618945,1.6208906021615404,-0.43192829685249085,-0.6727141093342266,0.050314633881399486,6,18,4,18,0.2222222222222222,0.050314633881399486,Low
St. Vincent and the Grenadines,VCT,2023,Latin America & Caribbean ,Latin America & Caribbean (excluding high income),,,-0.02237516270031979,0.15103146365577222,-0.28131812569817777,0.6692366683494962,-0.41947780354858244,-0.6609690314156429,-0.09397866522624239,6,18,11,18,0.6111111111111112,-0.09397866522624239,Medium
Sub-Saharan Africa ,SSF,2023,Aggregates,,,,-0.2697527427540463,-0.1386690486775215,-0.5014294879073291,1.4319573796943843,-0.4950162442184791,-0.8614255938683008,-0.13905595628854875,6,18,15,18,0.8333333333333334,-0.13905595628854875,High
Sub-Saharan Africa (IDA & IBRD countries),TSS,2023,Aggregates,,,,-0.27033685697524296,-0.1386690486775215,-0.5014294879073291,1.4319573796943843,-0.4950162442184791,-0.7427628684677572,-0.11937618775865759,6,18,14,18,0.7777777777777778,-0.11937618775865759,Medium
Sub-Saharan Africa (excluding high income),SSA,2023,Aggregates,,,,-0.25628890995546266,-0.13867369451397482,-0.5014545154191105,1.4381797462996062,-0.49543433496199585,-0.7427708608292299,-0.11607376156336126,6,18,14,18,0.7777777777777778,-0.11607376156336126,Medium
Sudan,SDN,2023,Sub-Saharan Africa ,Sub-Saharan Africa (excluding high income),,,-0.009099647747245546,0.053469912487009025,-0.35097082600477636,0.18546714604690018,-0.7444300827890986,-0.7458026463820601,-0.2685610240648786,6,18,8,18,0.4444444444444444,-0.2685610240648786,Low
Suriname,SUR,2023,Latin America & Caribbean ,Latin America & Caribbean (excluding high income),,,0.13685940635542218,-0.13526402473357715,-0.25619829361561436,1.4481555058207707,-0.4328925400141023,-0.6805141016682269,0.01335765869077867,6,18,14,18,0.7777777777777778,0.01335765869077867,Medium
Sweden,SWE,2023,Europe & Central Asia,,,,0.17926456088032316,0.2578312274743538,-0.10517927326629663,1.630045874011475,-0.35063647534078995,-0.6479436259982405,0.1605637146268041,6,18,15,18,0.8333333333333334,0.1605637146268041,High
Switzerland,CHE,2023,Europe & Central Asia,,,,0.17254644745292738,0.1448856401353364,-0.10562804394843565,1.621108239963392,-0.2853606804627919,-0.6600730726579985,0.14791308841373826,6,18,14,18,0.7777777777777778,0.14791308841373826,Medium
Syrian Arab Republic,SYR,2023,"Middle East, North Africa, Afghanistan & Pakistan","Middle East, North Africa, Afghanistan & Pakistan (excluding high income)",,,-0.1636236831700826,-0.09988598476318795,-0.21729928569058407,0.45166492274891806,-0.43192829685249085,-0.7400634564001605,-0.200189297354598,6,18,9,18,0.5,-0.200189297354598,Low
Tajikistan,TJK,2023,Europe & Central Asia,Europe & Central Asia (excluding high income),,,-0.24447423882188216,-0.011658476707087547,-0.20336816151504314,1.0161568831707308,-0.45336471742531614,-0.7534684078424186,-0.10836285319016947,6,18,16,18,0.8888888888888888,-0.10836285319016947,High
Tanzania,TZA,2023,Sub-Saharan Africa ,Sub-Saharan Africa (excluding high income),,,-0.23769305421183018,-0.08825397175274752,-0.526456261478896,-0.28425927002094725,-0.5452983250575125,-0.6994635531075036,-0.3969040726049062,6,18,14,18,0.7777777777777778,-0.3969040726049062,Medium
Thailand,THA,2023,East Asia & Pacific,East Asia & Pacific (excluding high income),,,0.16753562438535732,0.03333364682421028,-0.251493332199438,1.9493801075111012,-0.2801248547538325,-0.6973278839702375,0.15355055129952686,6,18,15,18,0.8333333333333334,0.15355055129952686,High
Timor-Leste,TLS,2023,East Asia & Pacific,East Asia & Pacific (excluding high income),,,-0.06621916024310015,-0.012925921388895645,-0.49726807384569766,0.4463266162924968,-0.45771280082336413,-0.6702690210197586,-0.20967806017138657,6,18,12,18,0.6666666666666666,-0.20967806017138657,Medium
Togo,TGO,2023,Sub-Saharan Africa ,Sub-Saharan Africa (excluding high income),,,-0.29420073460402474,-0.02993234103931623,-0.5289533497745118,-0.1607109738491553,-0.475703493364513,-0.7379212373666011,-0.3712370216663537,6,18,14,18,0.7777777777777778,-0.3712370216663537,Medium
Tonga,TON,2023,East Asia & Pacific,East Asia & Pacific (excluding high income),,,-0.05543517803062708,0.055136969115191024,-0.27470303214312536,1.425092943540249,-0.4210036129050325,-0.6445339274708619,0.014092360350965541,6,18,13,18,0.7222222222222222,0.014092360350965541,Medium
Trinidad and Tobago,TTO,2023,Latin America & Caribbean ,,,,0.08110390343422035,0.056278649285276754,-0.24405163838582936,1.4107715240909284,-0.4333154086201321,-0.6726800548082293,0.033017829166039105,6,18,12,18,0.6666666666666666,0.033017829166039105,Medium
Tunisia,TUN,2023,"Middle East, North Africa, Afghanistan & Pakistan","Middle East, North Africa, Afghanistan & Pakistan (excluding high income)",,,0.03332455565957201,0.0029936395724874387,-0.21879461809684755,1.6776576205028604,-0.3369041363685383,-0.6891517706378972,0.0781875484386061,6,18,14,18,0.7777777777777778,0.0781875484386061,Medium
Turkiye,TUR,2023,Europe & Central Asia,Europe & Central Asia (excluding high income),,,-0.0035603726711674285,0.2831056473249966,-0.16900472188204227,2.3575903940379144,-0.45765409193692913,-0.7077523962397251,0.21712074310550786,6,18,15,18,0.8333333333333334,0.21712074310550786,High
Turkmenistan,TKM,2023,Europe & Central Asia,Europe & Central Asia (excluding high income),,,-0.009099647747245546,-0.017546321987835806,-0.14734284598896327,0.638989008329858,-0.55035935705062,-0.7287125009338736,-0.1356786108964467,6,18,11,18,0.6111111111111112,-0.1356786108964467,Medium
Turks and Caicos Islands,TCA,2023,Latin America & Caribbean ,,,,-0.009099647747245546,0.022583186190983557,-0.2652026429970487,1.4761511223190498,-0.3996497008870133,-0.6889812302472297,0.02263351443858269,6,18,7,18,0.3888888888888889,0.02263351443858269,Low
Tuvalu,TUV,2023,East Asia & Pacific,East Asia & Pacific (excluding high income),,,-0.009099647747245546,-0.043039680853135365,-0.3298726203351521,1.3640677642308094,-0.4215609189493407,-0.6421458321742549,-0.013608489304719862,6,18,10,18,0.5555555555555556,-0.013608489304719862,Low
Uganda,UGA,2023,Sub-Saharan Africa ,Sub-Saharan Africa (excluding high income),,,-0.3786463055697113,0.03171166666030822,-0.5461496724465422,-0.3054724741291914,-0.5585102186121433,-0.7314239378640313,-0.4147484903268852,6,18,14,18,0.7777777777777778,-0.4147484903268852,Medium
Ukraine,UKR,2023,Europe & Central Asia,Europe & Central Asia (excluding high income),,,0.06137617753734221,0.12346051303753645,-0.1810783628341777,1.5956575923523852,-0.3914875898666071,-0.6508630133265779,0.09284421948331688,6,18,14,18,0.7777777777777778,0.09284421948331688,Medium
United Arab Emirates,ARE,2023,"Middle East, North Africa, Afghanistan & Pakistan",,,,0.35396637165195566,0.13442679073193506,-0.10342913883939653,2.4231655703910113,-0.08096772606429121,-0.7655697584127518,0.32693201824307705,6,18,16,18,0.8888888888888888,0.32693201824307705,High
United Kingdom,GBR,2023,Europe & Central Asia,,,,0.12950541322241918,0.19033854316107027,-0.12291198375364554,1.6302553810393456,-0.47617219860701177,-0.663533680489171,0.1145802457621678,6,18,14,18,0.7777777777777778,0.1145802457621678,Medium
United States,USA,2023,North America,,,,0.08384206476683158,0.053469912487009025,-0.15752872950500937,1.6236379969167754,-0.58406195439605,-0.6551239516739443,0.06070588976593536,6,18,13,18,0.7222222222222222,0.06070588976593536,Medium
Uruguay,URY,2023,Latin America & Caribbean ,,,,0.1452271166453714,0.2411257925490188,-0.15241003685784446,2.3575903940379144,-0.5076806194805145,-0.6609084821695089,0.23715736078740615,6,18,16,18,0.8888888888888888,0.23715736078740615,High
Uzbekistan,UZB,2023,Europe & Central Asia,Europe & Central Asia (excluding high income),,,0.03167467388178264,0.04608707642432861,-0.26529011010410364,1.9132643246661563,-0.46644885023047183,-0.7424545293838157,0.08613876420897938,6,18,16,18,0.8888888888888888,0.08613876420897938,High
Vanuatu,VUT,2023,East Asia & Pacific,East Asia & Pacific (excluding high income),,,-0.1308376411218828,0.17816250812464385,-0.4818240938372574,1.3945270377408603,-0.4250594937855173,-0.6592948930278526,-0.020721095984500965,6,18,13,18,0.7222222222222222,-0.020721095984500965,Medium
"Venezuela, RB",VEN,2023,Latin America & Caribbean ,Latin America & Caribbean (excluding high income),,,-0.1697825059519278,0.0688132051648437,-0.26588582797416144,0.8318420560840746,-0.570118685394966,-0.6890566861538475,-0.13236474070433077,6,18,12,18,0.6666666666666666,-0.13236474070433077,Medium
Viet Nam,VNM,2023,East Asia & Pacific,East Asia & Pacific (excluding high income),,,0.04798230988250075,-0.007434073646436649,-0.24464159374923802,1.508300759740809,-0.16860679802457823,-0.7064247855324153,0.07152930311177359,6,18,13,18,0.7222222222222222,0.07152930311177359,Medium
Virgin Islands (U.S.),VIR,2023,Latin America & Caribbean ,,,,-0.009099647747245546,0.053469912487009025,-0.2578675930476504,1.1356922084524979,-0.43192829685249085,-0.6505397169757354,-0.026712188947269223,6,18,5,18,0.2777777777777778,-0.026712188947269223,Low
West Bank and Gaza,PSE,2023,"Middle East, North Africa, Afghanistan & Pakistan","Middle East, North Africa, Afghanistan & Pakistan (excluding high income)",,,-0.1274037915575065,0.01824932967897259,-0.22755071893427334,1.4306485920665013,-0.45018586780184466,-0.7073926236031846,-0.010605846691889187,6,18,15,18,0.8333333333333334,-0.010605846691889187,High
World,WLD,2023,Aggregates,,,,-0.05181972682556357,-0.02134622069771915,-0.31919299034014686,1.548943088985622,-0.4878113584985359,-0.7585368155911679,-0.014960670494585252,6,18,16,18,0.8888888888888888,-0.014960670494585252,High
"Yemen, Rep.",YEM,2023,"Middle East, North Africa, Afghanistan & Pakistan","Middle East, North Africa, Afghanistan & Pakistan (excluding high income)",,,-0.20048960296811733,0.053469912487009025,-0.4102175314607559,0.19953778302900085,-0.43192829685249085,-0.7627445050574142,-0.25872870680379473,6,18,7,18,0.3888888888888889,-0.25872870680379473,Low
Zambia,ZMB,2023,Sub-Saharan Africa ,Sub-Saharan Africa (excluding high income),,,-0.2807526193980655,0.053469912487009025,-0.5300952930769512,-0.06715547853886024,-0.427267824317444,-0.699360330973071,-0.3251936056362305,6,18,12,18,0.6666666666666666,-0.3251936056362305,Medium
Zimbabwe,ZWE,2023,Sub-Saharan Africa ,Sub-Saharan Africa (excluding high income),,,-0.2436901795551499,0.053469912487009025,-0.4777411354310926,-0.06710027021349285,-0.5347930280905558,-0.6808598357447542,-0.3251190894246727,6,18,13,18,0.7222222222222222,-0.3251190894246727,Medium
Afghanistan,AFG,2024,"Middle East, North Africa, Afghanistan & Pakistan","Middle East, North Africa, Afghanistan & Pakistan (excluding high income)",,,-0.3651980380595474,-0.21934070350294452,-0.3666001872310556,-0.12662954908937826,-0.4662600598548708,-0.6338061901828594,-0.3629724546534427,6,18,8,18,0.4444444444444444,-0.3629724546534427,Low
Africa Eastern and Southern,AFE,2024,Aggregates,,,,-0.3410142976601897,-0.2839283674217057,-0.3675747661827064,1.1046445199627504,-0.49563690471102334,-0.6338061901828594,-0.16955266769928903,6,18,12,18,0.6666666666666666,-0.16955266769928903,Medium
Africa Western and Central,AFW,2024,Aggregates,,,,-0.3251980213495294,-0.2962114978114403,-0.37412170044735277,-0.1046055537455073,-0.47257133036374444,-0.6338061901828594,-0.36775238231673896,6,18,10,18,0.5555555555555556,-0.36775238231673896,Low
Albania,ALB,2024,Europe & Central Asia,Europe & Central Asia (excluding high income),,,-0.25513697044780986,-0.1692717364734887,-0.3526031978214837,1.24450367587846,-0.4639511130378542,-0.6305578935391015,-0.10450287257354633,6,18,12,18,0.6666666666666666,-0.10450287257354633,Medium
Algeria,DZA,2024,"Middle East, North Africa, Afghanistan & Pakistan","Middle East, North Africa, Afghanistan & Pakistan (excluding high income)",,,-0.24858415702933034,-0.20342881139203942,-0.35602901987538726,-0.2220480572430291,-0.5081800109223154,-0.6335058343429462,-0.361962648467508,6,18,12,18,0.6666666666666666,-0.361962648467508,Medium
American Samoa,ASM,2024,East Asia & Pacific,,,,-0.2387583625426226,-0.21934070350294452,-0.35964372396922123,0.4256225338168728,-0.47255931716352695,-0.6303902641255451,-0.2491783062478313,6,18,4,18,0.2222222222222222,-0.2491783062478313,Low
Andorra,AND,2024,Europe & Central Asia,,,,-0.1486917543354892,-0.19304225511492148,-0.3480243650732795,1.3648770670475947,-0.47219759496111174,-0.6334341425824113,-0.07175217416993641,6,18,10,18,0.5555555555555556,-0.07175217416993641,Low
Angola,AGO,2024,Sub-Saharan Africa ,Sub-Saharan Africa (excluding high income),,,-0.34761313913253805,-0.263836937345702,-0.36814030232587314,-0.30473862581531475,-0.4985695872655354,-0.6338061901828594,-0.4027841303446371,6,18,10,18,0.5555555555555556,-0.4027841303446371,Low
Antigua and Barbuda,ATG,2024,Latin America & Caribbean ,,,,-0.2477944494334914,-0.21934070350294452,-0.35468920276796845,0.8870362724733459,-0.47265010138311414,-0.6325604751488243,-0.17333310996049947,6,18,5,18,0.2777777777777778,-0.17333310996049947,Low
Arab World,ARB,2024,Aggregates,,,,-0.2387583625426226,-0.27268991128807024,-0.35992413593244904,0.17966958817251785,-0.4845291164098944,-0.6338061901828594,-0.3016730213638963,6,18,8,18,0.4444444444444444,-0.3016730213638963,Low
Argentina,ARG,2024,Latin America & Caribbean ,Latin America & Caribbean (excluding high income),,,-0.1968933851441704,-0.21934070350294452,-0.35492063515755357,1.494359473309647,-0.5249389389032796,-0.6316996701792885,-0.07223897659626494,6,18,10,18,0.5555555555555556,-0.07223897659626494,Low
Armenia,ARM,2024,Europe & Central Asia,Europe & Central Asia (excluding high income),,,-0.21709382996340212,-0.21990077292719692,-0.3541147603913694,1.3559859300731096,-0.39282248085920934,-0.6328848207913,-0.07680512247656136,6,18,12,18,0.6666666666666666,-0.07680512247656136,Medium
Aruba,ABW,2024,Latin America & Caribbean ,,,,-0.2387583625426226,-0.2253760370682226,-0.356003074540232,1.3516610797689095,-0.3754168420075478,-0.632667561926533,-0.07942679971937475,6,18,7,18,0.3888888888888889,-0.07942679971937475,Low
Australia,AUS,2024,East Asia & Pacific,,,,-0.20811061178681858,-0.11961387888644918,-0.34920413110344284,1.3516610797689095,-0.5038914796395849,-0.6338061901828594,-0.07716086863837424,6,18,10,18,0.5555555555555556,-0.07716086863837424,Low
Austria,AUT,2024,Europe & Central Asia,,,,-0.20363183289755318,-0.168513804569679,-0.35030016331049035,1.3734406195685978,-0.44043999888146024,-0.632578541105614,-0.07033728686603317,6,18,11,18,0.6111111111111112,-0.07033728686603317,Medium
Azerbaijan,AZE,2024,Europe & Central Asia,Europe & Central Asia (excluding high income),,,-0.23245241878988784,-0.23158291537603312,-0.3579998275337825,0.5665651203356067,-0.462690437159726,-0.632552881629371,-0.22511889335886562,6,18,12,18,0.6666666666666666,-0.22511889335886562,Medium
"Bahamas, The",BHS,2024,Latin America & Caribbean ,,,,-0.24004485611628942,-0.23173694316997748,-0.3578607605373502,1.3516610797689095,-0.46692506977891246,-0.6325323116786657,-0.09623981025204764,6,18,9,18,0.5,-0.09623981025204764,Low
Bahrain,BHR,2024,"Middle East, North Africa, Afghanistan & Pakistan",,,,-0.17558920427583105,-0.19792925923386614,-0.35089391914145374,1.3110539855673091,-0.3865156937419443,-0.6328158547810364,-0.07211499093447042,6,18,13,18,0.7222222222222222,-0.07211499093447042,Medium
Bangladesh,BGD,2024,South Asia,South Asia,,,-0.2865726177837911,-0.277698052396604,-0.3576324415879837,0.24586076617867078,-0.5213098711195477,-0.6333151201835984,-0.3051112228154757,6,18,12,18,0.6666666666666666,-0.3051112228154757,Medium
Barbados,BRB,2024,Latin America & Caribbean ,,,,-0.25024960436986843,-0.2051305385590475,-0.3561774271924755,1.0960304760659265,-0.4713245973603957,-0.6321027120056095,-0.13649240057024503,6,18,7,18,0.3888888888888889,-0.13649240057024503,Low
Belarus,BLR,2024,Europe & Central Asia,Europe & Central Asia (excluding high income),,,-0.1910320536848051,-0.19791952872051768,-0.3582184517871836,1.3673883196564074,-0.4140294685057985,-0.6315368901179225,-0.07089134552663666,6,18,11,18,0.6111111111111112,-0.07089134552663666,Medium
Belgium,BEL,2024,Europe & Central Asia,,,,-0.20943761457972845,-0.21934070350294452,-0.3499837567842064,1.374121008787135,-0.3866976579975263,-0.6327452963115995,-0.0706806700648117,6,18,9,18,0.5,-0.0706806700648117,Low
Belize,BLZ,2024,Latin America & Caribbean ,Latin America & Caribbean (excluding high income),,,-0.24024391839600567,-0.25358161145437125,-0.3588684773547814,1.242828153904543,-0.43698394537772556,-0.6335498287878822,-0.1133999379110372,6,18,9,18,0.5,-0.1133999379110372,Low
Benin,BEN,2024,Sub-Saharan Africa ,Sub-Saharan Africa (excluding high income),,,-0.296313541589638,-0.21934070350294452,-0.3721296570593495,-0.3797698999537314,-0.5049778983248174,-0.6338061901828594,-0.40105631510222334,6,18,10,18,0.5555555555555556,-0.40105631510222334,Low
Bermuda,BMU,2024,North America,,,,-0.2244816494005788,-0.21934070350294452,-0.3497865722370263,1.3516610797689095,-0.466877620808465,-0.6319550688738929,-0.09013008917566634,6,18,7,18,0.3888888888888889,-0.09013008917566634,Low
Bhutan,BTN,2024,South Asia,South Asia,,,-0.2612834788702829,-0.2661129624273945,-0.35936351434954417,1.2569528595098918,-0.4627563441627947,-0.6327305712744521,-0.12088233526242946,6,18,11,18,0.6111111111111112,-0.12088233526242946,Medium
Bolivia,BOL,2024,Latin America & Caribbean ,Latin America & Caribbean (excluding high income),,,-0.26559158851129633,-0.21340775403572607,-0.3640575443858379,0.08071122432585373,-0.5051749874085959,-0.6334785206187143,-0.31683319510571945,6,18,12,18,0.6666666666666666,-0.31683319510571945,Medium
Bosnia and Herzegovina,BIH,2024,Europe & Central Asia,Europe & Central Asia (excluding high income),,,-0.2168978316249565,-0.21934070350294452,-0.35440069064104174,1.4450518206652214,-0.4497805433481539,-0.6313739512869105,-0.0711236499564643,6,18,10,18,0.5555555555555556,-0.0711236499564643,Low
Botswana,BWA,2024,Sub-Saharan Africa ,Sub-Saharan Africa (excluding high income),,,-0.2250174938793139,-0.2519499426839806,-0.3634825957587968,0.29581409795724917,-0.4818579362289199,-0.6337517936202313,-0.27670761070233224,6,18,11,18,0.6111111111111112,-0.27670761070233224,Medium
Brazil,BRA,2024,Latin America & Caribbean ,Latin America & Caribbean (excluding high income),,,-0.2441452944728123,-0.18379964747434915,-0.3564981115349948,1.8977845478770672,-0.5121332316190133,-0.6324753691833792,-0.005211184401246923,6,18,14,18,0.7777777777777778,-0.005211184401246923,Medium
British Virgin Islands,VGB,2024,Latin America & Caribbean ,,,,-0.2555494522025585,-0.2599363286820732,-0.35503687025904923,1.3516610797689095,-0.47255931716352695,-0.6333403449388078,-0.10412687224618437,6,18,7,18,0.3888888888888889,-0.10412687224618437,Low
Brunei Darussalam,BRN,2024,East Asia & Pacific,,,,-0.21805832506810896,-0.21934070350294452,-0.357039850133037,1.3516610797689095,-0.4112511405573609,-0.6329040398383796,-0.0811554965551536,6,18,8,18,0.4444444444444444,-0.0811554965551536,Low
Bulgaria,BGR,2024,Europe & Central Asia,,,,-0.2361853499171259,-0.19851455523435288,-0.3567700439599442,1.5166988974488007,-0.4341819135871785,-0.631971226218076,-0.056820698577979466,6,18,11,18,0.6111111111111112,-0.056820698577979466,Medium
Burkina Faso,BFA,2024,Sub-Saharan Africa ,Sub-Saharan Africa (excluding high income),,,-0.31137055404020825,-0.3275097070184529,-0.37178614082189343,-0.0901741991485362,-0.48679688780253194,-0.6338061901828594,-0.37024061316908036,6,18,10,18,0.5555555555555556,-0.37024061316908036,Low
Burundi,BDI,2024,Sub-Saharan Africa ,Sub-Saharan Africa (excluding high income),,,-0.31435398993887614,-0.21934070350294452,-0.3691646241578037,-0.10909053894577862,-0.4732574941010948,-0.6338061901828594,-0.35316892347155954,6,18,5,18,0.2777777777777778,-0.35316892347155954,Low
Cabo Verde,CPV,2024,Sub-Saharan Africa ,Sub-Saharan Africa (excluding high income),,,-0.26032300574014666,-0.22104271289675603,-0.3562895110403463,0.7696645406452044,-0.4448966060633662,-0.6325592029832435,-0.19090774967977575,6,18,9,18,0.5,-0.19090774967977575,Low
Cambodia,KHM,2024,East Asia & Pacific,East Asia & Pacific (excluding high income),,,-0.26672457700998664,-0.28578906798817205,-0.3619009681277308,0.6783633417546534,-0.3984037110532413,-0.6333268668916161,-0.2112969748860156,6,18,11,18,0.6111111111111112,-0.2112969748860156,Medium
Cameroon,CMR,2024,Sub-Saharan Africa ,Sub-Saharan Africa (excluding high income),,,-0.2839602361345881,-0.2568768179598417,-0.369008952146872,-0.09397809342011443,-0.5155862445060059,-0.6338061901828594,-0.35886942239171365,6,18,8,18,0.4444444444444444,-0.35886942239171365,Low
Canada,CAN,2024,North America,,,,-0.22285602891839118,-0.21934070350294452,-0.35018296633315477,1.3713637338191198,-0.48558396187164704,-0.6338061901828594,-0.09006768616497951,6,18,9,18,0.5,-0.09006768616497951,Low
Caribbean small states,CSS,2024,Aggregates,,,,-0.2387583625426226,-0.22505121013676657,-0.35931093132051184,1.3516610797689095,-0.46143332169732626,-0.6324934808124403,-0.09423103779012636,6,18,5,18,0.2777777777777778,-0.09423103779012636,Low
Cayman Islands,CYM,2024,Latin America & Caribbean ,,,,-0.2387583625426226,-0.22626306403685412,-0.35181030837913835,1.3516610797689095,-0.47292281578235906,-0.6338061901828594,-0.09531661019248734,6,18,5,18,0.2777777777777778,-0.09531661019248734,Low
Central African Republic,CAF,2024,Sub-Saharan Africa ,Sub-Saharan Africa (excluding high income),,,-0.3089713701346883,-0.21934070350294452,-0.37554406316578454,-0.19274491736159435,-0.5057416040904106,-0.6338061901828594,-0.3726914747397136,6,18,7,18,0.3888888888888889,-0.3726914747397136,Low
Central Europe and the Baltics,CEB,2024,Aggregates,,,,-0.2387583625426226,-0.18510847434848485,-0.3545313563862556,1.5183016941173264,-0.4290607673113895,-0.6319283775040717,-0.0535142739959163,6,18,9,18,0.5,-0.0535142739959163,Low
Chad,TCD,2024,Sub-Saharan Africa ,Sub-Saharan Africa (excluding high income),,,-0.37378234478006006,-0.28984711044878164,-0.3780690631830967,-0.19309094271782293,-0.5060563088980197,-0.6338061901828594,-0.3957753267017734,6,18,10,18,0.5555555555555556,-0.3957753267017734,Low
Channel Islands,CHI,2024,Europe & Central Asia,,,,-0.2387583625426226,-0.21934070350294452,-0.35112535153103885,1.1434646451730057,-0.47255931716352695,-0.6323234361953248,-0.12844042096040867,6,18,2,18,0.1111111111111111,-0.12844042096040867,Low
Chile,CHL,2024,Latin America & Caribbean ,,,,-0.20106302452452773,-0.14511098240625195,-0.3509603391994513,1.4796341885069193,-0.4834620825948903,-0.6312758226965193,-0.05537301048578689,6,18,13,18,0.7222222222222222,-0.05537301048578689,Medium
China,CHN,2024,East Asia & Pacific,East Asia & Pacific (excluding high income),,,-0.18138061333777944,-0.1943855532716505,-0.3544287116030094,1.772131110982451,-0.5075063980883489,-0.6319268532123546,-0.016249503088448674,6,18,10,18,0.5555555555555556,-0.016249503088448674,Low
Colombia,COL,2024,Latin America & Caribbean ,Latin America & Caribbean (excluding high income),,,-0.18167451057650397,-0.21391293986353266,-0.35453664419725545,1.056340059201567,-0.5140622593746752,-0.6331696789947704,-0.14016932896752843,6,18,12,18,0.6666666666666666,-0.14016932896752843,Medium
Comoros,COM,2024,Sub-Saharan Africa ,Sub-Saharan Africa (excluding high income),,,-0.2895279343503306,-0.21934070350294452,-0.3658384321908965,-0.33995602653562346,-0.5077120516725114,-0.6338061901828594,-0.3926968897391943,6,18,8,18,0.4444444444444444,-0.3926968897391943,Low
"Congo, Dem. Rep.",COD,2024,Sub-Saharan Africa ,Sub-Saharan Africa (excluding high income),,,-0.38137726634856667,-0.21934070350294452,-0.3709745707382362,-0.17859910098394183,-0.45154528451825,-0.6338061901828594,-0.3726071860457998,6,18,9,18,0.5,-0.3726071860457998,Low
"Congo, Rep.",COG,2024,Sub-Saharan Africa ,Sub-Saharan Africa (excluding high income),,,-0.29609061460187935,-0.21934070350294452,-0.3668990774920444,-0.10289140082829011,-0.45579736849256314,-0.6338061901828594,-0.34580422585009685,6,18,7,18,0.3888888888888889,-0.34580422585009685,Low
Costa Rica,CRI,2024,Latin America & Caribbean ,,,,-0.2067706358760384,-0.18781160961480334,-0.351337065465906,1.3623588924606655,-0.4759590118067732,-0.6321466076661518,-0.08194433966150119,6,18,12,18,0.6666666666666666,-0.08194433966150119,Medium
Cote d'Ivoire,CIV,2024,Sub-Saharan Africa ,Sub-Saharan Africa (excluding high income),,,-0.2270834362450571,-0.2884781150033617,-0.37093720945561265,-0.10007547224694102,-0.49537509736194335,-0.6338061901828594,-0.3526259200826292,6,18,11,18,0.6111111111111112,-0.3526259200826292,Medium
Croatia,HRV,2024,Europe & Central Asia,,,,-0.21872390494661906,-0.21934070350294452,-0.3534819473388016,1.6609193207434874,-0.43950922987477486,-0.6322295744122403,-0.03372767322198216,6,18,10,18,0.5555555555555556,-0.03372767322198216,Low
Cuba,CUB,2024,Latin America & Caribbean ,Latin America & Caribbean (excluding high income),,,-0.3105441219473124,-0.22910713619499842,-0.3541723716916752,0.079717844935743,-0.423319318069266,-0.6316757816976518,-0.3115168141108602,6,18,10,18,0.5555555555555556,-0.3115168141108602,Low
Curacao,CUW,2024,Latin America & Caribbean ,,,,-0.2387583625426226,-0.22092348055694888,-0.3554955837845946,1.3516610797689095,-0.47046972342814847,-0.6329319461086644,-0.09448633610867825,6,18,5,18,0.2777777777777778,-0.09448633610867825,Low
Cyprus,CYP,2024,Europe & Central Asia,,,,-0.16847602857067068,-0.1328304332479816,-0.35048086940578166,1.4746608315278955,-0.3521912009654762,-0.6330762451493577,-0.027065657635228724,6,18,12,18,0.6666666666666666,-0.027065657635228724,Medium
Czechia,CZE,2024,Europe & Central Asia,,,,-0.1998472232047852,-0.21934070350294452,-0.3523935088883849,1.3726657228169794,-0.4148361343566321,-0.6324453618688964,-0.07436620150077729,6,18,9,18,0.5,-0.07436620150077729,Low
Denmark,DNK,2024,Europe & Central Asia,,,,-0.1825204593962518,-0.15673133015138144,-0.3500318505762015,1.3745067563719455,-0.4123605109633455,-0.6325774839726591,-0.059952479781315626,6,18,11,18,0.6111111111111112,-0.059952479781315626,Medium
Djibouti,DJI,2024,"Middle East, North Africa, Afghanistan & Pakistan","Middle East, North Africa, Afghanistan & Pakistan (excluding high income)",,,-0.255506963186535,-0.21934070350294452,-0.366690476997396,-0.21866650043998062,-0.29607259047071216,-0.6334651839978335,-0.331623736432567,6,18,7,18,0.3888888888888889,-0.331623736432567,Low
Dominica,DMA,2024,Latin America & Caribbean ,Latin America & Caribbean (excluding high income),,,-0.23812566311771333,-0.21934070350294452,-0.36140593113296804,1.3516610797689095,-0.472150826710452,-0.6315775574510942,-0.09515660035771045,6,18,5,18,0.2777777777777778,-0.09515660035771045,Low
Dominican Republic,DOM,2024,Latin America & Caribbean ,Latin America & Caribbean (excluding high income),,,-0.25924872377196984,-0.22590440722375912,-0.3587345994253801,0.03215611727338593,-0.49421298587813517,-0.6320113983672812,-0.32299266623218986,6,18,14,18,0.7777777777777778,-0.32299266623218986,Medium
Early-demographic dividend,EAR,2024,Aggregates,,,,-0.2387583625426226,-0.2600613353249647,-0.36066480879117147,1.2636130445531744,-0.49540204958147055,-0.6332504560740783,-0.12075399462685554,6,18,9,18,0.5,-0.12075399462685554,Low
East Asia & Pacific,EAS,2024,Aggregates,,,,-0.19870932340049585,-0.20108841118556295,-0.35575618524435354,1.3488881052540673,-0.4879226360027129,-0.6322232197712616,-0.08780194505838661,6,18,13,18,0.7222222222222222,-0.08780194505838661,Medium
East Asia & Pacific (IDA & IBRD countries),TEA,2024,Aggregates,,,,-0.20221713271349007,-0.20314075544853963,-0.35653551784010545,1.3516610797689095,-0.49885822919022954,-0.6322271672559864,-0.09021962044657361,6,18,11,18,0.6111111111111112,-0.09021962044657361,Medium
East Asia & Pacific (excluding high income),EAP,2024,Aggregates,,,,-0.20472864115652142,-0.2035316457396609,-0.35656420346993684,1.3516610797689095,-0.498862759937666,-0.6322289440070379,-0.09070918575698561,6,18,11,18,0.6111111111111112,-0.09070918575698561,Medium
Ecuador,ECU,2024,Latin America & Caribbean ,Latin America & Caribbean (excluding high income),,,-0.2591439065077917,-0.21583289308144601,-0.35488327387492996,0.2725973629304866,-0.4943134676693172,-0.6329476588348665,-0.28075397283964415,6,18,12,18,0.6666666666666666,-0.28075397283964415,Medium
"Egypt, Arab Rep.",EGY,2024,"Middle East, North Africa, Afghanistan & Pakistan","Middle East, North Africa, Afghanistan & Pakistan (excluding high income)",,,-0.2721709158043945,-0.242020673218213,-0.3608745706689878,-0.15736032400616787,-0.5104156176732028,-0.6338061901828594,-0.3627747152589709,6,18,12,18,0.6666666666666666,-0.3627747152589709,Medium
El Salvador,SLV,2024,Latin America & Caribbean ,Latin America & Caribbean (excluding high income),,,-0.1974544035220501,-0.27084016827153784,-0.36035981521950705,0.07835417095471212,-0.46104659733369235,-0.632523415269071,-0.3073117047768577,6,18,11,18,0.6111111111111112,-0.3073117047768577,Medium
Equatorial Guinea,GNQ,2024,Sub-Saharan Africa ,Sub-Saharan Africa (excluding high income),,,-0.25758217034872866,-0.21934070350294452,-0.36907329657805715,-0.051002687041499545,-0.4768306143286431,-0.6338061901828594,-0.3346059436637887,6,18,6,18,0.3333333333333333,-0.3346059436637887,Low
Eritrea,ERI,2024,Sub-Saharan Africa ,Sub-Saharan Africa (excluding high income),,,-0.2387583625426226,-0.21934070350294452,-0.3638977211212813,-0.1180435406936785,-0.47255931716352695,-0.6338061901828594,-0.34106763920115224,6,18,3,18,0.16666666666666666,-0.34106763920115224,Low
Estonia,EST,2024,Europe & Central Asia,,,,-0.17331142885449483,-0.18826066866957122,-0.3531022595072609,1.6366519080620154,-0.39567739406287283,-0.6322100929973662,-0.017651656004925093,6,18,12,18,0.6666666666666666,-0.017651656004925093,Medium
Eswatini,SWZ,2024,Sub-Saharan Africa ,Sub-Saharan Africa (excluding high income),,,-0.2490504216948337,-0.21934070350294452,-0.3687017593786335,0.7949947888713096,-0.43854616317134426,-0.6330881422861238,-0.18562206686042837,6,18,10,18,0.5555555555555556,-0.18562206686042837,Low
Ethiopia,ETH,2024,Sub-Saharan Africa ,Sub-Saharan Africa (excluding high income),,,-0.37164253117798857,-0.21934070350294452,-0.365236500415294,-0.16226116662736148,-0.5290669436493218,-0.6338061901828594,-0.3802256725926283,6,18,9,18,0.5,-0.3802256725926283,Low
Euro area,EMU,2024,Aggregates,,,,-0.2387583625426226,-0.17201591015292728,-0.3500388957771636,1.3516610797689095,-0.4596176036029727,-0.6324599296944134,-0.08353827033353171,6,18,7,18,0.3888888888888889,-0.08353827033353171,Low
Europe & Central Asia,ECS,2024,Aggregates,,,,-0.19609403361684338,-0.1737378211580404,-0.3538261403356129,1.5207183474480008,-0.464957099179304,-0.6313469359221889,-0.04987394712733146,6,18,13,18,0.7222222222222222,-0.04987394712733146,Medium
Europe & Central Asia (IDA & IBRD countries),TEC,2024,Aggregates,,,,-0.19911407062891828,-0.16509284546083883,-0.35759564515323566,1.5018014056138522,-0.48574627982637314,-0.632367075566589,-0.056352418503683784,6,18,13,18,0.7222222222222222,-0.056352418503683784,Medium
Europe & Central Asia (excluding high income),ECA,2024,Aggregates,,,,-0.22978145678246223,-0.16644479315261843,-0.3574121355913346,1.4896360050530613,-0.48145544839884763,-0.6327513648530405,-0.0630348656208737,6,18,13,18,0.7222222222222222,-0.0630348656208737,Medium
European Union,EUU,2024,Aggregates,,,,-0.2387583625426226,-0.17555172218507473,-0.35075086008560996,1.3516610797689095,-0.4562535438321554,-0.632361748495729,-0.08366919289538037,6,18,7,18,0.3888888888888889,-0.08366919289538037,Low
Faroe Islands,FRO,2024,Europe & Central Asia,,,,-0.2387583625426226,-0.21934070350294452,-0.3491708932306698,1.3516610797689095,-0.44201385946185595,-0.6325152374605891,-0.08835632940496208,6,18,5,18,0.2777777777777778,-0.08835632940496208,Low
Fiji,FJI,2024,East Asia & Pacific,East Asia & Pacific (excluding high income),,,0.21268782759553795,-0.18940871461547537,-0.3653817942921635,0.07293563157658021,-0.42558864625909393,-0.6325742258599879,-0.22122165364243376,6,18,11,18,0.6111111111111112,-0.22122165364243376,Medium
Finland,FIN,2024,Europe & Central Asia,,,,-0.19682928196812358,-0.1068009309440469,-0.3499457880010523,1.3742244395467564,-0.46584959696838596,-0.6327215105301177,-0.062987111477495,6,18,11,18,0.6111111111111112,-0.062987111477495,Medium
France,FRA,2024,Europe & Central Asia,,,,-0.19879379352631688,-0.1871064702287384,-0.3492775374175406,1.3742928363941898,-0.4805333374823883,-0.6323264722407371,-0.0789574624169219,6,18,10,18,0.5555555555555556,-0.0789574624169219,Low
French Polynesia,PYF,2024,East Asia & Pacific,,,,-0.2387583625426226,-0.21934070350294452,-0.34802021381965464,1.3646785500960263,-0.48435859345043775,-0.6323086194668553,-0.09301799044774807,6,18,6,18,0.3333333333333333,-0.09301799044774807,Low
Gabon,GAB,2024,Sub-Saharan Africa ,Sub-Saharan Africa (excluding high income),,,-0.25630577639542135,-0.21934070350294452,-0.3642941658424541,-0.02976305598568842,-0.45541693500267266,-0.6338061901828594,-0.3264878044853401,6,18,8,18,0.4444444444444444,-0.3264878044853401,Low
"Gambia, The",GMB,2024,Sub-Saharan Africa ,Sub-Saharan Africa (excluding high income),,,-0.27965189113970057,-0.26018208690951755,-0.36684095994129656,-0.09003347269956542,-0.5051176515448513,-0.6338061901828594,-0.35593870873629846,6,18,10,18,0.5555555555555556,-0.35593870873629846,Low
Georgia,GEO,2024,Europe & Central Asia,Europe & Central Asia (excluding high income),,,-0.17674285298837003,-0.1995196407948314,-0.35791576464787944,1.662744921908452,-0.4376603922495803,-0.6338061901828594,-0.023816653159178098,6,18,13,18,0.7222222222222222,-0.023816653159178098,Medium
Germany,DEU,2024,Europe & Central Asia,,,,-0.18417179723170388,-0.18541142461735827,-0.35154807065015414,1.3745051693549228,-0.47089436346627095,-0.6323399249876018,-0.07497673526636103,6,18,11,18,0.6111111111111112,-0.07497673526636103,Medium
Ghana,GHA,2024,Sub-Saharan Africa ,Sub-Saharan Africa (excluding high income),,,-0.2690332275500273,-0.26833801442424104,-0.3672166483943451,-0.17458358965139267,-0.47657480361610044,-0.6338061901828594,-0.36492541230316095,6,18,12,18,0.6666666666666666,-0.36492541230316095,Medium
Gibraltar,GIB,2024,Europe & Central Asia,,,,-0.2387583625426226,-0.2327310625978595,-0.3486034649539454,1.3745909986553524,-0.47255931716352695,-0.6338061901828594,-0.09197789979757692,6,18,5,18,0.2777777777777778,-0.09197789979757692,Low
Greece,GRC,2024,Europe & Central Asia,,,,-0.2087830854508789,-0.21934070350294452,-0.35046216345194775,1.3711518463900587,-0.4568182992991369,-0.6320324599499246,-0.08271414421079568,6,18,9,18,0.5,-0.08271414421079568,Low
Greenland,GRL,2024,Europe & Central Asia,,,,-0.2387583625426226,-0.21934070350294452,-0.36246510830783407,1.3516610797689095,-0.47255931716352695,-0.6320016301811361,-0.09557734032152577,6,18,3,18,0.16666666666666666,-0.09557734032152577,Low
Grenada,GRD,2024,Latin America & Caribbean ,Latin America & Caribbean (excluding high income),,,-0.2504603864624562,-0.20968776253477786,-0.3571789171294694,0.6502462211978889,-0.4723929687715403,-0.6321661972105207,-0.2119400018184793,6,18,6,18,0.3333333333333333,-0.2119400018184793,Low
Guam,GUM,2024,East Asia & Pacific,,,,-0.2387583625426226,-0.21934070350294452,-0.35504621057970515,1.2450782039997341,-0.47255931716352695,-0.6328437619759851,-0.11224502529417503,6,18,4,18,0.2222222222222222,-0.11224502529417503,Low
Guatemala,GTM,2024,Latin America & Caribbean ,Latin America & Caribbean (excluding high income),,,-0.27775937775222254,-0.27107971329722996,-0.35989902606714924,-0.12489521667354349,-0.5008737656884121,-0.6336541456389252,-0.3613602075195805,6,18,12,18,0.6666666666666666,-0.3613602075195805,Medium
Guinea,GIN,2024,Sub-Saharan Africa ,Sub-Saharan Africa (excluding high income),,,-0.2887109706362418,-0.21934070350294452,-0.3721888124235035,-0.3456568571300971,-0.44773860844579066,-0.6338061901828594,-0.38457369038690614,6,18,7,18,0.3888888888888889,-0.38457369038690614,Low
Guinea-Bissau,GNB,2024,Sub-Saharan Africa ,Sub-Saharan Africa (excluding high income),,,-0.27850564293246444,-0.21934070350294452,-0.3687121375126956,-0.1647430685824974,-0.508066516156777,-0.6338061901828594,-0.3621957098117064,6,18,9,18,0.5,-0.3621957098117064,Low
Guyana,GUY,2024,Latin America & Caribbean ,,,,-0.23713568958852546,-0.24673722555215646,-0.36241779920402406,0.05108120448695271,-0.43014307671201385,-0.6326474146972185,-0.30966666687783095,6,18,8,18,0.4444444444444444,-0.30966666687783095,Low
Haiti,HTI,2024,Latin America & Caribbean ,Latin America & Caribbean (excluding high income),,,-0.27360383050327547,-0.21934070350294452,-0.3678144289163228,-0.11207613308408455,-0.5345690905023218,-0.6332529609286021,-0.35677619123959187,6,18,6,18,0.3333333333333333,-0.35677619123959187,Low
Heavily indebted poor countries (HIPC),HPC,2024,Aggregates,,,,-0.2387583625426226,-0.2949751314886575,-0.3680205408532911,-0.08090920933232014,-0.49611896945338757,-0.6338061901828594,-0.35209806730885634,6,18,7,18,0.3888888888888889,-0.35209806730885634,Low
Honduras,HND,2024,Latin America & Caribbean ,Latin America & Caribbean (excluding high income),,,-0.3233594392773876,-0.2930654809554342,-0.3595897576720983,-0.11474253662239801,-0.45506885350977894,-0.6338029652804603,-0.36327150555292625,6,18,14,18,0.7777777777777778,-0.36327150555292625,Medium
"Hong Kong SAR, China",HKG,2024,East Asia & Pacific,,,,0.05724322844601115,-0.13321280562250268,-0.34677412898158216,1.3745909986553524,-0.176298519716119,-0.6318891836370653,0.023943264857349083,6,18,11,18,0.6111111111111112,0.023943264857349083,Medium
Hungary,HUN,2024,Europe & Central Asia,,,,-0.21775124898297174,-0.19484056814001138,-0.3557701993368869,1.5460292511770624,-0.3975922369385995,-0.6317281672915502,-0.04194219491882623,6,18,12,18,0.6666666666666666,-0.04194219491882623,Medium
IBRD only,IBD,2024,Aggregates,,,,-0.23844719872432663,-0.22241886474744862,-0.3578992897315187,1.4062836161582384,-0.49653387852226816,-0.6326284598675885,-0.09027401257248537,6,18,13,18,0.7222222222222222,-0.09027401257248537,Medium
IDA & IBRD total,IBT,2024,Aggregates,,,,-0.2647246341695968,-0.2556457548885483,-0.36053402661966866,1.319193126021302,-0.49713875973884775,-0.6330774768137886,-0.11532125436819134,6,18,13,18,0.7222222222222222,-0.11532125436819134,Medium
IDA blend,IDB,2024,Aggregates,,,,-0.32516688694734314,-0.32413853581309754,-0.3704079860720624,0.26009642255455234,-0.47250289877503454,-0.6338061901828594,-0.3109876792059741,6,18,12,18,0.6666666666666666,-0.3109876792059741,Medium
IDA only,IDX,2024,Aggregates,,,,-0.33580447436100896,-0.32452755352372437,-0.36560669559999076,-0.009541338318428053,-0.4969684314649275,-0.6338061901828594,-0.36104244724182316,6,18,12,18,0.6666666666666666,-0.36104244724182316,Medium
IDA total,IDA,2024,Aggregates,,,,-0.33221363997551784,-0.32490582369122784,-0.36727719151708255,0.10617612355295288,-0.5008813531567546,-0.6338061901828594,-0.3421513458284149,6,18,13,18,0.7222222222222222,-0.3421513458284149,Medium
Iceland,ISL,2024,Europe & Central Asia,,,,-0.19620716873129432,-0.21934070350294452,-0.34945472507225966,1.3745909986553524,-0.4642920716894256,-0.6322811725455856,-0.0811641404810262,6,18,9,18,0.5,-0.0811641404810262,Low
India,IND,2024,South Asia,South Asia,,,-0.3095512704234592,-0.2646760579302368,-0.3604293487177232,1.1366712556872642,-0.4981425641830488,-0.6329789572617933,-0.1548511571381662,6,18,12,18,0.6666666666666666,-0.1548511571381662,Medium
Indonesia,IDN,2024,East Asia & Pacific,East Asia & Pacific (excluding high income),,,-0.2547848010940235,-0.2116546627985807,-0.3614121580134053,1.4130456989516336,-0.503409585116681,-0.6328992168338209,-0.09185245415081296,6,18,12,18,0.6666666666666666,-0.09185245415081296,Medium
"Iran, Islamic Rep.",IRN,2024,"Middle East, North Africa, Afghanistan & Pakistan","Middle East, North Africa, Afghanistan & Pakistan (excluding high income)",,,-0.18084110614570445,-0.21934070350294452,-0.3545978751882219,1.3687919103120132,-0.49547198537838266,-0.6331472518596041,-0.0857678352938074,6,18,9,18,0.5,-0.0857678352938074,Low
Iraq,IRQ,2024,"Middle East, North Africa, Afghanistan & Pakistan","Middle East, North Africa, Afghanistan & Pakistan (excluding high income)",,,-0.2558532928048248,-0.21934070350294452,-0.3602332019839492,-0.10304319918881238,-0.4738734270080413,-0.6338061901828594,-0.3410250024452386,6,18,9,18,0.5,-0.3410250024452386,Low
Ireland,IRL,2024,Europe & Central Asia,,,,-0.21128877900491835,-0.21934070350294452,-0.3492471623910174,1.370569483291529,-0.2956640808290665,-0.6336878376705085,-0.05644318001782106,6,18,9,18,0.5,-0.05644318001782106,Low
Isle of Man,IMN,2024,Europe & Central Asia,,,,-0.2387583625426226,-0.21934070350294452,-0.3512384731923159,1.3744982144953866,-0.47255931716352695,-0.6320484045329491,-0.08990784107316208,6,18,4,18,0.2222222222222222,-0.08990784107316208,Low
Israel,ISR,2024,"Middle East, North Africa, Afghanistan & Pakistan",,,,-0.15666829396433388,-0.2083989218875247,-0.34905225597082645,1.374032642271526,-0.49635405845179476,-0.6336564497552969,-0.07834955629304177,6,18,11,18,0.6111111111111112,-0.07834955629304177,Medium
Italy,ITA,2024,Europe & Central Asia,,,,-0.19940815049605018,-0.21934070350294452,-0.34827009903785267,1.719079131760074,-0.48634962064312104,-0.6319991106277857,-0.027714758757946694,6,18,10,18,0.5555555555555556,-0.027714758757946694,Low
Jamaica,JAM,2024,Latin America & Caribbean ,Latin America & Caribbean (excluding high income),,,-0.23032711255677793,-0.2265775968174398,-0.3610821333502301,0.07911745887552238,-0.4753021672409874,-0.6320322383759517,-0.3077006315776441,6,18,8,18,0.4444444444444444,-0.3077006315776441,Low
Japan,JPN,2024,East Asia & Pacific,,,,-0.23449888622354997,-0.21934070350294452,-0.34818175833571424,1.3732698873123559,-0.50542579003139,-0.6316024448923314,-0.0942966159455957,6,18,7,18,0.3888888888888889,-0.0942966159455957,Low
Jordan,JOR,2024,"Middle East, North Africa, Afghanistan & Pakistan","Middle East, North Africa, Afghanistan & Pakistan (excluding high income)",,,-0.2837756967116505,-0.23206437155427065,-0.35446607288563303,0.11163122248311041,-0.4731635506128229,-0.6330806790566817,-0.31081985805632467,6,18,11,18,0.6111111111111112,-0.31081985805632467,Medium
Kazakhstan,KAZ,2024,Europe & Central Asia,Europe & Central Asia (excluding high income),,,-0.21786421752954155,-0.21270392431542587,-0.35804652913706203,1.3658167203542453,-0.48905466247390256,-0.6333858393756341,-0.0908730754128868,6,18,11,18,0.6111111111111112,-0.0908730754128868,Medium
Kenya,KEN,2024,Sub-Saharan Africa ,Sub-Saharan Africa (excluding high income),,,-0.2918554035924488,-0.2633557139857133,-0.3691480191433043,0.37026982120226615,-0.5079277255658678,-0.6338061901828594,-0.2826372052113213,6,18,10,18,0.5555555555555556,-0.2826372052113213,Low
Kiribati,KIR,2024,East Asia & Pacific,East Asia & Pacific (excluding high income),,,-0.3141664021894575,-0.27021513632228783,-0.3662774272617239,-0.16214606299881645,-0.44293813314032054,-0.6335997688061896,-0.3648904884531327,6,18,11,18,0.6111111111111112,-0.3648904884531327,Medium
"Korea, Dem. People's Rep.",PRK,2024,East Asia & Pacific,East Asia & Pacific (excluding high income),,,-0.2387583625426226,-0.21934070350294452,-0.35886432610115654,-0.10928886161732854,-0.47255931716352695,-0.6323707917003525,-0.33853039377132194,6,18,3,18,0.16666666666666666,-0.33853039377132194,Low
"Korea, Rep.",KOR,2024,East Asia & Pacific,,,,-0.1323231235465973,-0.1530794814716806,-0.3486042243296085,1.3738465434017268,-0.4623337859025127,-0.6321316981454967,-0.05910429499902817,6,18,11,18,0.6111111111111112,-0.05910429499902817,Medium
Kuwait,KWT,2024,"Middle East, North Africa, Afghanistan & Pakistan",,,,-0.21975594935325335,-0.21934070350294452,-0.3476170359676027,0.2464915470626574,-0.45638421940030865,-0.6329878618124004,-0.2715990371623087,6,18,8,18,0.4444444444444444,-0.2715990371623087,Low
Kyrgyz Republic,KGZ,2024,Europe & Central Asia,Europe & Central Asia (excluding high income),,,-0.24741613343635604,-0.21907708393699019,-0.3602581095056983,1.242813358098322,-0.4071386657823897,-0.6338061901828594,-0.10414713745766195,6,18,13,18,0.7222222222222222,-0.10414713745766195,Medium
Lao PDR,LAO,2024,East Asia & Pacific,East Asia & Pacific (excluding high income),,,-0.2552020532445554,-0.2604153752660183,-0.36355316707041924,-0.09110493579140773,-0.47194073020085914,-0.6334642600684561,-0.34594675360695265,6,18,9,18,0.5,-0.34594675360695265,Low
Late-demographic dividend,LTE,2024,Aggregates,,,,-0.2387583625426226,-0.19234707875124843,-0.3552423926489719,1.4090417356470448,-0.49344439757001385,-0.6321696964411383,-0.08382003205115836,6,18,9,18,0.5,-0.08382003205115836,Low
Latin America & Caribbean ,LCN,2024,Aggregates,,,,-0.23872740834400372,-0.20118053581157969,-0.35671095668439223,1.3607607689960275,-0.4990401335783862,-0.6327731455059051,-0.09461190182137325,6,18,14,18,0.7777777777777778,-0.09461190182137325,Medium
Latin America & Caribbean (excluding high income),LAC,2024,Aggregates,,,,-0.23830190484745706,-0.20392637224748214,-0.3570033185908139,1.3072731656249397,-0.5013719821447012,-0.6327862523109017,-0.10435277741940273,6,18,13,18,0.7222222222222222,-0.10435277741940273,Medium
Latin America & the Caribbean (IDA & IBRD countries),TLA,2024,Aggregates,,,,-0.23766883866966815,-0.20105916250756498,-0.3567869033051767,1.3614715193185989,-0.500912671645973,-0.6327959974487906,-0.09462534237642907,6,18,13,18,0.7222222222222222,-0.09462534237642907,Medium
Latvia,LVA,2024,Europe & Central Asia,,,,-0.2137845408585708,-0.1779219260998898,-0.3560764808543299,1.4254605105785225,-0.41496359080476414,-0.6310811338891956,-0.06139452698803794,6,18,12,18,0.6666666666666666,-0.06139452698803794,Medium
Least developed countries: UN classification,LDC,2024,Aggregates,,,,-0.3408897600514444,-0.3315431822846094,-0.36616425929601465,0.013677960739532377,-0.5017048836665116,-0.6338061901828594,-0.36007171912365116,6,18,11,18,0.6111111111111112,-0.36007171912365116,Medium
Lebanon,LBN,2024,"Middle East, North Africa, Afghanistan & Pakistan","Middle East, North Africa, Afghanistan & Pakistan (excluding high income)",,,-0.23959198469784493,-0.2480239445048955,-0.35450343416825664,-0.062157261168086585,-0.46858740625418543,-0.6326365810815383,-0.3342501019791346,6,18,9,18,0.5,-0.3342501019791346,Low
Lesotho,LSO,2024,Sub-Saharan Africa ,Sub-Saharan Africa (excluding high income),,,-0.33543700060796505,-0.21898784678647487,-0.3754122608631958,-0.28607839360784165,-0.38972748270893326,-0.6332132357472663,-0.37314270338694616,6,18,11,18,0.6111111111111112,-0.37314270338694616,Medium
Liberia,LBR,2024,Sub-Saharan Africa ,Sub-Saharan Africa (excluding high income),,,-0.2898225708321082,-0.21934070350294452,-0.3707151173866834,-0.10660052017175459,-0.47289910522853157,-0.6338061901828594,-0.3488640345508136,6,18,5,18,0.2777777777777778,-0.3488640345508136,Low
Libya,LBY,2024,"Middle East, North Africa, Afghanistan & Pakistan","Middle East, North Africa, Afghanistan & Pakistan (excluding high income)",,,-0.23822155666132186,-0.21934070350294452,-0.3615854728522426,0.28315868729276245,-0.40857473650645515,-0.6331196772983061,-0.2629472432547513,6,18,6,18,0.3333333333333333,-0.2629472432547513,Low
Liechtenstein,LIE,2024,Europe & Central Asia,,,,-0.17492197151953526,-0.21934070350294452,-0.34801191131240494,1.3745909986553524,-0.47255931716352695,-0.6336159208697866,-0.07897647095214098,6,18,7,18,0.3888888888888889,-0.07897647095214098,Low
Lithuania,LTU,2024,Europe & Central Asia,,,,-0.19716712629585387,-0.18175296450123915,-0.3552816676603046,1.5330440344028704,-0.4018455494613989,-0.6326561214467737,-0.039276565827116645,6,18,12,18,0.6666666666666666,-0.039276565827116645,Medium
Low & middle income,LMY,2024,Aggregates,,,,-0.2387583625426226,-0.25670069468634316,-0.36064831416358817,1.2636130445531744,-0.4979803999114112,-0.6331125270839063,-0.12059787563911618,6,18,10,18,0.5555555555555556,-0.12059787563911618,Low
Luxembourg,LUX,2024,Europe & Central Asia,,,,-0.19723805161971275,-0.23311511579275693,-0.3490547872230368,1.3742309344989436,-0.18888286605184312,-0.633689529907873,-0.037958236016046476,6,18,10,18,0.5555555555555556,-0.037958236016046476,Low
"Macao SAR, China",MAC,2024,East Asia & Pacific,,,,-0.12962339871143166,-0.12358567506962871,-0.3489130370992615,1.3745909986553524,-0.3979152326279929,-0.6333007513789135,-0.04312451603864598,6,18,11,18,0.6111111111111112,-0.04312451603864598,Medium
Madagascar,MDG,2024,Sub-Saharan Africa ,Sub-Saharan Africa (excluding high income),,,-0.30389085834440893,-0.21934070350294452,-0.36914698132989815,-0.2874754279150463,-0.49058338209646685,-0.6338061901828594,-0.38404059056193735,6,18,8,18,0.4444444444444444,-0.38404059056193735,Low
Malawi,MWI,2024,Sub-Saharan Africa ,Sub-Saharan Africa (excluding high income),,,-0.37092562077843655,-0.21934070350294452,-0.36528008857835476,-0.384237665404842,-0.5096364345687586,-0.6338061901828594,-0.41387111716936603,6,18,10,18,0.5555555555555556,-0.41387111716936603,Low
Malaysia,MYS,2024,East Asia & Pacific,East Asia & Pacific (excluding high income),,,-0.20184175513689237,-0.2457875159274974,-0.35566993643683814,1.4240979898609443,-0.40564572437925767,-0.6333213136007622,-0.06969470927005059,6,18,12,18,0.6666666666666666,-0.06969470927005059,Medium
Maldives,MDV,2024,South Asia,South Asia,,,-0.19997957583097595,-0.21934070350294452,-0.3510371373915109,1.4170214223515256,-0.3865276438853171,-0.6324100962522494,-0.0620456224185787,6,18,9,18,0.5,-0.0620456224185787,Low
Mali,MLI,2024,Sub-Saharan Africa ,Sub-Saharan Africa (excluding high income),,,-0.28508194526744324,-0.2758807734393191,-0.3724264716935259,-0.09830632554522567,-0.49848188759643114,-0.6338061901828594,-0.3606639322874674,6,18,7,18,0.3888888888888889,-0.3606639322874674,Low
Malta,MLT,2024,"Middle East, North Africa, Afghanistan & Pakistan",,,,-0.17153190053746026,-0.21934070350294452,-0.3493028499396434,1.562567749238336,-0.32288634801127963,-0.6338061901828594,-0.022383373822641873,6,18,10,18,0.5555555555555556,-0.022383373822641873,Low
Marshall Islands,MHL,2024,East Asia & Pacific,East Asia & Pacific (excluding high income),,,-0.2548667306892354,-0.24094711882943412,-0.3657844658937735,0.10101889710531083,-0.422382170398144,-0.6285783345207298,-0.3019233205376676,6,18,8,18,0.4444444444444444,-0.3019233205376676,Low
Mauritania,MRT,2024,Sub-Saharan Africa ,Sub-Saharan Africa (excluding high income),,,-0.318524043011978,-0.21934070350294452,-0.3640845275343994,-0.06589277031216138,-0.45162974739418554,-0.6338061901828594,-0.3422129969897547,6,18,8,18,0.4444444444444444,-0.3422129969897547,Low
Mauritius,MUS,2024,Sub-Saharan Africa ,Sub-Saharan Africa (excluding high income),,,-0.178248048525135,-0.2273926479074889,-0.35881656137194873,1.3631198578552757,-0.39587269568745564,-0.6318159219636739,-0.07150433626673774,6,18,11,18,0.6111111111111112,-0.07150433626673774,Medium
Mexico,MEX,2024,Latin America & Caribbean ,Latin America & Caribbean (excluding high income),,,-0.23285777048056056,-0.20639249741557397,-0.3572858119103091,0.3954010685769833,-0.473399206910653,-0.6328565058634545,-0.251231787333928,6,18,13,18,0.7222222222222222,-0.251231787333928,Medium
"Micronesia, Fed. Sts.",FSM,2024,East Asia & Pacific,East Asia & Pacific (excluding high income),,,-0.2822569101564176,-0.21934070350294452,-0.36549180251322194,0.0816682142782142,-0.4501983893627372,-0.6325417857229286,-0.3113602294966726,6,18,6,18,0.3333333333333333,-0.3113602294966726,Low
"Middle East, North Africa, Afghanistan & Pakistan",MEA,2024,Aggregates,,,,-0.28055128861431916,-0.2850437187249026,-0.3603463106676157,1.090231768802357,-0.4883999007395934,-0.6338061901828594,-0.1596526066878222,6,18,13,18,0.7222222222222222,-0.1596526066878222,Medium
"Middle East, North Africa, Afghanistan & Pakistan (IDA & IBRD)",TMN,2024,Aggregates,,,,-0.29262105852855663,-0.21934070350294452,-0.3611884878926353,0.9246276026950434,-0.4935022793317468,-0.6338061901828594,-0.17930518612394986,6,18,9,18,0.5,-0.17930518612394986,Low
"Middle East, North Africa, Afghanistan & Pakistan (excluding high income)",MNA,2024,Aggregates,,,,-0.2926106803944945,-0.21934070350294452,-0.36120543972144376,0.9203632876084243,-0.4935079721265386,-0.6338061901828594,-0.18001794971997606,6,18,9,18,0.5,-0.18001794971997606,Low
Middle income,MIC,2024,Aggregates,,,,-0.2387583625426226,-0.24440237778756693,-0.3597676312348736,1.3009750574602275,-0.49773160277469214,-0.6328949763143243,-0.11209664886564201,6,18,9,18,0.5,-0.11209664886564201,Low
Moldova,MDA,2024,Europe & Central Asia,Europe & Central Asia (excluding high income),,,-0.22690181054255995,-0.188419557803589,-0.361366494223532,1.3060747224745861,-0.45723982991359396,-0.6296851782648066,-0.09292302471224922,6,18,12,18,0.6666666666666666,-0.09292302471224922,Medium
Monaco,MCO,2024,Europe & Central Asia,,,,-0.19053781573685027,-0.12410371723477803,-0.34562805391833756,1.3745909986553524,-0.46498934973005107,-0.6311851168595285,-0.06364217580403218,6,18,10,18,0.5555555555555556,-0.06364217580403218,Low
Mongolia,MNG,2024,East Asia & Pacific,East Asia & Pacific (excluding high income),,,-0.2118612662766711,-0.19366087096559012,-0.3602601345074665,1.3158099969369366,-0.40452913219936376,-0.6333475848976892,-0.08130816531830735,6,18,11,18,0.6111111111111112,-0.08130816531830735,Medium
Montenegro,MNE,2024,Europe & Central Asia,Europe & Central Asia (excluding high income),,,-0.1067328235405649,-0.21934070350294452,-0.3545602607803773,1.4319566854898158,-0.43479173562858087,-0.6320539042966651,-0.05258712370988614,6,18,10,18,0.5555555555555556,-0.05258712370988614,Low
Morocco,MAR,2024,"Middle East, North Africa, Afghanistan & Pakistan","Middle East, North Africa, Afghanistan & Pakistan (excluding high income)",,,-0.2015009570420829,-0.2256639893302307,-0.3570481526402867,0.4812063182212,-0.45362459912564224,-0.6330641835866623,-0.23161592725061744,6,18,11,18,0.6111111111111112,-0.23161592725061744,Medium
Mozambique,MOZ,2024,Sub-Saharan Africa ,Sub-Saharan Africa (excluding high income),,,-0.38974579207802074,-0.21934070350294452,-0.3691864182393341,-0.33393232839519343,-0.4537516574458465,-0.6338061901828594,-0.3999605149740331,6,18,10,18,0.5555555555555556,-0.3999605149740331,Low
Myanmar,MMR,2024,East Asia & Pacific,East Asia & Pacific (excluding high income),,,-0.25642632902299267,-0.21934070350294452,-0.36576370962564925,-0.11447879897006885,-0.47646864416905244,-0.632754434961426,-0.344205436708689,6,18,7,18,0.3888888888888889,-0.344205436708689,Low
Namibia,NAM,2024,Sub-Saharan Africa ,Sub-Saharan Africa (excluding high income),,,-0.30391855827383435,-0.22917270572129547,-0.36532679018163433,0.370157482818899,-0.43855387429794607,-0.6338061901828594,-0.2667701059731118,6,18,10,18,0.5555555555555556,-0.2667701059731118,Low
Naoero,NRU,2024,East Asia & Pacific,,,,-0.2371243749316456,-0.2192546661438962,-0.3707618189899629,0.5133641361673992,-0.38469037059773953,-0.6326819127980804,-0.2218581678823209,6,18,8,18,0.4444444444444444,-0.2218581678823209,Low
Nepal,NPL,2024,South Asia,South Asia,,,-0.3004309607509544,-0.25315363463809293,-0.3620888123542551,0.3778549743212776,-0.5065136382852913,-0.6319022180527242,-0.2793723816266734,6,18,11,18,0.6111111111111112,-0.2793723816266734,Medium
Netherlands,NLD,2024,Europe & Central Asia,,,,-0.1838957699858451,-0.21934070350294452,-0.3503305383370136,1.3745489738498469,-0.39196367840746693,-0.6327279275645995,-0.06728494065800379,6,18,9,18,0.5,-0.06728494065800379,Low
New Caledonia,NCL,2024,East Asia & Pacific,,,,-0.2387583625426226,-0.21934070350294452,-0.3534905282837944,1.3713377498341968,-0.5120338068381077,-0.6330412421923558,-0.09755448225427138,6,18,6,18,0.3333333333333333,-0.09755448225427138,Low
New Zealand,NZL,2024,East Asia & Pacific,,,,-0.19101802763917505,-0.17034411937838423,-0.35028497579722867,1.3745909986553524,-0.5013528297824883,-0.6338061901828594,-0.07870252402079723,6,18,11,18,0.6111111111111112,-0.07870252402079723,Medium
Nicaragua,NIC,2024,Latin America & Caribbean ,Latin America & Caribbean (excluding high income),,,-0.2828937523178394,-0.21934070350294452,-0.3574560133089278,-0.02256138671420313,-0.44700431293696136,-0.6334523712156168,-0.32711808999941555,6,18,8,18,0.4444444444444444,-0.32711808999941555,Low
Niger,NER,2024,Sub-Saharan Africa ,Sub-Saharan Africa (excluding high income),,,-0.38342676336222253,-0.29361075462850666,-0.3716398091316177,-0.11468507225689069,-0.5218570967306203,-0.6338061901828594,-0.3865042810487862,6,18,9,18,0.5,-0.3865042810487862,Low
Nigeria,NGA,2024,Sub-Saharan Africa ,Sub-Saharan Africa (excluding high income),,,-0.34628426972723036,-0.239785620479208,-0.3786948646670421,-0.2972022966926439,-0.4727705829079835,-0.6338061901828594,-0.39475730410949456,6,18,10,18,0.5555555555555556,-0.39475730410949456,Low
North America,NAC,2024,Aggregates,,,,-0.2084751475529442,-0.18522842639161685,-0.35316046179318406,1.371888965549088,-0.5210523230852443,-0.6324584804181684,-0.08808097894867829,6,18,12,18,0.6666666666666666,-0.08808097894867829,Medium
North Macedonia,MKD,2024,Europe & Central Asia,Europe & Central Asia (excluding high income),,,-0.22192594055662784,-0.21934070350294452,-0.355882080684581,1.493243554852942,-0.4073883655598669,-0.6318580996334094,-0.05719193918074796,6,18,10,18,0.5555555555555556,-0.05719193918074796,Low
Northern Mariana Islands,MNP,2024,East Asia & Pacific,,,,-0.2387583625426226,-0.21934070350294452,-0.35346354513523287,1.3553442773037971,-0.47255931716352695,-0.6300466824369318,-0.09313738891291028,6,18,4,18,0.2222222222222222,-0.09313738891291028,Low
Norway,NOR,2024,Europe & Central Asia,,,,-0.1994753208681268,-0.14929588705478158,-0.3490902247539806,1.3736180310098078,-0.46910633488213516,-0.6330403424628925,-0.07106501316868481,6,18,11,18,0.6111111111111112,-0.07106501316868481,Medium
OECD members,OED,2024,Aggregates,,,,-0.2387583625426226,-0.17809800409158372,-0.3519570858000954,1.3516610797689095,-0.49197200227620225,-0.6327239665006241,-0.09030805690703643,6,18,7,18,0.3888888888888889,-0.09030805690703643,Low
Oman,OMN,2024,"Middle East, North Africa, Afghanistan & Pakistan",,,,-0.22706491096907602,-0.22651342629474502,-0.35211542552056446,0.19109480645143684,-0.4347336100433877,-0.6338061901828594,-0.2805231260931993,6,18,11,18,0.6111111111111112,-0.2805231260931993,Medium
Other small states,OSS,2024,Aggregates,,,,-0.2387583625426226,-0.25384612667897594,-0.35879085304000347,1.4520203496365542,-0.39706420299708317,-0.6329390496093702,-0.07156304087191685,6,18,8,18,0.4444444444444444,-0.07156304087191685,Low
Pacific island small states,PSS,2024,Aggregates,,,,-0.2387583625426226,-0.2517178134158186,-0.36332966675072687,0.3388705076879697,-0.43828010479027985,-0.6333296046171023,-0.2644241740714301,6,18,7,18,0.3888888888888889,-0.2644241740714301,Low
Pakistan,PAK,2024,"Middle East, North Africa, Afghanistan & Pakistan","Middle East, North Africa, Afghanistan & Pakistan (excluding high income)",,,-0.3218738534819742,-0.3076829361466685,-0.3650330889876765,-0.27787844230152325,-0.5219745020033086,-0.633621251900718,-0.40467734580364484,6,18,13,18,0.7222222222222222,-0.40467734580364484,Medium
Palau,PLW,2024,East Asia & Pacific,,,,-0.23617602574234442,-0.19514970089617636,-0.36338919255223784,1.3650173955486335,-0.42969439434846085,-0.6318670592649465,-0.08187649620925538,6,18,9,18,0.5,-0.08187649620925538,Low
Panama,PAN,2024,Latin America & Caribbean ,,,,-0.24775179577989034,-0.21299171755233326,-0.35260423563488996,1.3516610797689095,-0.4638298446529008,-0.6333687011618673,-0.09314753583549536,6,18,8,18,0.4444444444444444,-0.09314753583549536,Low
Papua New Guinea,PNG,2024,East Asia & Pacific,East Asia & Pacific (excluding high income),,,-0.40257804227360694,-0.21934070350294452,-0.36663443507346055,-0.02864628197563048,-0.47263905358964814,-0.6338061901828594,-0.35394078443302507,6,18,7,18,0.3888888888888889,-0.35394078443302507,Low
Paraguay,PRY,2024,Latin America & Caribbean ,Latin America & Caribbean (excluding high income),,,-0.23861222113543482,-0.227176074789311,-0.35861628869707207,0.8919397905369006,-0.46865492731862785,-0.6333356360538346,-0.1724092262428966,6,18,11,18,0.6111111111111112,-0.1724092262428966,Medium
Peru,PER,2024,Latin America & Caribbean ,Latin America & Caribbean (excluding high income),,,-0.2360607764192494,-0.19816038018954352,-0.3545075854218815,0.6201580294931245,-0.49606269214984405,-0.6331897170159556,-0.2163038536172249,6,18,13,18,0.7222222222222222,-0.2163038536172249,Medium
Philippines,PHL,2024,East Asia & Pacific,East Asia & Pacific (excluding high income),,,-0.2656994608625569,-0.2313298692167146,-0.3628049036045409,-0.014101073952383858,-0.47879452808889117,-0.6329113913971275,-0.33094020452036915,6,18,11,18,0.6111111111111112,-0.33094020452036915,Medium
Poland,POL,2024,Europe & Central Asia,,,,-0.20108345382805384,-0.17312071680887894,-0.35402110405958936,1.5734254104761174,-0.44450561522766135,-0.6316915093519149,-0.03849949813333015,6,18,12,18,0.6666666666666666,-0.03849949813333015,Medium
Portugal,PRT,2024,Europe & Central Asia,,,,-0.19496183323165583,-0.21934070350294452,-0.3498976942090572,1.6118277130204575,-0.45798294930221867,-0.6331913590443315,-0.04059113771162504,6,18,10,18,0.5555555555555556,-0.04059113771162504,Low
Post-demographic dividend,PST,2024,Aggregates,,,,-0.2387583625426226,-0.178438283243083,-0.35121625723323574,1.3516610797689095,-0.48991033462094985,-0.6327037113427117,-0.08989431153561556,6,18,7,18,0.3888888888888889,-0.08989431153561556,Low
Pre-demographic dividend,PRE,2024,Aggregates,,,,-0.2387583625426226,-0.29100312696962066,-0.370684248430115,-0.05360114463445292,-0.4740031354364402,-0.6338061901828594,-0.34364270136601843,6,18,6,18,0.3333333333333333,-0.34364270136601843,Low
Puerto Rico (US),PRI,2024,Latin America & Caribbean ,,,,-0.21780221931877078,-0.22966490829192954,-0.35039680651987853,0.39074047941484463,-0.45063734909043895,-0.632013325248257,-0.2482956881757384,6,18,9,18,0.5,-0.2482956881757384,Low
Qatar,QAT,2024,"Middle East, North Africa, Afghanistan & Pakistan",,,,-0.18909356924658546,-0.22106720209963418,-0.3497533622080275,0.360288759563058,-0.4765207312412847,-0.6338061901828594,-0.25165871590255556,6,18,10,18,0.5555555555555556,-0.25165871590255556,Low
Romania,ROU,2024,Europe & Central Asia,,,,-0.20634250847436353,-0.21934070350294452,-0.35604610582780655,1.3504311659034933,-0.47104135264646824,-0.63200415099418,-0.08905727592371156,6,18,10,18,0.5555555555555556,-0.08905727592371156,Low
Russian Federation,RUS,2024,Europe & Central Asia,,,,-0.14333980686430942,-0.21149563084724401,-0.35917827731279645,1.34995406538985,-0.5060388913942947,-0.6319415950970304,-0.08367335602097083,6,18,10,18,0.5555555555555556,-0.08367335602097083,Low
Rwanda,RWA,2024,Sub-Saharan Africa ,Sub-Saharan Africa (excluding high income),,,-0.3323273722198664,-0.3086531862905056,-0.3648068456651225,-0.11285438548783328,-0.47263770409382966,-0.6338061901828594,-0.3708476139900028,6,18,11,18,0.6111111111111112,-0.3708476139900028,Medium
Samoa,WSM,2024,East Asia & Pacific,East Asia & Pacific (excluding high income),,,-0.2387583625426226,-0.25753587037028963,-0.36085381440086356,0.3883522036925065,-0.46539459947236234,-0.6327020684876025,-0.26114875193020565,6,18,8,18,0.4444444444444444,-0.26114875193020565,Low
San Marino,SMR,2024,Europe & Central Asia,,,,-0.22224161190441002,-0.24667354802646976,-0.34633376703456126,1.5449486021626606,-0.47255931716352695,-0.6324125584470842,-0.06254536673556527,6,18,8,18,0.4444444444444444,-0.06254536673556527,Low
Sao Tome and Principe,STP,2024,Sub-Saharan Africa ,Sub-Saharan Africa (excluding high income),,,-0.33331542247059004,-0.21934070350294452,-0.3628474539541955,-0.3229185959139238,-0.5067754529946052,-0.6338061901828594,-0.39650063650318645,6,18,10,18,0.5555555555555556,-0.39650063650318645,Low
Saudi Arabia,SAU,2024,"Middle East, North Africa, Afghanistan & Pakistan",,,,-0.14748082932708148,-0.15903621277160243,-0.35342722166601553,0.36286470429048756,-0.49539145214017316,-0.6338061901828594,-0.23771286696620741,6,18,12,18,0.6666666666666666,-0.23771286696620741,Medium
Senegal,SEN,2024,Sub-Saharan Africa ,Sub-Saharan Africa (excluding high income),,,-0.2674120092192287,-0.2582583441602644,-0.3638655489056888,-0.11085879886971138,-0.47718891471551067,-0.6338061901828594,-0.3518983010088772,6,18,10,18,0.5555555555555556,-0.3518983010088772,Low
Serbia,SRB,2024,Europe & Central Asia,Europe & Central Asia (excluding high income),,,-0.20842575519365733,-0.2025669540284444,-0.3565548875220712,1.6588795809106471,-0.4315273855288719,-0.6314777934098649,-0.028612199128710426,6,18,12,18,0.6666666666666666,-0.028612199128710426,Medium
Seychelles,SYC,2024,Sub-Saharan Africa ,,,,-0.20827616867167772,-0.28046948360917273,-0.3562156997258948,1.3202383719970323,-0.36757838219677685,-0.6334155180385584,-0.08761948004084136,6,18,12,18,0.6666666666666666,-0.08761948004084136,Medium
Sierra Leone,SLE,2024,Sub-Saharan Africa ,Sub-Saharan Africa (excluding high income),,,-0.2972207286004646,-0.21934070350294452,-0.3710887302129195,-0.17787357237408832,-0.5079167809620576,-0.6338061901828594,-0.3678744509725557,6,18,7,18,0.3888888888888889,-0.3678744509725557,Low
Singapore,SGP,2024,East Asia & Pacific,,,,-0.15852125524749816,-0.21934070350294452,-0.348897849586,1.3745909986553524,-0.22364468698776388,-0.6338061901828594,-0.0349366144752856,6,18,9,18,0.5,-0.0349366144752856,Low
Sint Maarten (Dutch part),SXM,2024,Latin America & Caribbean ,,,,-0.2387583625426226,-0.21934070350294452,-0.35597401576485804,1.1487393468796443,-0.47313764838162403,-0.6335034509773688,-0.12866247238162895,6,18,4,18,0.2222222222222222,-0.12866247238162895,Low
Slovak Republic,SVK,2024,Europe & Central Asia,,,,-0.18899917787898765,-0.21580490252315196,-0.35406160409495374,1.3741463546777766,-0.3723875718429102,-0.6319652030819928,-0.06484535079070329,6,18,11,18,0.6111111111111112,-0.06484535079070329,Medium
Slovenia,SVN,2024,Europe & Central Asia,,,,-0.19704081609446153,-0.21934070350294452,-0.3499989442974681,1.3741495068140754,-0.38918124721552516,-0.6323936298251668,-0.06896763902024844,6,18,9,18,0.5,-0.06896763902024844,Low
Small states,SST,2024,Aggregates,,,,-0.22155159647120667,-0.2670453915077456,-0.35951967698358883,1.4520203496365542,-0.4016648957092139,-0.6328912461811611,-0.0717754095360603,6,18,12,18,0.6666666666666666,-0.0717754095360603,Medium
Solomon Islands,SLB,2024,East Asia & Pacific,East Asia & Pacific (excluding high income),,,-0.29313620495583437,-0.21934070350294452,-0.3620286191766948,-0.25648682125707106,-0.4360074969020979,-0.6338061901828594,-0.3668010059962504,6,18,7,18,0.3888888888888889,-0.3668010059962504,Low
"Somalia, Fed. Rep.",SOM,2024,Sub-Saharan Africa ,Sub-Saharan Africa (excluding high income),,,-0.29427831871315124,-0.21934070350294452,-0.3741990569913347,-0.10557587300690074,-0.41635533103728983,-0.6338061901828594,-0.34059257890574673,6,18,6,18,0.3333333333333333,-0.34059257890574673,Low
South Africa,ZAF,2024,Sub-Saharan Africa ,Sub-Saharan Africa (excluding high income),,,-0.18958503487908648,-0.21826137265139423,-0.36657631752271275,1.3413888195480554,-0.48894030678735384,-0.633351332717184,-0.09255425750161266,6,18,10,18,0.5555555555555556,-0.09255425750161266,Low
South Asia,SAS,2024,Aggregates,,,,-0.30683910219365146,-0.26758123853206844,-0.36009209937212,1.0416540753186372,-0.5000709844588012,-0.6329745701855133,-0.17098398657058622,6,18,13,18,0.7222222222222222,-0.17098398657058622,Medium
South Asia (IDA & IBRD),TSA,2024,Aggregates,,,,-0.30683910219365146,-0.26758123853206844,-0.36009209937212,1.0416540753186372,-0.5000709844588012,-0.6329745701855133,-0.17098398657058622,6,18,12,18,0.6666666666666666,-0.17098398657058622,Medium
South Sudan,SSD,2024,Sub-Saharan Africa ,Sub-Saharan Africa (excluding high income),,,-0.2387583625426226,-0.1874900245966964,-0.3754745296675684,-0.3751839664358417,-0.47255931716352695,-0.6338061901828594,-0.38054539843151924,6,18,5,18,0.2777777777777778,-0.38054539843151924,Low
Spain,ESP,2024,Europe & Central Asia,,,,-0.1872910894952231,-0.1487212067491274,-0.3483359115953197,1.589306542791415,-0.47708727275498664,-0.6331143982029416,-0.03420722266769721,6,18,12,18,0.6666666666666666,-0.03420722266769721,Medium
Sri Lanka,LKA,2024,South Asia,South Asia,,,-0.2595698026551068,-0.2166112531361045,-0.3547867572281523,0.31343862395966976,-0.5026825491592058,-0.6314831608820429,-0.2752824831834904,6,18,10,18,0.5555555555555556,-0.2752824831834904,Low
St. Kitts and Nevis,KNA,2024,Latin America & Caribbean ,,,,-0.24348378497113732,-0.21934070350294452,-0.36038160930103746,1.3516610797689095,-0.47463398461283735,-0.6322430598554934,-0.0964036770790901,6,18,5,18,0.2777777777777778,-0.0964036770790901,Low
St. Lucia,LCA,2024,Latin America & Caribbean ,Latin America & Caribbean (excluding high income),,,-0.25249096841616475,-0.2230386477497374,-0.3597952447265281,0.6420488408566151,-0.47009753835875084,-0.6323199283593798,-0.21594891445899092,6,18,6,18,0.3333333333333333,-0.21594891445899092,Low
St. Martin (French part),MAF,2024,Latin America & Caribbean ,,,,-0.2387583625426226,-0.21934070350294452,-0.3519161653465719,1.3710888780793777,-0.47255931716352695,-0.6266905793885719,-0.08969604164414334,6,18,4,18,0.2222222222222222,-0.08969604164414334,Low
St. Vincent and the Grenadines,VCT,2024,Latin America & Caribbean ,Latin America & Caribbean (excluding high income),,,-0.2404759569958788,-0.18463482710485402,-0.36131460355322137,0.15839582979474062,-0.4697948218594606,-0.6313278782672188,-0.28819204299764883,6,18,8,18,0.4444444444444444,-0.28819204299764883,Low
Sub-Saharan Africa ,SSF,2024,Aggregates,,,,-0.3342581323857541,-0.2888175602833482,-0.37021729721484703,0.7700483342004755,-0.49323752716433694,-0.6338061901828594,-0.2250480621717784,6,18,12,18,0.6666666666666666,-0.2250480621717784,Medium
Sub-Saharan Africa (IDA & IBRD countries),TSS,2024,Aggregates,,,,-0.33456947640761747,-0.2888175602833482,-0.37021729721484703,0.7700483342004755,-0.49323752716433694,-0.6338061901828594,-0.22509995284208895,6,18,11,18,0.6111111111111112,-0.22509995284208895,Medium
Sub-Saharan Africa (excluding high income),SSA,2024,Aggregates,,,,-0.33028330703996484,-0.2888296033908833,-0.3702186145742756,0.7587380362744148,-0.4933765045510567,-0.6338061901828594,-0.22629603057743752,6,18,11,18,0.6111111111111112,-0.22629603057743752,Medium
Sudan,SDN,2024,Sub-Saharan Africa ,Sub-Saharan Africa (excluding high income),,,-0.2387583625426226,-0.21934070350294452,-0.3663594145208146,-0.1176091086013538,-0.5518583869351191,-0.6328935106271582,-0.3544699144550021,6,18,5,18,0.2777777777777778,-0.3544699144550021,Low
Suriname,SUR,2024,Latin America & Caribbean ,Latin America & Caribbean (excluding high income),,,-0.21109845800094149,-0.2715048030151586,-0.35884979671346956,1.2589510975887837,-0.47390574936907165,-0.6329656180920088,-0.11489555460031105,6,18,9,18,0.5,-0.11489555460031105,Low
Sweden,SWE,2024,Europe & Central Asia,,,,-0.17527380384009816,-0.14492739033891625,-0.3481536614361802,1.3743427502298704,-0.44147494579711183,-0.6323798541327653,-0.06131115088586689,6,18,11,18,0.6111111111111112,-0.06131115088586689,Medium
Switzerland,CHE,2024,Europe & Central Asia,,,,-0.17838317708331683,-0.18746797723776745,-0.34779675487453193,1.3711662111853806,-0.4168153241430938,-0.6334089243440806,-0.06545099108290167,6,18,11,18,0.6111111111111112,-0.06545099108290167,Medium
Syrian Arab Republic,SYR,2024,"Middle East, North Africa, Afghanistan & Pakistan","Middle East, North Africa, Afghanistan & Pakistan (excluding high income)",,,-0.2858402734538034,-0.2740267437317996,-0.3600920593607045,-0.0019008829237239233,-0.47255931716352695,-0.6338061901828594,-0.3380375778027363,6,18,5,18,0.2777777777777778,-0.3380375778027363,Low
Tajikistan,TJK,2024,Europe & Central Asia,Europe & Central Asia (excluding high income),,,-0.26537189538508005,-0.2418788694256719,-0.3607489952468363,0.2957285984106217,-0.4842720989952482,-0.6338061901828594,-0.2817249084708457,6,18,11,18,0.6111111111111112,-0.2817249084708457,Medium
Tanzania,TZA,2024,Sub-Saharan Africa ,Sub-Saharan Africa (excluding high income),,,-0.298632388988151,-0.26999749816134755,-0.3656422854571226,-0.32466304726894574,-0.5066571071885818,-0.6338061901828594,-0.3998997528745014,6,18,11,18,0.6111111111111112,-0.3998997528745014,Medium
Thailand,THA,2024,East Asia & Pacific,East Asia & Pacific (excluding high income),,,-0.18610658514262837,-0.22636508222052565,-0.35593665448223444,1.4114153648080743,-0.4082090591025828,-0.630253113054712,-0.06590918819910149,6,18,12,18,0.6666666666666666,-0.06590918819910149,Medium
Timor-Leste,TLS,2024,East Asia & Pacific,East Asia & Pacific (excluding high income),,,-0.2572672806453909,-0.21934070350294452,-0.3649241185800243,0.15479701268963622,-0.45487151633856043,-0.6332733121106067,-0.2958133197479818,6,18,7,18,0.3888888888888889,-0.2958133197479818,Low
Togo,TGO,2024,Sub-Saharan Africa ,Sub-Saharan Africa (excluding high income),,,-0.3362692713385993,-0.21934070350294452,-0.3700810133954883,-0.29682138181596107,-0.4703986005452081,-0.6338061901828594,-0.3877861934635101,6,18,9,18,0.5,-0.3877861934635101,Low
Tonga,TON,2024,East Asia & Pacific,East Asia & Pacific (excluding high income),,,-0.25328312934463343,-0.21830771039954514,-0.35956277452353674,0.8359513687011192,-0.46945554920619853,-0.6316350139439624,-0.18271546811945952,6,18,8,18,0.4444444444444444,-0.18271546811945952,Low
Trinidad and Tobago,TTO,2024,Latin America & Caribbean ,,,,-0.22597682983408532,-0.24500528404884994,-0.3589950905903392,0.36934490931146885,-0.4722290080485359,-0.6321170093553601,-0.2608297187609503,6,18,10,18,0.5555555555555556,-0.2608297187609503,Low
Tunisia,TUN,2024,"Middle East, North Africa, Afghanistan & Pakistan","Middle East, North Africa, Afghanistan & Pakistan (excluding high income)",,,-0.24558634997203377,-0.21934070350294452,-0.35578409591152144,0.8149917638627442,-0.4408427214436419,-0.6327047801500517,-0.17987781451957488,6,18,10,18,0.5555555555555556,-0.17987781451957488,Low
Turkiye,TUR,2024,Europe & Central Asia,Europe & Central Asia (excluding high income),,,-0.23574215135849927,-0.21934070350294452,-0.35504724839311136,2.103645670920155,-0.4923024355889587,-0.6322886805345488,0.028154075257015427,6,18,9,18,0.5,0.028154075257015427,Low
Turkmenistan,TKM,2024,Europe & Central Asia,Europe & Central Asia (excluding high income),,,-0.2387583625426226,-0.24963332797719526,-0.36254026118595695,0.092881227652492,-0.5177508195704614,-0.6338061901828594,-0.31826795563443394,6,18,8,18,0.4444444444444444,-0.31826795563443394,Low
Turks and Caicos Islands,TCA,2024,Latin America & Caribbean ,,,,-0.2387583625426226,-0.1899721138000101,-0.35425851020439075,0.7399506120034208,-0.4697130731189767,-0.6328088746990833,-0.19092672039361044,6,18,6,18,0.3333333333333333,-0.19092672039361044,Low
Tuvalu,TUV,2024,East Asia & Pacific,East Asia & Pacific (excluding high income),,,-0.2387583625426226,-0.2201432281772291,-0.3655935082270306,0.13087277458446392,-0.46936006807625635,-0.6302414700108,-0.2988706437415791,6,18,6,18,0.3333333333333333,-0.2988706437415791,Low
Uganda,UGA,2024,Sub-Saharan Africa ,Sub-Saharan Africa (excluding high income),,,-0.36675987878562727,-0.2329049204464668,-0.36431907336420316,-0.3253772443700163,-0.5046170016287866,-0.6338061901828594,-0.40463071812965995,6,18,11,18,0.6111111111111112,-0.40463071812965995,Medium
Ukraine,UKR,2024,Europe & Central Asia,Europe & Central Asia (excluding high income),,,-0.23350884112184325,-0.18913912666338817,-0.35787944117866205,1.3620006376077969,-0.4665125686689593,-0.6324043428923947,-0.08624061381957508,6,18,10,18,0.5555555555555556,-0.08624061381957508,Low
United Arab Emirates,ARE,2024,"Middle East, North Africa, Afghanistan & Pakistan",,,,-0.1055172871644291,-0.18788683129447503,-0.34918567827482994,1.3731809394651882,-0.4755640907899603,-0.6338061901828594,-0.06312985637356094,6,18,11,18,0.6111111111111112,-0.06312985637356094,Medium
United Kingdom,GBR,2024,Europe & Central Asia,,,,-0.19348885312112238,-0.21934070350294452,-0.3509314322992099,1.3744072544933854,-0.4869844857067827,-0.6331917502697667,-0.08492166173440681,6,18,9,18,0.5,-0.08492166173440681,Low
United States,USA,2024,North America,,,,-0.2065017903976938,-0.21934070350294452,-0.353522447374166,1.372066713114175,-0.5243361986005431,-0.6324409460051202,-0.09401256212771543,6,18,10,18,0.5555555555555556,-0.09401256212771543,Low
Uruguay,URY,2024,Latin America & Caribbean ,,,,-0.18180659007041866,-0.21020793840218585,-0.35414850198333236,1.8852903939318455,-0.4952748061145366,-0.6304647700142304,0.0022312978911902723,6,18,11,18,0.6111111111111112,0.0022312978911902723,Medium
Uzbekistan,UZB,2024,Europe & Central Asia,Europe & Central Asia (excluding high income),,,-0.21896156625932992,-0.20989965258938878,-0.36012526938970324,1.0166879735952956,-0.4877044176024657,-0.6338061901828594,-0.14896818707140858,6,18,13,18,0.7222222222222222,-0.14896818707140858,Medium
Vanuatu,VUT,2024,East Asia & Pacific,East Asia & Pacific (excluding high income),,,-0.25585910447049937,-0.21934070350294452,-0.36103231830673194,1.2907326491575881,-0.47453192439676456,-0.6338061901828594,-0.10897293195036861,6,18,7,18,0.3888888888888889,-0.10897293195036861,Low
"Venezuela, RB",VEN,2024,Latin America & Caribbean ,Latin America & Caribbean (excluding high income),,,-0.2958682136932419,-0.21273982872291275,-0.35997478644580266,0.13590664579493236,-0.5196179623115785,-0.6324377641215546,-0.314121984916693,6,18,9,18,0.5,-0.314121984916693,Low
Viet Nam,VNM,2024,East Asia & Pacific,East Asia & Pacific (excluding high income),,,-0.21820181401360095,-0.23515441330433298,-0.35783377738878874,1.3316056382375192,-0.36511048399326596,-0.6327097074285624,-0.07956742631517195,6,18,10,18,0.5555555555555556,-0.07956742631517195,Low
Virgin Islands (U.S.),VIR,2024,Latin America & Caribbean ,,,,-0.2387583625426226,-0.21934070350294452,-0.3515708519200466,1.373218473547749,-0.47255931716352695,-0.6315190358580726,-0.09008829957324403,6,18,4,18,0.2222222222222222,-0.09008829957324403,Low
West Bank and Gaza,PSE,2024,"Middle East, North Africa, Afghanistan & Pakistan","Middle East, North Africa, Afghanistan & Pakistan (excluding high income)",,,-0.24858827023486293,-0.2112157066335715,-0.3635656208312938,0.2371563633796362,-0.4765207312412847,-0.6338061901828594,-0.2827566926240394,6,18,9,18,0.5,-0.2827566926240394,Low
World,WLD,2024,Aggregates,,,,-0.25406629048780677,-0.24605052178981926,-0.3591353838500042,1.3472639337030803,-0.49132308094847454,-0.6330533863019618,-0.10606078827916439,6,18,13,18,0.7222222222222222,-0.10606078827916439,Medium
"Yemen, Rep.",YEM,2024,"Middle East, North Africa, Afghanistan & Pakistan","Middle East, North Africa, Afghanistan & Pakistan (excluding high income)",,,-0.2387583625426226,-0.21934070350294452,-0.36333107500149,-0.10452460707558338,-0.47255931716352695,-0.6338061901828594,-0.3387200425781711,6,18,3,18,0.16666666666666666,-0.3387200425781711,Low
Zambia,ZMB,2024,Sub-Saharan Africa ,Sub-Saharan Africa (excluding high income),,,-0.3311907946899761,-0.27432563608311084,-0.36635214982697106,-0.2517166408502463,-0.4863010148913858,-0.6338061901828594,-0.3906154044207582,6,18,11,18,0.6111111111111112,-0.3906154044207582,Medium
Zimbabwe,ZWE,2024,Sub-Saharan Africa ,Sub-Saharan Africa (excluding high income),,,-0.3195350585249976,-0.2661261222810118,-0.36994713546608704,-0.28198678116419723,-0.5092265450813764,-0.6338061901828594,-0.39677130545008826,6,18,11,18,0.6111111111111112,-0.39677130545008826,Medium
