spec_kind,spec_id,outcome,predictor,coef,std_error,t_stat,p_value_norm_approx,ci_low_95,ci_high_95,lag,lead
baseline,twfe_l1_srv,SRV_score,DCLO_score_lag1,0.6240414323922402,0.09989869401374696,6.24674264817082,4.1910073402048927e-10,0.4282399921252962,0.8198428726591842,1,0
baseline,twfe_l1_srv,SRV_score,model_trust_tier_numeric_lag1,0.3233645968871038,0.1502152235393336,2.1526752699764238,0.03134420837485574,0.028942758750009956,0.6177864350241976,1,0
robustness,twfe_l2_outcome,SRV_score,DCLO_score_lag2,0.3188492719657007,0.09439622900934144,3.377775524636131,0.0007307470608103459,0.13383266310739145,0.50386588082401,2,0
robustness,twfe_l2_outcome,SRV_score,model_trust_tier_numeric_lag2,0.20180256519015682,0.08765404162470579,2.3022619544935807,0.021320403981389832,0.030000643605733485,0.37360448677458014,2,0
robustness,twfe_l1_srv_no_control,SRV_score,DCLO_score_lag1,0.4650001876202662,0.12124506089409458,3.835209320620785,0.0001254574026390499,0.22735986826784083,0.7026405069726915,1,0
robustness,pooled_l1,SRV_score,DCLO_score_lag1,0.998285579869549,0.025254621357600225,39.528827842398876,0.0,0.9487865220086525,1.0477846377304454,1,0
robustness,pooled_l1,SRV_score,model_trust_tier_numeric_lag1,0.5163707914069077,0.1936005640827456,2.6671967297895316,0.007648688486229966,0.1369136858047263,0.895827897009089,1,0
placebo,placebo_permuted_l1,SRV_score,DCLO_score_lag1,-0.014279212462267866,0.009167173156613485,-1.5576462032863856,0.1193171396600266,-0.032246871849230294,0.0036884469246945654,1,0
placebo,placebo_permuted_l1,SRV_score,model_trust_tier_numeric_lag1,0.01453545789444953,0.011486418661616702,1.2654473359064973,0.20571101570055297,-0.007977922682319206,0.037048838471218266,1,0
