spec_kind,spec_id,outcome,predictor,coef,std_error,t_stat,p_value_norm_approx,ci_low_95,ci_high_95,lag,lead
baseline,twfe_l1_out,OUT_score,DCLO_score_lag1,0.35772910958223036,0.3809048078211985,0.9391561939804994,0.3476505563685608,-0.38884431374731865,1.1043025329117793,1,0
baseline,twfe_l1_out,OUT_score,model_trust_tier_numeric_lag1,0.0,0.0,,,0.0,0.0,1,0
robustness,twfe_l2_outcome,OUT_score,DCLO_score_lag2,0.2897970537714899,0.3289522293824699,0.8809700250869721,0.37833404416117683,-0.35494931581815103,0.9345434233611308,2,0
robustness,twfe_l2_outcome,OUT_score,model_trust_tier_numeric_lag2,0.0,0.0,,,0.0,0.0,2,0
robustness,twfe_l1_out_no_control,OUT_score,DCLO_score_lag1,0.3577291095822306,0.38054186842689847,0.9400519082460694,0.347190935376719,-0.3881329525344904,1.1035911716989517,1,0
robustness,pooled_l1,OUT_score,DCLO_score_lag1,0.40340645752834925,0.19727967377616154,2.0448455221294837,0.040870090203737774,0.016738296927072627,0.7900746181296259,1,0
robustness,pooled_l1,OUT_score,model_trust_tier_numeric_lag1,-0.006605255647454993,0.011961488765935915,-0.5522101618542273,0.5808043729530888,-0.030049773628689387,0.0168392623337794,1,0
placebo,placebo_permuted_l1,OUT_score,DCLO_score_lag1,0.006940296088178678,0.016771720143368047,0.4138094380809856,0.6790136713894631,-0.025932275392822696,0.03981286756918005,1,0
placebo,placebo_permuted_l1,OUT_score,model_trust_tier_numeric_lag1,0.0,0.0,,,0.0,0.0,1,0
